transaction_id,date,city,locality,latitude,longitude,property_type,area_sqft,bedrooms,bathrooms,property_age_years,floor_number,total_floors,parking_spaces,furnishing,metro_distance_km,school_distance_km,hospital_distance_km,crime_index,future_infrastructure_score,historical_price_growth_pct,price_inr,monthly_rent_inr
TXN00001,2019-08-29,Ahmedabad,Prahlad Nagar,23.01437003736901,72.50456283014846,Apartment,2292.0,4,4,22,2,15,0,Furnished,2.231441224903539,2.430113997945856,2.213821643470078,6.981736434558518,82.66675161257369,10.323217367321677,30637082.0,72650.0
TXN00002,2021-06-24,Ahmedabad,Gota,23.08837433993446,72.53795102908371,Apartment,693.0,2,1,16,2,16,2,Furnished,2.7082395108468167,3.11916942225178,2.6810760818987425,13.64385511332009,83.47639566957594,9.835077283673302,5950638.0,14443.0
TXN00003,2020-08-02,Ahmedabad,Prahlad Nagar,23.015215654252287,72.50827031627796,Villa,1606.0,3,3,3,9,14,0,Semi-Furnished,2.50837742051981,2.859812428270245,1.8894673685778751,13.492967938400316,79.31213158037407,9.331691551882946,20815149.0,45474.0
TXN00004,2022-12-24,Ahmedabad,Maninagar,22.9981733889408,72.600605099711,Apartment,2046.0,3,2,20,7,12,1,Unfurnished,3.3043025374238995,2.7099415850105215,3.1868418799984433,8.05278137030517,67.97651839063003,8.084649461018492,14136521.0,33879.0
TXN00005,2019-05-29,Ahmedabad,Shela,23.00354778461374,72.463473048424,Villa,1033.0,2,3,22,1,7,2,Semi-Furnished,3.0052680518199892,4.011909343700551,2.8632967537548097,8.651238146460287,84.14392076167857,10.473267512157538,7460544.0,15490.0
TXN00006,2023-11-15,Ahmedabad,Bopal,23.02637808377856,72.46348734978385,Row House,1589.0,3,4,13,12,13,1,Semi-Furnished,2.658384234673462,3.023644961624982,2.7379186723245783,5.0,75.06380232587358,7.598753785849987,11380033.0,29179.0
TXN00007,2019-09-04,Ahmedabad,Satellite,23.03093070484542,72.51808740858209,Apartment,2302.0,5,4,11,9,11,0,Furnished,2.759091042808209,1.6363397884038262,2.542793217121766,15.726413613993667,65.32365287366927,8.167605057594166,26704451.0,61169.0
TXN00008,2022-06-16,Ahmedabad,Prahlad Nagar,23.011611109211604,72.50211677482199,Apartment,2012.0,3,4,10,10,10,0,Semi-Furnished,2.33450502009554,3.319886739727428,1.6278406950607969,8.261490803501513,75.66114118106539,7.975451276172818,22278433.0,58154.0
TXN00009,2025-07-24,Ahmedabad,Thaltej,23.049365460651845,72.5108573849887,Apartment,2311.0,5,4,12,9,14,1,Semi-Furnished,1.6046817377734746,3.1894112867274735,2.093529452344837,10.707856438921887,75.15525468150169,8.26427416122225,23073488.0,51243.0
TXN00010,2019-10-03,Ahmedabad,Bopal,23.031539803864426,72.46437344840938,Apartment,2063.0,4,4,18,12,18,0,Furnished,2.1694780078150417,2.752735736530873,2.4151647455099012,22.12081839461099,88.03093522241807,8.412197317008298,15799293.0,41628.0
TXN00011,2025-12-10,Ahmedabad,Shela,23.006715025753845,72.47114302396798,Apartment,2657.0,5,4,1,4,10,2,Furnished,3.651767535972931,3.746662473453386,3.017603913868135,9.414956837615259,87.31629500818313,11.357802264218872,21115277.0,46573.0
TXN00012,2020-01-27,Ahmedabad,Prahlad Nagar,23.018129927445255,72.50836233962761,Apartment,2658.0,4,3,3,1,17,2,Unfurnished,2.8315629749872517,2.0347124530959033,1.7748587127443092,15.959960768134264,77.96926879967957,8.667013340282534,31945383.0,71149.0
TXN00013,2020-05-25,Ahmedabad,Shela,23.004381977283,72.46221622955332,Apartment,824.0,1,2,18,10,15,1,Furnished,3.353332614648441,3.003470307796885,3.0922388232202853,5.0,92.01654695182762,9.234024977329451,6061018.0,14611.0
TXN00014,2021-12-06,Ahmedabad,Chandkheda,23.107383414239727,72.57141084388104,Apartment,1799.0,3,4,2,9,10,2,Furnished,3.701722932219609,3.121765421494784,2.7974847898136472,5.0,81.89363002154204,8.532080881847468,14919949.0,30624.0
TXN00015,2023-07-24,Ahmedabad,Maninagar,22.996366222203765,72.60891479057763,Apartment,1914.0,3,2,9,12,15,0,Furnished,1.9714085869424753,4.207480698871292,2.058991412065687,11.56928652927216,84.43040301544244,10.907987586817708,14501801.0,34180.0
TXN00016,2020-01-28,Ahmedabad,Shela,23.00521262139031,72.46500033757236,Villa,873.0,2,2,4,2,8,1,Unfurnished,2.8339982857996358,3.5334729216621894,3.1930080217362047,5.0,92.07629490691897,10.27300007930868,5749536.0,12945.0
TXN00017,2021-11-29,Ahmedabad,Chandkheda,23.1081139007702,72.58105486881742,Apartment,647.0,1,1,6,8,14,2,Unfurnished,2.356557694750319,4.143958573318627,3.0725510831618044,13.880860420349663,85.56463088934909,7.03203821693355,4239976.0,9493.0
TXN00018,2024-12-31,Ahmedabad,Bopal,23.033455312054794,72.46368589910752,Apartment,2303.0,4,4,13,4,12,2,Semi-Furnished,2.5961200836733447,3.3235503283332823,2.9257747726213275,7.118512512072263,84.96797290228466,7.196261682777843,18910345.0,38394.0
TXN00019,2022-05-13,Ahmedabad,Bodakdev,23.034786785507542,72.50862940136967,Villa,2093.0,4,4,24,9,19,2,Semi-Furnished,2.4198112277405315,3.554894092352189,2.4922238520964224,14.867929060782355,82.39927489515523,9.034457760404878,27975900.0,65975.0
TXN00020,2019-08-04,Ahmedabad,Shela,23.000133759402473,72.46231543889041,Apartment,847.0,2,2,2,8,16,1,Furnished,2.9110475427840448,3.0806630703692592,2.8177831557399395,16.76737059966033,81.80641742852752,10.488793954167004,6197957.0,14071.0
TXN00021,2022-08-28,Ahmedabad,Bodakdev,23.042886335943376,72.50321622535391,Apartment,935.0,2,1,14,6,12,2,Furnished,2.408472850639934,3.4910316700938964,1.2411081343249015,6.353379448853369,72.51043360327634,10.18817821963136,15151110.0,30571.0
TXN00022,2021-07-19,Ahmedabad,Maninagar,22.995809224767324,72.60537754076195,Apartment,1301.0,2,3,19,8,11,2,Semi-Furnished,2.5629438077648596,3.334554075033891,3.2026148261578498,11.798783508129542,75.88873328595383,8.35748826058455,9288328.0,21226.0
TXN00023,2024-12-13,Ahmedabad,Bopal,23.0268234548399,72.46675854642407,Row House,2770.0,5,4,24,6,7,0,Semi-Furnished,1.8011176712727712,4.037421298405629,2.548928062299365,9.997282666058199,73.38644275364645,11.182415890318685,20822865.0,46024.0
TXN00024,2020-12-26,Ahmedabad,Maninagar,22.99828211390167,72.6004250353111,Apartment,2308.0,3,3,25,1,18,2,Furnished,2.9474580791679927,3.2119778588864842,3.0827692453906295,19.52526824469041,62.77196042278071,9.209084117281906,18456678.0,42398.0
TXN00025,2024-08-09,Ahmedabad,Shela,23.010414343558278,72.46536850663374,Villa,631.0,1,1,1,10,16,2,Unfurnished,1.8910492166564978,3.3275344465890786,3.4516400267869467,5.9906956017045525,92.53530498026475,9.917127106524408,4609114.0,9162.0
TXN00026,2023-12-19,Ahmedabad,Thaltej,23.047864399046507,72.51072099035484,Apartment,899.0,1,1,5,1,8,0,Furnished,1.9421208821828957,3.2519692896855155,1.9797280304212328,16.04818253077921,65.01456504491482,8.889587354105956,9453095.0,20532.0
TXN00027,2025-08-14,Ahmedabad,Chandkheda,23.118307922116216,72.58027752454053,Apartment,2314.0,4,4,14,6,8,0,Semi-Furnished,2.192556839562278,4.081998305060186,2.7754323845396076,17.687554667464262,79.21317481877993,9.798390247137212,16347840.0,42093.0
TXN00028,2021-11-18,Ahmedabad,Prahlad Nagar,23.013890833809803,72.5063716870546,Apartment,1235.0,2,3,15,5,14,2,Semi-Furnished,1.4586076714892247,1.5517435761220013,1.6635301657274184,9.347948290364,89.6233869745771,8.79885093735661,16378463.0,32956.0
TXN00029,2022-01-07,Ahmedabad,Chandkheda,23.11172120543583,72.57659385124326,Apartment,2018.0,4,3,20,5,13,0,Semi-Furnished,4.0260960341109815,3.6599269680868316,3.6577837238913213,11.549121069039247,79.65930083364385,10.055010223928736,14010960.0,32024.0
TXN00030,2020-12-17,Ahmedabad,Prahlad Nagar,23.00962207906686,72.50198998617583,Apartment,810.0,2,3,21,10,10,0,Semi-Furnished,2.035010168482375,3.0560088568502217,1.3065191801146605,10.08635579128812,69.02963501863677,6.591944406338802,9803564.0,23718.0
TXN00031,2023-10-23,Ahmedabad,Chandkheda,23.116515747790494,72.57611940192139,Villa,2707.0,5,4,20,6,10,2,Furnished,2.7233473439289213,3.5981258332820634,2.8981261446777107,15.74483673014048,84.00995610864798,9.748038794106868,20482259.0,49986.0
TXN00032,2019-07-24,Ahmedabad,Gota,23.08784491472953,72.54459125064294,Apartment,2779.0,5,4,11,11,14,0,Furnished,2.8939807482729907,4.115692344168286,2.6762576184207716,5.0,83.71400370385884,8.776866529563138,20260316.0,53722.0
TXN00033,2023-07-17,Ahmedabad,Prahlad Nagar,23.020640293210924,72.50765162331578,Row House,739.0,1,2,21,11,16,1,Semi-Furnished,2.1022798513572334,2.6899294144276187,1.7179542012506683,16.3410978453943,80.3102276259366,10.04146576150113,9611024.0,21001.0
TXN00034,2022-09-19,Ahmedabad,Vastrapur,23.042193711683318,72.53075189434995,Apartment,1871.0,3,3,8,7,13,2,Unfurnished,2.4072182185004705,2.9171475642488573,2.4352095834929486,10.806788335421725,76.43647603380569,9.990239933225952,19705197.0,41705.0
TXN00035,2025-11-13,Ahmedabad,Chandkheda,23.11798918612299,72.57529354112228,Apartment,566.0,1,1,18,7,15,2,Semi-Furnished,3.4187203504196013,3.4221284296227115,3.1229036395077716,5.0,78.23732647908722,7.796748041655068,3754323.0,9679.0
TXN00036,2024-02-18,Ahmedabad,Shela,23.007061641611603,72.46268984445058,Apartment,2022.0,4,3,25,2,8,2,Furnished,2.7504152819993077,2.8407870925770333,2.436388473500161,5.158360361234972,90.87560772652186,8.983235063287966,14944612.0,30687.0
TXN00037,2019-04-05,Ahmedabad,Satellite,23.03096657808671,72.51554409279443,Apartment,1800.0,3,2,24,6,17,0,Semi-Furnished,2.623067878920094,1.9828459741628008,2.4432194511429692,5.75759338760564,69.16040657415576,9.520218791805982,18964022.0,47568.0
TXN00038,2019-03-17,Ahmedabad,Satellite,23.028758064095218,72.51685510820064,Row House,2481.0,5,4,13,4,14,1,Semi-Furnished,2.1957151359550866,3.181321319901671,1.805288369092621,5.0,89.29596771564202,11.034218093515463,28863563.0,57426.0
TXN00039,2024-08-24,Ahmedabad,Gota,23.08930330906478,72.54667155044449,Apartment,972.0,2,3,8,6,16,1,Furnished,2.8551599273744546,3.1646707522990805,2.7861412499390967,14.141540601811364,81.98634421786382,7.110126912840616,7352500.0,19962.0
TXN00040,2021-05-27,Ahmedabad,Vastrapur,23.03790912521532,72.51974102263272,Apartment,1004.0,2,1,11,12,17,2,Semi-Furnished,1.677641198117509,2.741218586761277,1.9584270068206113,13.345954368016708,61.76608670390689,8.713935899409343,10222779.0,25198.0
TXN00041,2020-02-02,Ahmedabad,Bopal,23.028258370108226,72.46308358731636,Apartment,2020.0,3,4,6,4,9,0,Furnished,2.875999106431686,3.4453884170095277,2.971629348408785,8.34843241934861,86.75051120748893,10.541808627361029,17921605.0,37904.0
TXN00042,2022-01-11,Ahmedabad,Vastrapur,23.039019757395238,72.52587674511892,Apartment,779.0,1,1,24,10,15,2,Unfurnished,1.4257246094653313,2.3366474765415526,2.018430387236145,5.0,66.50906330492444,7.567270022320555,7727520.0,18967.0
TXN00043,2021-10-03,Ahmedabad,Maninagar,22.99359619047113,72.59791087887342,Apartment,686.0,1,1,5,12,14,1,Semi-Furnished,2.6254378910605376,3.4936889669019267,2.1851636456823824,18.077492095270394,59.70465445537522,8.246102981327896,4595411.0,12069.0
TXN00044,2020-08-06,Ahmedabad,Satellite,23.030632476339623,72.52111106955634,Apartment,1275.0,1,2,12,11,17,1,Semi-Furnished,2.726245139159933,1.9299195404368852,1.7658134577135742,16.986882300336262,77.29243291318475,9.01575663021608,14292488.0,32968.0
TXN00045,2023-02-16,Ahmedabad,Bodakdev,23.035439728377085,72.51369502260346,Row House,799.0,1,1,6,2,13,0,Furnished,2.2667878916754627,3.1483459424435574,3.1715245339444302,12.997785432608708,76.64121627049083,8.936768294438597,11209838.0,25267.0
TXN00046,2023-03-15,Ahmedabad,Prahlad Nagar,23.019227266477202,72.51491598136354,Apartment,1363.0,2,1,8,7,17,0,Unfurnished,2.4598300577658354,2.958242412269815,2.5406753639083273,14.144748448012633,78.50172646446335,6.861305531371562,14320009.0,33650.0
TXN00047,2023-11-06,Ahmedabad,Bodakdev,23.039676849512418,72.50468834406081,Apartment,2553.0,5,4,3,10,11,2,Unfurnished,2.24939589001321,2.0316007708510604,2.2471287168189744,9.421622616859151,87.36527997108045,11.756829516638032,36107793.0,72896.0
TXN00048,2023-08-23,Ahmedabad,Bodakdev,23.04101712013746,72.51064932444642,Apartment,1164.0,2,2,15,2,8,1,Furnished,2.1670141353494152,3.1807775222182544,2.802339142175433,16.055021057311436,76.9297280321851,9.470587168971898,16136893.0,38014.0
TXN00049,2019-02-01,Ahmedabad,Satellite,23.02807503550454,72.52375110775967,Villa,2257.0,3,2,10,12,16,2,Furnished,2.4947505476888354,2.2480211292946954,2.0115483534861505,16.16871700582064,75.46462633387011,8.417409645832032,27909765.0,58172.0
TXN00050,2025-02-22,Ahmedabad,Shela,23.001422615815688,72.46369495197992,Apartment,2604.0,4,4,12,11,17,1,Semi-Furnished,2.888251585646931,4.273761581130918,1.7405058603716077,10.075603246584944,79.23331541064971,11.689869662344645,18175358.0,38871.0
TXN00051,2024-01-12,Ahmedabad,Thaltej,23.05363440543957,72.51512434235109,Apartment,2223.0,4,3,25,12,15,2,Furnished,2.623078585823329,3.2382927918769733,4.089426839683767,18.307713449068736,81.81398722165515,8.140556111063098,22745413.0,51064.0
TXN00052,2025-09-05,Ahmedabad,Maninagar,22.994813650918644,72.6031154571386,Apartment,845.0,2,1,17,1,9,0,Unfurnished,1.9825443363666861,3.113651520927802,2.7446932043599297,13.988963012566314,58.946949001774556,9.600341414968366,5647985.0,13114.0
TXN00053,2020-10-06,Ahmedabad,Prahlad Nagar,23.017479789514585,72.50627464224704,Apartment,2709.0,5,4,12,11,11,0,Semi-Furnished,2.1273739923696757,2.5742440658525383,2.335002141977313,17.785897659089798,70.96817044259524,7.735563628807174,30203236.0,76956.0
TXN00054,2020-10-09,Ahmedabad,Gota,23.096353104428598,72.53751117021882,Apartment,2453.0,4,4,14,7,9,0,Unfurnished,3.249980602522311,2.995324680492649,2.425983877405086,13.323253231122766,83.33815023192001,7.363665309096044,16362824.0,40055.0
TXN00055,2020-04-03,Ahmedabad,Satellite,23.02872837380549,72.5145319789747,Row House,2567.0,4,4,6,3,17,1,Semi-Furnished,2.630964320844937,2.1889161498728713,2.8192839678720376,21.245046548126805,77.17648044275434,10.807192283532277,32171425.0,59583.0
TXN00056,2022-10-02,Ahmedabad,Prahlad Nagar,23.012148493030338,72.51176115785952,Apartment,2299.0,4,3,12,6,13,1,Semi-Furnished,2.207984023058836,2.591243634335683,2.446384255208802,19.091845213283058,79.857720491455,11.321612196884328,30834570.0,60772.0
TXN00057,2021-10-20,Ahmedabad,Bodakdev,23.036651591832484,72.51098216395445,Villa,2613.0,5,4,15,1,11,2,Semi-Furnished,2.373350787842083,1.217629641341905,2.464170140919798,5.0,84.71061160564591,7.179497570372956,35197815.0,73964.0
TXN00058,2025-06-18,Ahmedabad,Bopal,23.029575272277512,72.46589248807364,Row House,1951.0,4,4,20,10,12,0,Semi-Furnished,2.653325349440272,3.2174887495520132,2.095406951676995,7.815007571955061,88.5461465431246,8.515150277803333,14602016.0,34625.0
TXN00059,2023-03-13,Ahmedabad,Bopal,23.028789520962118,72.4630688393651,Apartment,1268.0,2,3,11,4,14,1,Semi-Furnished,2.9112191154174116,2.4699364890187057,2.892518635509581,13.763498554570244,86.79188890256837,9.966702387218142,9436342.0,23205.0
TXN00060,2022-12-06,Ahmedabad,Vastrapur,23.041360839907473,72.53268031696881,Apartment,2682.0,5,4,19,5,11,2,Furnished,2.4935544674286603,2.815382093955772,2.8215151201549586,15.044304123844409,69.51316160498484,7.87192698271424,31680034.0,70319.0
TXN00061,2024-06-11,Ahmedabad,Maninagar,22.996639313829316,72.60446453867202,Villa,2042.0,4,4,8,10,11,0,Furnished,2.1613092780545853,2.632334562517982,2.728789362031469,16.506896966722575,70.71821179289488,8.082118442067229,15494713.0,37736.0
TXN00062,2021-03-29,Ahmedabad,Maninagar,22.99770960547477,72.59818083273149,Apartment,2695.0,4,4,6,4,14,0,Furnished,2.7228277190819865,2.8926766041586935,2.9452832589755715,14.982494176054118,72.9168179017646,8.518189553123646,19848569.0,51037.0
TXN00063,2025-05-20,Ahmedabad,Maninagar,22.99559936965595,72.60364468767207,Apartment,1652.0,3,4,8,10,12,1,Furnished,2.201547622037792,3.361613267167078,2.081824938263506,16.925588493366906,81.6707808703535,8.66254208094621,12061329.0,32345.0
TXN00064,2025-01-07,Ahmedabad,Thaltej,23.043628822961114,72.51134848805313,Apartment,1868.0,3,2,5,8,17,0,Unfurnished,2.5369892332219846,2.5195742794104463,2.72751186017376,21.8707557415592,74.81868580777655,8.95943696623289,15766440.0,38190.0
TXN00065,2019-06-27,Ahmedabad,Prahlad Nagar,23.010115644401374,72.50803402250689,Apartment,1501.0,4,4,24,4,19,1,Unfurnished,2.3685805467550294,2.619193535957627,2.2774200850283317,9.650001023039984,68.73824878486751,7.362457442261494,17282811.0,38964.0
TXN00066,2019-09-01,Ahmedabad,Maninagar,22.989576744115496,72.5988216021795,Apartment,2019.0,3,2,25,1,12,0,Furnished,3.069727527473262,3.763837141264049,3.2677523609049595,21.83459506267574,70.11796344007901,9.297851161197347,14785696.0,38035.0
TXN00067,2025-03-31,Ahmedabad,Vastrapur,23.0390566825513,72.52926329701394,Apartment,1273.0,3,4,20,3,11,0,Unfurnished,2.474569312596907,3.316840239378351,2.2290033417151447,17.512206830817547,74.70190366826287,7.534784705735012,12127880.0,28238.0
TXN00068,2024-10-04,Ahmedabad,Maninagar,23.0018751800122,72.592721557093,Apartment,2402.0,4,3,3,1,17,0,Semi-Furnished,2.322945243088932,3.833710939546042,2.6202338150045934,25.88066549590951,67.22336701852946,8.600216024265478,17325353.0,40842.0
TXN00069,2020-03-26,Ahmedabad,Bopal,23.03589181428876,72.45519651148584,Apartment,1019.0,2,3,3,10,10,1,Unfurnished,3.1662906341214314,3.3273230332828416,3.2591065640211982,10.985871580592775,87.18690103400003,8.750072065182252,7593069.0,17243.0
TXN00070,2022-12-18,Ahmedabad,Bopal,23.029660597873352,72.45859917660383,Apartment,1047.0,2,3,7,4,15,0,Semi-Furnished,3.808543544136854,4.136165091520632,2.571903068935453,7.168500258159208,71.55121752064841,7.986034803655218,7683708.0,17929.0
TXN00071,2022-12-12,Ahmedabad,Bodakdev,23.043530043083948,72.5044733835344,Apartment,1417.0,3,2,13,2,9,1,Semi-Furnished,2.50700828379551,2.6776074909591965,1.5845335231882989,8.002813772512875,85.67779228284759,9.894972864682899,19346160.0,45894.0
TXN00072,2020-07-01,Ahmedabad,Vastrapur,23.049126531509103,72.53119004428474,Apartment,1034.0,3,3,5,4,14,0,Unfurnished,1.8438808802626467,2.5069029346504768,2.6197519089541608,14.785619760333423,67.95472522965295,7.974267293472731,9642246.0,22789.0
TXN00073,2019-10-02,Ahmedabad,Thaltej,23.052095803816773,72.5179148569363,Row House,1012.0,2,1,24,9,10,2,Unfurnished,1.5516998640243405,2.457876068406504,3.1624778396908155,12.933382993773872,78.46589546140525,10.737732891017528,10181932.0,20006.0
TXN00074,2022-06-28,Ahmedabad,Prahlad Nagar,23.017607923328793,72.50399483426897,Apartment,1848.0,4,4,4,10,19,0,Semi-Furnished,1.1457438025053668,2.6314880650783783,2.3857271566168796,7.344845017252511,81.42322221683091,9.214560943723928,23338023.0,55919.0
TXN00075,2025-07-11,Ahmedabad,Bopal,23.02984584695263,72.47195859216772,Apartment,1469.0,3,4,16,5,18,2,Semi-Furnished,2.0009802468151787,3.718943735568445,3.536174106347402,5.0,78.64765086795215,9.872561965275054,11571253.0,27486.0
TXN00076,2024-04-14,Ahmedabad,Chandkheda,23.107505597242966,72.58009342126445,Apartment,2177.0,4,4,5,10,15,2,Semi-Furnished,2.480917155462253,3.8794278640650703,3.266300973377417,14.561328169433398,88.69606880741782,11.29805535009294,16179240.0,36597.0
TXN00077,2024-12-17,Ahmedabad,Shela,23.00324378435958,72.46342170859252,Apartment,2081.0,4,3,0,5,16,0,Semi-Furnished,3.299303865437133,3.696900890725351,3.202146227053457,5.0,98.02105646240805,9.629796175894525,15126221.0,32530.0
TXN00078,2020-04-24,Ahmedabad,Satellite,23.018888022877086,72.51660990635122,Apartment,1757.0,4,3,25,10,18,2,Semi-Furnished,2.405019113022236,1.4577989225057633,2.6327166145273693,18.823130419602094,59.11574894009275,8.613566635552013,19268684.0,47652.0
TXN00079,2025-02-11,Ahmedabad,Gota,23.0938698650917,72.541171735294,Apartment,2338.0,4,3,7,9,12,2,Unfurnished,2.9469977441079527,2.5908055937696153,3.4523496387897294,5.88694691157181,80.86651323090473,8.63101958668593,15670141.0,38903.0
TXN00080,2025-08-17,Ahmedabad,Thaltej,23.051755964117557,72.51289313843222,Row House,864.0,2,2,8,3,5,1,Semi-Furnished,2.749489776059603,3.9853029593672114,2.7342763892531012,17.147328062599076,74.71717265145706,12.583969185383825,8762722.0,19419.0
TXN00081,2025-04-26,Ahmedabad,Thaltej,23.04898414928781,72.51348877386897,Apartment,2708.0,5,4,18,7,10,1,Unfurnished,2.8171253564640857,2.409614421439711,2.676313601958586,24.67772884639051,73.74272737729922,9.666030960856505,24482438.0,54864.0
TXN00082,2025-09-29,Ahmedabad,Bodakdev,23.041724301095293,72.5062090454678,Row House,2730.0,5,4,4,7,10,0,Unfurnished,2.7827579542995653,3.16272209214333,1.5153498848305031,14.874726426396318,72.36837251720459,9.946311613926422,34815453.0,78402.0
TXN00083,2021-09-14,Ahmedabad,Satellite,23.031848849956045,72.51051512753575,Row House,2737.0,5,4,12,6,12,2,Semi-Furnished,2.4233347571569213,3.1243788862052537,1.7822974655535422,16.318405632139235,69.96852785792194,7.74942947951463,32853982.0,67926.0
TXN00084,2020-08-26,Ahmedabad,Gota,23.0883246050243,72.54891892736565,Villa,1042.0,2,2,24,11,19,0,Unfurnished,2.685946496005982,3.0875055258505912,2.5668171557700648,14.618023669770448,84.91048884841824,9.69267890513549,7315014.0,17586.0
TXN00085,2022-01-23,Ahmedabad,Bopal,23.03368460298558,72.46761863811379,Apartment,2685.0,5,4,2,6,9,1,Furnished,2.715312686864347,3.1266810385377206,2.6730733642579736,11.693183577917104,84.08788530716852,11.301542157544066,23350193.0,53889.0
TXN00086,2022-08-20,Ahmedabad,Maninagar,22.994423889359783,72.60316016158593,Row House,2658.0,4,4,2,8,13,1,Semi-Furnished,2.4335844803300524,1.6650477306846083,2.0790439678556183,24.875043908419,69.16355006594105,7.65598619991793,18324558.0,48556.0
TXN00087,2024-10-01,Ahmedabad,Prahlad Nagar,23.009601555793928,72.50458496310965,Apartment,1605.0,3,2,12,9,9,2,Semi-Furnished,1.9960531782266986,3.321825919472168,2.1651172763333038,25.897534558223914,88.71191036534836,9.297965332877824,20825951.0,47157.0
TXN00088,2020-07-04,Ahmedabad,Bopal,23.028437289589604,72.47182341072218,Apartment,2378.0,4,3,19,6,12,1,Furnished,2.751971114453892,3.7978160785010715,2.771069884315373,5.0,82.02320602020436,9.232011401565087,21786948.0,42582.0
TXN00089,2020-03-23,Ahmedabad,Vastrapur,23.035584045458513,72.53129118985638,Villa,1741.0,3,4,19,3,15,2,Semi-Furnished,1.8211730326454099,2.914183986415769,2.4990090358600314,11.702241470847355,68.26475908400668,8.79050914207666,18199574.0,41907.0
TXN00090,2021-07-10,Ahmedabad,Bodakdev,23.043082420973256,72.49751013322845,Apartment,2384.0,4,4,21,4,7,1,Unfurnished,2.126942011077245,2.9322865498031545,1.219131099062429,9.641198462154557,82.79407903841603,12.016768431146192,32412278.0,69097.0
TXN00091,2025-01-24,Ahmedabad,Chandkheda,23.11246912632197,72.58222144091403,Apartment,2267.0,4,4,12,8,15,0,Furnished,1.6197886483090982,3.4313243281327375,2.8469844069560435,8.453223741308612,87.19111901910016,10.702542750738662,17094855.0,35972.0
TXN00092,2024-07-19,Ahmedabad,Maninagar,22.987877047569746,72.5987870396322,Apartment,1792.0,3,4,2,9,11,0,Furnished,2.2129598380968982,3.9010414662198114,2.5722527912022777,23.189535630796787,66.37025106399896,8.82804200533502,15019382.0,32213.0
TXN00093,2021-10-26,Ahmedabad,Satellite,23.025412671671333,72.5142391151643,Apartment,932.0,1,2,1,8,19,2,Furnished,2.0981853822986154,2.1356947573702367,2.711348025229797,19.154727865941464,71.6477612247756,8.750446404484538,12102505.0,24412.0
TXN00094,2020-10-08,Ahmedabad,Vastrapur,23.04475848802115,72.52938789649518,Villa,2721.0,5,4,11,12,15,2,Furnished,2.5927032987354637,2.743530615948206,1.6828389142510523,7.8256642068570095,78.17268551847306,8.858250648260466,28956781.0,72575.0
TXN00095,2020-04-27,Ahmedabad,Maninagar,22.995954403163715,72.60831107281973,Villa,750.0,1,1,19,2,9,0,Unfurnished,2.4265914171168776,2.4496360162220467,1.9977178511607647,17.1069737994323,69.2678259879682,7.571549647623659,4962536.0,12179.0
TXN00096,2020-04-18,Ahmedabad,Prahlad Nagar,23.009787713886027,72.51012851749552,Apartment,2248.0,5,4,12,2,7,0,Semi-Furnished,2.40254864081784,2.685866809857534,2.113379875504894,9.797194445753526,76.4857552500931,9.554684782017421,27450446.0,63192.0
TXN00097,2023-06-22,Ahmedabad,Thaltej,23.04667692047358,72.51558375317659,Apartment,2455.0,5,4,0,2,6,2,Furnished,3.0930805235315146,3.1517661144396465,3.066026144207089,5.0,78.25037291135403,11.12758798729083,30471070.0,54371.0
TXN00098,2025-02-17,Ahmedabad,Bodakdev,23.038785379323944,72.50272344575542,Row House,2307.0,5,4,18,12,15,0,Semi-Furnished,1.5602203667490215,2.934451163456725,1.0656733472117543,13.790364067432279,82.32074747570485,7.480262413885111,29027657.0,73378.0
TXN00099,2020-04-26,Ahmedabad,Maninagar,22.99221515179368,72.60289586971349,Villa,1105.0,2,1,17,4,12,2,Furnished,1.8396618789054617,3.5187553757748713,2.7670134989483355,32.471710797443535,66.3840274537562,7.089823780158402,9174086.0,21334.0
TXN00100,2025-03-07,Ahmedabad,Prahlad Nagar,23.010348754614572,72.51291368324911,Apartment,1189.0,2,2,9,8,19,1,Semi-Furnished,2.071574307788513,1.7807098488252533,2.7164881536479535,14.287150227956811,76.31639731897161,8.23618037298873,13504983.0,31628.0
TXN00101,2025-08-11,Ahmedabad,Thaltej,23.05081453271484,72.51048818790598,Villa,1333.0,2,3,0,11,14,1,Unfurnished,1.8564648516014655,2.3645810398737392,2.2340612530286212,5.705640175931682,73.20539101085153,9.593275620383418,14518402.0,25272.0
TXN00102,2022-02-22,Ahmedabad,Bodakdev,23.037165278572775,72.50338629547554,Apartment,1980.0,2,3,13,2,11,0,Semi-Furnished,2.683436984128652,2.6009500792547944,1.9822471784615314,5.0,81.32098954162662,10.253287935213466,25570734.0,59777.0
TXN00103,2025-12-03,Ahmedabad,Satellite,23.02423208505744,72.51593395703135,Apartment,1026.0,2,1,3,5,6,0,Unfurnished,2.424874177575329,2.029734892249392,2.0609452419988905,14.73965188751418,73.45477442224423,8.988780202041477,10870141.0,24331.0
TXN00104,2020-01-28,Ahmedabad,Bodakdev,23.036401959753945,72.50302421378963,Apartment,1602.0,3,3,20,10,12,1,Unfurnished,2.4501846416078363,2.0270252463796874,2.6083412785341222,5.252088862427624,83.88291412064274,8.669904717209207,19659679.0,47239.0
TXN00105,2023-04-09,Ahmedabad,Shela,23.00836850783655,72.46132898585033,Villa,1830.0,4,4,14,4,13,1,Semi-Furnished,2.972865077885515,3.0785665083449505,2.688120113048943,5.0,79.68867636260951,8.285698663620243,11925772.0,26691.0
TXN00106,2022-04-22,Ahmedabad,Maninagar,22.98525449734701,72.59806633608537,Apartment,1083.0,2,2,14,1,16,2,Semi-Furnished,3.1353542537297336,3.2913150782251996,2.0293014283129196,19.41400126634772,75.77413158084016,7.062139640177568,8031841.0,18499.0
TXN00107,2020-07-08,Ahmedabad,Chandkheda,23.108227951387033,72.57984117487061,Apartment,1604.0,3,3,11,8,10,1,Unfurnished,2.8535858252249007,3.6853082959284222,2.7907941781648677,5.0,78.03616741846986,8.876592456904154,10446889.0,24187.0
TXN00108,2025-05-03,Ahmedabad,Vastrapur,23.042657414696958,72.53373055537196,Apartment,1994.0,3,2,19,2,7,0,Semi-Furnished,2.456886477212805,3.230367153797232,1.4332307891927436,5.0,71.95729886922891,9.175944998920576,21186333.0,47737.0
TXN00109,2022-09-12,Ahmedabad,Vastrapur,23.041658465140106,72.53231464653526,Apartment,1988.0,3,3,24,4,7,1,Furnished,2.7422318673943935,3.180264853980723,3.1890466781164104,10.143340454632256,76.48363230686073,8.52560904009262,22693528.0,49284.0
TXN00110,2021-04-24,Ahmedabad,Chandkheda,23.107433829116868,72.58092512809097,Apartment,1983.0,3,4,19,10,13,1,Unfurnished,3.252672169608259,2.7997005117269254,2.2860280957055155,5.0,73.29016509676073,9.342503792829254,12920787.0,31790.0
TXN00111,2024-12-08,Ahmedabad,Bopal,23.032714095805602,72.46351688732216,Apartment,696.0,2,3,15,10,10,0,Unfurnished,2.0740697767146936,3.5631031482327504,2.2354724665596586,17.825078419766037,84.7393128555104,10.811328491793333,5195997.0,11654.0
TXN00112,2025-09-01,Ahmedabad,Gota,23.08196842779678,72.54106694467191,Apartment,1006.0,2,1,18,3,13,2,Semi-Furnished,3.106200732834766,4.237790604374719,3.56980732887801,5.0,89.53263809954134,10.30231107302306,7841675.0,17695.0
TXN00113,2022-04-28,Ahmedabad,Bopal,23.03428521815572,72.46741174777502,Apartment,2298.0,3,2,18,1,5,2,Semi-Furnished,1.7324923335552112,3.1020873506094704,2.4869808106369753,5.0,80.3001777088121,10.068924383205824,17821837.0,40233.0
TXN00114,2025-10-14,Ahmedabad,Vastrapur,23.03873085309899,72.52413525607012,Apartment,2632.0,4,4,0,11,17,2,Furnished,2.0878293356538995,3.004910353888059,2.685567939982514,5.0,53.714204607883474,10.367397414563154,33054348.0,72627.0
TXN00115,2021-03-08,Ahmedabad,Maninagar,23.00141691641874,72.60186682104194,Villa,2192.0,3,3,12,9,14,1,Furnished,2.1738279938726826,3.5759697432864077,3.068916607584122,7.835033196743719,61.820886025934335,7.995330245924865,17758689.0,37270.0
TXN00116,2023-11-06,Ahmedabad,Maninagar,22.987894406814632,72.59938414746546,Apartment,1094.0,2,2,24,2,8,0,Furnished,2.4607245354867433,2.2414290446482017,2.3266222686689426,12.695382668379864,79.00577860954093,7.387419106366441,8057468.0,20146.0
TXN00117,2019-10-24,Ahmedabad,Vastrapur,23.04318617612208,72.52905666302475,Apartment,2446.0,5,4,24,4,14,0,Furnished,2.1508038579089606,2.6145531864645313,2.291573508327875,10.993673455652196,73.43033024902455,9.450622029046247,27665116.0,62757.0
TXN00118,2019-10-05,Ahmedabad,Thaltej,23.050793524642508,72.51193113172587,Apartment,622.0,2,1,9,4,14,2,Unfurnished,3.2728898365264927,3.2998898177892095,2.5853125392698963,9.837303187181547,74.48762310757986,9.100361360635121,5613262.0,12678.0
TXN00119,2023-03-17,Ahmedabad,Maninagar,22.996007417661183,72.59638083380956,Row House,775.0,2,3,24,4,4,2,Furnished,2.807983869183012,3.294775855675925,2.656932692993599,14.965069031222114,64.28829412087894,11.398398400529484,6377898.0,14407.0
TXN00120,2022-05-10,Ahmedabad,Bodakdev,23.03955872055956,72.50234005458452,Apartment,586.0,1,1,21,7,11,0,Furnished,2.518681037987009,2.67782877145577,3.0678366755381625,10.855786702977845,78.03819930386807,9.383492002364758,8525098.0,19264.0
TXN00121,2024-12-25,Ahmedabad,Gota,23.093986219537992,72.53602520849158,Apartment,1685.0,2,1,11,2,8,1,Semi-Furnished,2.5626404017885567,3.9874566367732887,2.6104087525659194,14.406905285511373,81.68248892091687,8.844012006390871,13073604.0,28813.0
TXN00122,2021-07-12,Ahmedabad,Chandkheda,23.111465804586285,72.58233243254263,Row House,1349.0,3,2,18,6,12,1,Furnished,3.154342012089654,3.797348563908883,2.992304800411943,5.0,72.65177133409676,10.29692748132778,10966794.0,27474.0
TXN00123,2021-05-22,Ahmedabad,Satellite,23.024372343337593,72.51008900375054,Apartment,1915.0,3,3,18,9,19,1,Unfurnished,2.5518117922286736,2.3454888174018755,2.239145854127119,20.087304093436,77.1841636281484,8.89796174569622,20114634.0,45124.0
TXN00124,2021-09-11,Ahmedabad,Gota,23.088128094746704,72.53748262206267,Villa,623.0,1,1,5,11,14,1,Semi-Furnished,2.3659716810120024,3.5369652802010676,3.050672221840729,5.0,87.13444335216283,9.565982465649656,4926054.0,10851.0
TXN00125,2024-05-13,Ahmedabad,Prahlad Nagar,23.011381292675466,72.50595175432272,Apartment,2271.0,4,4,23,3,10,0,Furnished,2.5657832901432482,2.1859719790052403,1.3181501987868494,21.36095713608732,67.71308462702328,9.51365634992594,28761853.0,70716.0
TXN00126,2019-04-19,Ahmedabad,Chandkheda,23.1101768680116,72.57676349606024,Apartment,2478.0,4,4,7,12,15,2,Semi-Furnished,2.94650323644954,3.7930790662433984,2.8115718409306933,11.376189819420283,81.29058881491422,9.439794434069725,18578694.0,42038.0
TXN00127,2021-11-22,Ahmedabad,Vastrapur,23.041276379336093,72.53503645939735,Apartment,1681.0,3,4,9,8,14,1,Furnished,2.483125251588625,3.9189225595860826,2.2206189083511294,17.344535333920284,69.89085158914024,7.781552531639123,19008336.0,45972.0
TXN00128,2019-05-31,Ahmedabad,Bodakdev,23.0419038371388,72.50683012925239,Apartment,2642.0,5,4,14,5,15,0,Semi-Furnished,2.6436784323577767,2.5007381828216717,2.3364085105555157,9.51894795337039,76.91953544269587,10.370940130323214,34116266.0,80154.0
TXN00129,2025-12-29,Ahmedabad,Vastrapur,23.036596721510467,72.52568966700959,Apartment,2166.0,4,4,4,9,10,2,Semi-Furnished,3.0245456471373164,3.0667107705136747,2.7121352420563043,22.883268526854703,61.74464337653907,12.476444022710341,25311885.0,51457.0
TXN00130,2019-06-21,Ahmedabad,Vastrapur,23.0381262972084,72.5380437044496,Apartment,977.0,2,3,6,6,15,1,Unfurnished,2.2709903686731554,3.8105717013168334,2.5268541124579165,5.0,61.556982065833104,7.516911530503918,9542483.0,22364.0
TXN00131,2021-09-13,Ahmedabad,Thaltej,23.054323424819803,72.51382260910589,Row House,1218.0,2,2,9,7,10,1,Unfurnished,2.4829644038202736,3.0625915969923083,2.3924254171144357,8.31965752591994,74.93884483856323,8.358604263502519,10965336.0,25962.0
TXN00132,2025-11-26,Ahmedabad,Shela,23.001926577361807,72.465343973923,Villa,2336.0,5,4,11,12,17,1,Semi-Furnished,3.741420878612155,3.2334585973369476,3.0838721815893324,7.767666179711962,82.10442248233919,9.53250436090774,14764429.0,36376.0
TXN00133,2025-01-07,Ahmedabad,Chandkheda,23.106389973974228,72.57878010712514,Row House,2506.0,5,4,14,9,11,0,Semi-Furnished,3.0754296523217155,3.009606432340531,2.2977227503200477,20.496976680640003,73.73633557118815,8.099476286086706,16707313.0,41163.0
TXN00134,2019-04-11,Ahmedabad,Bodakdev,23.034770197711175,72.50682798197383,Apartment,2144.0,3,2,7,8,11,2,Furnished,1.887141711824869,2.655574610843657,2.8555633176691826,5.0,86.05086795936938,9.310124154035085,28612412.0,72473.0
TXN00135,2021-09-09,Ahmedabad,Satellite,23.032525098920487,72.52163357318906,Apartment,1896.0,4,4,25,10,10,1,Unfurnished,2.5958772093429276,2.894683277834853,2.629807263563677,13.01435034467321,71.2671125068711,6.539761885543375,19319265.0,43036.0
TXN00136,2022-06-26,Ahmedabad,Vastrapur,23.033678642728617,72.53178664606112,Apartment,2769.0,4,3,5,2,13,1,Semi-Furnished,2.445034406438555,3.3024702444788625,2.5481178918265504,18.151354817273017,76.184929871526,9.291912022028871,33247006.0,71215.0
TXN00137,2025-01-12,Ahmedabad,Chandkheda,23.117741524734114,72.58005350325087,Row House,2188.0,4,3,18,1,5,2,Furnished,2.628812597762666,3.395327572544217,2.6960653955688474,5.65987550141838,77.3918031576612,5.708521842624135,15721675.0,37688.0
TXN00138,2025-03-14,Ahmedabad,Thaltej,23.05004686567088,72.50546644518818,Apartment,887.0,2,3,1,4,11,0,Semi-Furnished,2.7289523842450834,2.9114128264918966,2.702491159462338,26.606317477186092,78.51678935711949,8.708483975275925,9231514.0,20659.0
TXN00139,2024-12-05,Ahmedabad,Gota,23.095917848575407,72.5392397133084,Apartment,2513.0,5,4,3,6,15,2,Unfurnished,2.8951172506413028,3.3165316133552625,2.6113724440642745,10.95796768439658,86.00715328421434,12.957666659641937,21414909.0,43121.0
TXN00140,2020-04-29,Ahmedabad,Chandkheda,23.11129596102509,72.5848370582737,Row House,574.0,1,1,25,12,14,1,Unfurnished,3.194398514075811,3.8741574070961735,3.2519771271487206,10.776504484687237,72.8888925168061,9.556823167285755,3466219.0,8970.0
TXN00141,2022-05-29,Ahmedabad,Chandkheda,23.10858121078816,72.5702430014457,Apartment,2084.0,3,3,10,3,12,2,Unfurnished,3.3608715800421285,3.3544931189995486,2.4995766550106726,15.733447300299435,78.56938189411818,7.869140356495333,13590036.0,35003.0
TXN00142,2024-01-10,Ahmedabad,Prahlad Nagar,23.015323878986795,72.50136044847432,Apartment,2107.0,4,3,19,1,17,2,Semi-Furnished,1.9412566422487987,2.930254250676338,1.9151798345500382,5.0,84.73856778264923,10.049121946233756,27326036.0,53486.0
TXN00143,2023-01-29,Ahmedabad,Vastrapur,23.030511217887746,72.52785714050893,Apartment,1633.0,2,1,1,6,11,2,Semi-Furnished,2.2382931699374273,3.240095435835911,2.5502251370386073,11.214656760422153,62.11502220571537,7.694278151018029,18522176.0,39305.0
TXN00144,2023-02-25,Ahmedabad,Vastrapur,23.044535157090255,72.53842753893312,Row House,1883.0,3,2,19,11,18,1,Semi-Furnished,2.1545857699798923,3.0581176982766562,1.2460886557442126,5.0,81.29934339677476,8.455046578894075,19614445.0,46367.0
TXN00145,2024-09-15,Ahmedabad,Vastrapur,23.036113524907947,72.53295877003366,Villa,1687.0,4,4,2,3,9,0,Semi-Furnished,2.329845818913779,2.2709941996493854,1.9180875903877301,17.05848618552253,71.22158278086899,10.114201126611487,18897547.0,42529.0
TXN00146,2024-10-19,Ahmedabad,Bopal,23.022333610129927,72.45996234773318,Villa,1672.0,3,3,17,10,19,1,Semi-Furnished,2.521279498084181,3.505859536756079,2.363985657410447,6.886796071909912,88.97563210893355,9.596470597578966,12787641.0,27447.0
TXN00147,2020-02-21,Ahmedabad,Vastrapur,23.03187352172535,72.53084685513669,Apartment,878.0,1,2,14,12,13,1,Semi-Furnished,2.736900805487635,2.758064707638002,2.1791254139264487,12.800604060261875,75.50501444011374,9.246070410937534,9124455.0,21550.0
TXN00148,2021-08-21,Ahmedabad,Chandkheda,23.10695203390469,72.58436263974436,Apartment,587.0,2,3,15,3,16,0,Unfurnished,2.8056978815407208,3.60193961177893,3.365155842320085,19.266417417648462,84.8918964330298,9.297074682144595,3674640.0,9460.0
TXN00149,2019-03-05,Ahmedabad,Bodakdev,23.037094156753763,72.51232707056167,Apartment,1999.0,3,2,7,7,16,2,Semi-Furnished,2.6761229824018997,2.925153548892504,2.881589866452841,15.416542059881916,84.15277650343752,11.398210588558047,30332576.0,59056.0
TXN00150,2024-10-13,Ahmedabad,Prahlad Nagar,23.011014329055673,72.51232940771916,Apartment,2790.0,5,4,14,8,17,1,Semi-Furnished,1.403750121599554,2.4806130658295698,3.113369118574578,10.81721882890026,89.35829331253527,6.839377700745565,33776499.0,77847.0
TXN00151,2023-07-26,Ahmedabad,Satellite,23.033149930817544,72.51781776749299,Apartment,1565.0,3,4,19,8,18,2,Unfurnished,1.9894715180931701,2.0673285839490836,1.5146188319337326,17.986640737354847,76.8814469150706,9.760609826487292,17659282.0,36917.0
TXN00152,2021-06-16,Ahmedabad,Bodakdev,23.040935825762606,72.5056842325543,Row House,874.0,3,4,6,10,16,0,Furnished,2.027089853902838,1.640412680928354,2.4672460679441546,7.619771626846827,87.03740854464552,6.691031754670383,12373208.0,30226.0
TXN00153,2022-12-02,Ahmedabad,Vastrapur,23.036144899251063,72.53506521822868,Villa,1063.0,2,3,14,2,10,2,Semi-Furnished,2.6502366870732508,3.8864959129896945,2.7296066371172634,24.24047848865054,71.56069005609707,9.057789149167316,11938789.0,25003.0
TXN00154,2025-01-13,Ahmedabad,Vastrapur,23.033567256755152,72.52670919190768,Row House,996.0,2,3,19,12,16,0,Semi-Furnished,2.4762475810823372,3.4550809976509678,2.56434497409683,19.1451056348172,84.951954064229,7.73675863100158,10360190.0,25288.0
TXN00155,2024-11-17,Ahmedabad,Satellite,23.033294883708177,72.51558808674973,Apartment,1437.0,2,2,2,10,12,0,Semi-Furnished,2.4730703896616193,3.0894772892958247,1.8768349099215063,8.342919152996362,78.96303679772733,8.68455205348246,15343036.0,33711.0
TXN00156,2024-09-20,Ahmedabad,Thaltej,23.04673282728292,72.51483026475968,Apartment,1612.0,3,2,13,2,11,2,Furnished,2.2560523532216537,2.7140096547629686,3.268678775948901,14.468760914183502,75.06920121291644,8.342367852284951,17904386.0,40833.0
TXN00157,2025-02-13,Ahmedabad,Bodakdev,23.03567265314848,72.51128823478412,Row House,2685.0,5,4,22,3,19,1,Unfurnished,2.7655634849622626,2.518322130088789,2.1657507007968673,13.885753812333816,85.53184091042442,8.659255016394885,33545908.0,72135.0
TXN00158,2020-09-23,Ahmedabad,Vastrapur,23.041799261306224,72.5259667644549,Apartment,1067.0,2,2,16,10,19,0,Unfurnished,2.5121557260970437,3.3932950656436165,1.9962340015203308,15.2757618153626,73.6089766857319,8.05830632641294,9864084.0,24353.0
TXN00159,2021-10-02,Ahmedabad,Thaltej,23.056263118124814,72.51703463817208,Apartment,928.0,1,2,20,4,6,0,Furnished,2.5551468121946006,2.727683824339399,2.8455312829334387,21.815868748810654,78.91118938886625,8.456305490145917,9162668.0,22248.0
TXN00160,2024-06-22,Ahmedabad,Vastrapur,23.038537132857414,72.53559654552679,Apartment,2450.0,5,4,19,11,14,1,Unfurnished,2.5025504487185906,1.8717616396268428,2.2897530477700716,23.12105357587302,64.32301922451661,6.337308222529835,22161195.0,56245.0
TXN00161,2019-09-14,Ahmedabad,Chandkheda,23.109797487547773,72.58282613005159,Villa,2067.0,4,4,16,10,19,1,Semi-Furnished,3.2330625043988612,4.141458347833609,3.0466087716322785,9.942721646228144,62.83088977939596,9.820402880802575,14944300.0,33913.0
TXN00162,2019-12-12,Ahmedabad,Bopal,23.0293217971372,72.47236502245771,Apartment,1348.0,2,2,13,2,8,1,Unfurnished,2.213987153837336,3.323144345729484,3.4227426270868984,5.0,79.48772898816173,9.71354068501407,9820527.0,21799.0
TXN00163,2023-05-21,Ahmedabad,Thaltej,23.05407804367066,72.51964037138657,Apartment,2215.0,3,4,22,1,13,1,Semi-Furnished,2.139112268821173,2.937980232248338,3.72912180286828,21.55242552584553,79.88544461837012,7.951180836870046,20150967.0,44589.0
TXN00164,2019-04-13,Ahmedabad,Shela,23.0022221390323,72.45853216239934,Villa,923.0,2,1,22,3,15,1,Unfurnished,2.212594151535061,3.723604263737673,3.616427896541133,5.0,87.98925017080215,10.49038719617877,6200672.0,14047.0
TXN00165,2020-07-21,Ahmedabad,Prahlad Nagar,23.010644798234594,72.50986198709666,Apartment,1597.0,3,4,21,7,16,0,Semi-Furnished,2.5203662350519047,3.072097987507384,2.510576402993923,10.634026868922824,75.43461381244725,8.967106664641138,21694178.0,45976.0
TXN00166,2019-06-14,Ahmedabad,Maninagar,22.99940148272279,72.60470242653267,Apartment,1102.0,2,2,15,11,13,1,Furnished,2.636439885553628,3.11463659441359,2.4143534582389514,15.453099421381772,66.34878020388906,10.443467485746215,8615999.0,19535.0
TXN00167,2019-11-13,Ahmedabad,Bopal,23.028542286327745,72.46331796662625,Apartment,1732.0,3,3,2,5,11,2,Semi-Furnished,2.2608432720248413,2.807530891192771,2.8321288541844827,19.70679424801706,84.66999763742302,6.989765286190308,12747527.0,30203.0
TXN00168,2021-04-20,Ahmedabad,Chandkheda,23.10334257442668,72.5899757080229,Apartment,552.0,1,1,2,4,12,0,Semi-Furnished,2.1638123338240205,3.6978461730662695,3.279165898491697,5.0,79.3024001281378,9.311925222636768,4271856.0,10028.0
TXN00169,2021-09-07,Ahmedabad,Vastrapur,23.035818948874404,72.52772911142699,Apartment,2743.0,5,4,16,7,12,0,Furnished,2.542826926315184,3.3481697426851236,2.447338325789899,14.392755583442135,75.48237578915162,10.244883502974336,32793392.0,69558.0
TXN00170,2024-12-22,Ahmedabad,Bodakdev,23.036366395784412,72.51773812491598,Apartment,2066.0,4,3,4,10,12,0,Unfurnished,1.8523709250278544,3.470615153986063,2.2422185972130686,10.65699117858585,76.66125804221682,8.97851346671146,24133137.0,60134.0
TXN00171,2023-08-31,Ahmedabad,Chandkheda,23.11158563400883,72.58122232076761,Apartment,1887.0,4,4,14,9,18,2,Semi-Furnished,2.5522626615815622,3.0115792322054107,1.9936535456142945,11.70188140414332,72.0668242034753,6.3843240919064375,12377686.0,29868.0
TXN00172,2024-06-07,Ahmedabad,Chandkheda,23.11391536536495,72.58031447067813,Apartment,2347.0,5,4,22,12,13,0,Unfurnished,2.678405417680174,3.382165829604309,2.5323972714232523,13.529700979458976,76.0209574961794,9.177780273689299,14676943.0,34264.0
TXN00173,2022-04-13,Ahmedabad,Vastrapur,23.031059858008405,72.53142945988863,Apartment,1271.0,2,1,14,12,13,0,Semi-Furnished,2.4575553994010324,3.321294611395057,2.4196571996500236,8.205297243128621,69.09006165442966,9.527040105345835,14711159.0,31138.0
TXN00174,2022-11-03,Ahmedabad,Maninagar,22.99201553406823,72.60547870302678,Apartment,1914.0,4,4,6,6,6,2,Unfurnished,2.0587503544355417,2.820629260415785,2.364579354020895,23.541331680855695,68.66091837598492,9.560934858170551,12862564.0,30113.0
TXN00175,2019-08-04,Ahmedabad,Bopal,23.03168986969695,72.46790411613216,Row House,2416.0,4,4,6,4,15,0,Furnished,2.364876624483402,4.056624264365176,3.410357750521941,9.496692331518721,82.20739272312125,9.098575981616834,19790653.0,50408.0
TXN00176,2024-03-11,Ahmedabad,Satellite,23.02705490753385,72.51811330698034,Apartment,756.0,2,2,6,5,10,1,Semi-Furnished,1.9227994557689723,2.765611614296291,2.3824811780189856,15.406200243053984,66.38546231084112,11.476226527492699,9035803.0,19574.0
TXN00177,2020-04-15,Ahmedabad,Bodakdev,23.039141076920355,72.51168092860678,Apartment,2768.0,5,4,16,11,11,0,Semi-Furnished,2.208387497704984,2.390912162657289,2.3322892374104116,11.807992166484286,81.24973350484069,8.400463938410265,34841593.0,93159.0
TXN00178,2020-01-23,Ahmedabad,Prahlad Nagar,23.00765978860124,72.51732409868623,Apartment,2312.0,4,4,12,6,14,0,Unfurnished,2.273805293432583,3.280095474714147,2.5425867773236823,21.864408036788113,92.34133626391082,9.103245117503427,25738479.0,58564.0
TXN00179,2025-01-29,Ahmedabad,Vastrapur,23.040474656678896,72.53394898941194,Apartment,586.0,2,1,21,7,16,0,Furnished,2.230889767469631,1.7631586617956994,2.9398021566067145,13.777620665179851,86.15863160597767,9.78152056648253,6600458.0,15042.0
TXN00180,2025-05-29,Ahmedabad,Thaltej,23.04663620344532,72.51609182301945,Apartment,1571.0,3,4,23,5,18,0,Furnished,2.012676254341465,3.806173487469161,2.7009641415394063,8.626824413776506,76.07942003681002,8.838467445594524,16356745.0,34553.0
TXN00181,2025-07-23,Ahmedabad,Prahlad Nagar,23.011005944011277,72.50994121313225,Apartment,2071.0,3,4,16,6,8,0,Semi-Furnished,2.1307654223235737,2.1708097177318963,2.186222926002328,19.658235117282434,72.66117606390954,9.025262941419838,24474187.0,58573.0
TXN00182,2022-10-16,Ahmedabad,Gota,23.099887236304223,72.54068203274409,Villa,1295.0,3,2,4,9,11,0,Unfurnished,2.574748867020041,2.764169969852862,2.63629696005636,7.602922398285763,79.10526308306997,8.486597938310432,9430935.0,21516.0
TXN00183,2019-06-12,Ahmedabad,Prahlad Nagar,23.01669211831047,72.50613433397596,Apartment,1397.0,3,3,4,6,19,0,Furnished,2.2674008124046163,1.8026864228323385,2.607571613269604,19.705741364823425,77.94639679264817,8.065670675089342,16525646.0,39301.0
TXN00184,2025-11-14,Ahmedabad,Prahlad Nagar,23.017813915243167,72.50537405557272,Villa,708.0,1,2,23,6,10,2,Furnished,2.2432490399452516,3.07294018949175,2.841302372967147,8.10962967783026,73.29514623917754,10.398590056995541,10774816.0,20043.0
TXN00185,2021-07-20,Ahmedabad,Chandkheda,23.113118117683086,72.58114916304415,Apartment,2766.0,5,4,1,2,17,2,Unfurnished,2.8772390835764172,3.927563613096227,3.0070756840936452,5.0,81.41071965891,8.243133767967766,20253035.0,46511.0
TXN00186,2023-07-14,Ahmedabad,Satellite,23.032673670741143,72.51532127428771,Apartment,989.0,2,1,14,6,15,0,Semi-Furnished,2.6903959989814368,2.773055915446224,2.4469035310107685,17.639699994065325,76.4773483713344,8.88451197490428,10524170.0,25690.0
TXN00187,2023-11-27,Ahmedabad,Satellite,23.02954433442779,72.52510687938847,Apartment,690.0,1,2,2,8,12,0,Furnished,3.268440559327097,2.4053771517158045,3.8414626029041545,12.934823507820678,71.61333251635875,9.27175135728282,8630752.0,19630.0
TXN00188,2022-05-20,Ahmedabad,Maninagar,22.992420558773453,72.60336176177401,Apartment,2368.0,4,4,5,4,14,1,Semi-Furnished,3.83387246825893,3.0111185177676254,1.9742099923120686,13.960671241604564,70.28000219569891,8.452961808680922,17536890.0,41641.0
TXN00189,2021-06-01,Ahmedabad,Maninagar,22.989007840898438,72.59915178333527,Apartment,2619.0,4,3,2,11,16,0,Furnished,2.6492698270793547,3.5312609922897167,1.8220580003814302,23.328525108272128,70.762657600895,8.750255779006539,20961096.0,45346.0
TXN00190,2022-05-03,Ahmedabad,Bodakdev,23.043599026935002,72.50382692643855,Villa,646.0,1,1,18,4,5,0,Semi-Furnished,1.5822989274591626,2.272009181064516,2.315854190839776,5.0,88.35131689685089,9.269455437036704,8047633.0,19181.0
TXN00191,2023-08-26,Ahmedabad,Bodakdev,23.041365315088683,72.50023229970546,Apartment,1638.0,3,2,8,12,12,1,Unfurnished,2.366424503452939,3.19336823976953,1.9985545037947636,10.14723640068972,86.2248888498387,9.340029616513972,19940290.0,48601.0
TXN00192,2022-06-23,Ahmedabad,Chandkheda,23.105698846479115,72.58347904474866,Row House,1656.0,4,3,25,5,16,2,Semi-Furnished,2.9719297768833486,3.252397692909204,2.4838883314245592,10.623519896187947,71.28345471942711,10.100260874219675,11934669.0,29467.0
TXN00193,2024-02-28,Ahmedabad,Chandkheda,23.110743338310076,72.58459750736382,Apartment,1779.0,4,4,7,6,6,0,Unfurnished,2.473430955557188,3.678157979559963,3.0702995640868487,13.910735353217484,74.93714012885167,9.738043678878249,10929266.0,28822.0
TXN00194,2020-09-12,Ahmedabad,Chandkheda,23.099002258455844,72.57984428319806,Apartment,1052.0,2,2,7,9,9,0,Semi-Furnished,2.4626886862604187,3.3796722197211064,2.994900821936893,5.0,89.67146286480494,9.729675387163875,7145185.0,17704.0
TXN00195,2019-03-25,Ahmedabad,Gota,23.09521805478846,72.53703793671801,Apartment,2340.0,5,4,20,4,10,2,Unfurnished,2.268383879743145,3.8138800763934415,1.8021675337028713,5.8521079023057645,91.4617312037494,8.840363926823306,17506024.0,37435.0
TXN00196,2023-07-13,Ahmedabad,Gota,23.092201014972133,72.54824719661093,Row House,1892.0,4,4,8,8,16,0,Unfurnished,2.5551409840412074,3.6103100863309954,2.5656459153108235,14.172234363588146,80.63446167175239,9.934888680647578,13100001.0,31360.0
TXN00197,2020-06-01,Ahmedabad,Prahlad Nagar,23.009820019612487,72.5125410989266,Apartment,1195.0,4,4,23,8,14,1,Semi-Furnished,1.9741573070898204,2.3351506607714803,2.5460292108320033,11.054952626672806,84.52472772089078,9.359690453116594,15507835.0,33191.0
TXN00198,2024-11-01,Ahmedabad,Maninagar,22.995224822612357,72.60087452003238,Apartment,797.0,1,1,16,11,11,1,Semi-Furnished,2.8949403364799062,3.17492554404622,2.3657768586124224,16.582413653752475,66.79192449988847,8.54468854263214,5300250.0,13282.0
TXN00199,2019-05-27,Ahmedabad,Thaltej,23.051681291319106,72.51830268381322,Apartment,1224.0,2,2,16,1,16,2,Furnished,2.916060271695197,2.321423675621132,2.3838163803116146,14.739806286489175,79.23582731765724,9.29086845200067,12556295.0,28907.0
TXN00200,2022-12-06,Ahmedabad,Bodakdev,23.038367346684453,72.5067124075398,Villa,1805.0,2,2,6,9,9,0,Semi-Furnished,2.2967476898269155,2.6549541132456587,1.1431203339384672,11.19304781581054,84.9141337551431,8.213178629974264,21943798.0,54231.0
TXN00201,2019-01-03,Ahmedabad,Satellite,23.029706085353638,72.51970449578728,Villa,1288.0,2,1,17,10,15,1,Unfurnished,2.6622977497131406,2.3603895403941584,1.8430750329590821,12.631422242072546,75.94930831294751,9.233617787211518,14971483.0,29858.0
TXN00202,2025-10-06,Ahmedabad,Prahlad Nagar,23.015799751558454,72.50514781167323,Villa,2335.0,3,3,7,6,10,2,Semi-Furnished,1.7027217691333563,2.8801285667641214,2.522768140929369,6.676724262514749,66.85054402732479,8.841702780267942,28844457.0,66697.0
TXN00203,2023-09-25,Ahmedabad,Prahlad Nagar,23.01296052547003,72.51177766347416,Apartment,2437.0,4,4,18,3,15,0,Furnished,2.3959574381609237,2.568064100850641,1.124630348961118,5.0,75.85162398257296,9.34823239796463,30206529.0,73252.0
TXN00204,2022-12-19,Ahmedabad,Shela,23.005428620291358,72.4598829841113,Apartment,1834.0,3,3,16,12,17,0,Semi-Furnished,3.110042335763266,3.8570812930855034,3.339471063909375,18.962818851989855,76.36966412597646,10.690259635174389,13229518.0,27947.0
TXN00205,2019-10-08,Ahmedabad,Prahlad Nagar,23.006174756873957,72.51081676138048,Villa,1773.0,3,3,13,8,18,2,Semi-Furnished,2.2027030135942454,2.4015138109428897,2.7752253679736154,10.126480777999735,83.87155718198979,8.63226154296059,21749324.0,49550.0
TXN00206,2021-02-14,Ahmedabad,Satellite,23.022416059203415,72.52368430375228,Apartment,2340.0,5,4,15,10,11,0,Furnished,2.728447545761008,2.55091030655165,1.6192608840482265,6.409825366773481,76.94871553963755,7.1444868890619935,28952766.0,68348.0
TXN00207,2022-06-27,Ahmedabad,Satellite,23.033497369713785,72.52232549917575,Villa,1324.0,2,1,7,1,16,2,Furnished,1.4190771127161166,2.388588912121395,2.8945597800488616,14.410365293427919,79.3360775226341,8.29138118504947,16846109.0,38571.0
TXN00208,2022-02-12,Ahmedabad,Satellite,23.035288543576314,72.52054337335306,Villa,1240.0,2,3,3,3,8,2,Semi-Furnished,2.489605852773474,3.220406299002132,2.3046827814110813,20.320857745265982,72.61131921386725,10.343110353361757,15580540.0,31237.0
TXN00209,2024-08-15,Ahmedabad,Shela,23.005050314009406,72.46762727410689,Row House,1428.0,3,4,20,5,9,1,Semi-Furnished,3.1709950477343165,2.969749090649354,2.7641110237223785,14.154337804965152,84.17313315352084,10.123783177400865,9982192.0,22068.0
TXN00210,2020-07-30,Ahmedabad,Maninagar,22.989657117962782,72.605750091687,Apartment,559.0,1,1,6,8,10,0,Semi-Furnished,2.035964211737796,2.372679954932938,2.6466207526474106,27.517119199058893,74.8419973204241,8.27721442475434,3985190.0,9730.0
TXN00211,2025-03-11,Ahmedabad,Maninagar,22.999135237765596,72.59518360149741,Villa,1565.0,2,2,17,5,13,2,Semi-Furnished,2.511700263531792,2.8183272663365035,3.505444394099685,24.443717198168653,70.41066583356768,7.53087583143737,10950254.0,25075.0
TXN00212,2020-03-26,Ahmedabad,Chandkheda,23.113403443615436,72.58290283193327,Apartment,1752.0,3,4,0,2,17,1,Unfurnished,2.9081595992542075,2.9203597003401747,2.8562392287983656,19.28767409335355,84.30409074565206,11.479573237719407,12258645.0,27848.0
TXN00213,2025-05-09,Ahmedabad,Chandkheda,23.1059054089532,72.58081282773357,Apartment,906.0,2,2,1,3,7,2,Furnished,3.1080519864140244,2.8796152501277468,3.263684815245765,23.32727056772466,79.63000808476076,9.401985170011285,7453170.0,17706.0
TXN00214,2020-12-11,Ahmedabad,Shela,23.010832683229914,72.46528054207347,Apartment,2329.0,4,4,8,12,16,0,Unfurnished,4.062908960575569,3.452889426001907,2.791355119743208,5.0,91.80947355422776,11.474919040018166,16826585.0,31656.0
TXN00215,2021-12-18,Ahmedabad,Satellite,23.031313095848326,72.51548969103516,Villa,1901.0,4,4,14,3,16,2,Semi-Furnished,2.120204342440616,2.2682776931873025,1.3992174645036983,19.470550965220205,69.79193510141695,10.489071698437336,23146529.0,47836.0
TXN00216,2024-12-17,Ahmedabad,Maninagar,23.00034551783151,72.60294935241518,Row House,2502.0,5,4,25,7,16,2,Furnished,2.91543902123413,3.506293574705355,3.2980030421366617,14.233222236925231,65.97130101107324,8.354570698319126,18646934.0,44915.0
TXN00217,2025-05-06,Ahmedabad,Bopal,23.03249316426501,72.46639173790874,Apartment,1110.0,3,2,19,7,19,0,Semi-Furnished,3.3430955199829313,3.0387676488540443,3.4614785416469886,9.659910286683893,84.54016699425851,11.338391566938972,9205563.0,20711.0
TXN00218,2021-03-01,Ahmedabad,Prahlad Nagar,23.01460679216842,72.51026868282807,Row House,752.0,1,1,6,11,18,2,Unfurnished,2.315548880993575,2.5038140015161643,1.4312459635032728,12.157313717541077,67.59368542530659,7.7492650670608025,8749184.0,20281.0
TXN00219,2024-07-11,Ahmedabad,Thaltej,23.060505939636148,72.52040068020504,Apartment,1285.0,3,2,6,10,10,1,Semi-Furnished,2.2791381730794464,3.3363261328653784,2.5683870586583497,10.510261358134597,77.60664518495507,7.694776244415077,11419516.0,28881.0
TXN00220,2025-07-11,Ahmedabad,Gota,23.089071497238017,72.53928571212843,Apartment,2256.0,3,3,2,6,17,0,Unfurnished,2.7032350637199682,2.8023102039100563,2.243758489867039,10.147155563311467,76.55388852132663,8.201011708926352,15293455.0,38093.0
TXN00221,2020-11-29,Ahmedabad,Bodakdev,23.04324043504409,72.50914491202076,Apartment,2020.0,4,4,20,8,12,0,Unfurnished,1.8704166188422247,2.2525853076860303,2.657301023710677,12.569652375267733,83.68512609235313,10.011887969941549,25575299.0,58982.0
TXN00222,2021-12-29,Ahmedabad,Gota,23.088103678106535,72.53365002870508,Row House,1819.0,3,4,11,4,10,2,Semi-Furnished,3.0933856550329493,4.755980530787153,2.6697453197478156,10.875968292549686,78.0718805906284,8.779933156348559,14969640.0,30779.0
TXN00223,2022-04-16,Ahmedabad,Bopal,23.029204673588087,72.459912579262,Villa,1955.0,4,4,16,10,14,1,Semi-Furnished,2.375586471184132,3.884967582923829,2.636763253882805,5.559105865503317,87.54666056561712,9.248655177530608,15083825.0,34327.0
TXN00224,2021-07-26,Ahmedabad,Chandkheda,23.112184356923326,72.58436188796455,Row House,1081.0,2,2,11,7,10,2,Semi-Furnished,3.38352863858634,4.01073669515909,3.164246972712072,16.565274663881254,77.36321891991867,10.275550620724651,7513578.0,18215.0
TXN00225,2022-04-08,Ahmedabad,Chandkheda,23.108092463907866,72.58619490223386,Row House,1279.0,3,2,6,2,13,2,Semi-Furnished,2.431777408799838,4.224227783204247,3.8536159794917926,5.0,80.25573513847223,8.871791001363498,9900240.0,20590.0
TXN00226,2025-11-26,Ahmedabad,Thaltej,23.04667295530295,72.51563638496876,Apartment,2154.0,3,2,25,3,4,1,Furnished,2.941743173921082,3.0306028600121997,2.3404471297235125,8.707502256114495,77.80667900260416,8.773147104786332,23208252.0,44468.0
TXN00227,2022-09-17,Ahmedabad,Chandkheda,23.109744982940036,72.5791571240837,Apartment,982.0,2,3,21,10,17,0,Semi-Furnished,2.6664104011813614,3.1823831303213366,2.9097731090162573,12.100053283990524,78.19815045058212,11.328456208836796,7385598.0,17232.0
TXN00228,2020-07-10,Ahmedabad,Thaltej,23.049321654510013,72.5094690473188,Apartment,1717.0,4,4,17,10,14,1,Furnished,3.528653635252205,2.966642692911211,2.1126140022108197,21.786594993535783,79.46892950118713,9.426351113288618,17864804.0,39779.0
TXN00229,2023-07-17,Ahmedabad,Maninagar,22.990403362837846,72.60204134225273,Apartment,631.0,2,1,6,6,10,0,Semi-Furnished,3.021443753111689,2.737412670952849,2.998255959917981,13.697919450661557,64.90978382059556,6.760050224589085,4282663.0,9768.0
TXN00230,2019-06-26,Ahmedabad,Bodakdev,23.034652361120074,72.50038516012889,Apartment,1507.0,2,2,24,10,17,0,Semi-Furnished,1.7305728005496865,2.8916122307842076,3.104843898476092,11.790258216697026,82.10522141003835,10.151715296237109,19404487.0,44116.0
TXN00231,2020-01-06,Ahmedabad,Bopal,23.02709656711725,72.46013798856463,Apartment,906.0,1,1,3,8,19,1,Semi-Furnished,3.335679692845493,3.397153565436591,3.3956692242748483,5.0,77.11347705130233,9.552986342317418,7149429.0,16096.0
TXN00232,2025-12-05,Ahmedabad,Prahlad Nagar,23.006120498943936,72.50380863912451,Villa,1387.0,2,2,5,2,11,0,Furnished,1.8874898210465465,2.748758298700065,2.5433807954724696,16.075156778687678,76.61364192060306,7.200991500209522,15948118.0,46961.0
TXN00233,2020-04-15,Ahmedabad,Satellite,23.032663332391227,72.51805005503769,Apartment,1353.0,3,3,6,4,12,1,Semi-Furnished,2.271103457617435,2.3418172884192785,1.9999333321687651,15.62825152385737,75.9384995476274,9.453725085660132,15236621.0,32653.0
TXN00234,2021-03-15,Ahmedabad,Shela,23.00546072353261,72.46378263758034,Apartment,747.0,1,2,5,12,13,1,Furnished,3.099265824782798,4.216258663559322,3.2751664856285356,8.951897491240215,88.8183640384103,11.219648714447422,5632564.0,13341.0
TXN00235,2024-09-30,Ahmedabad,Prahlad Nagar,23.009460528298618,72.51193295987778,Apartment,1434.0,3,4,22,7,11,0,Semi-Furnished,2.1489590248146992,2.568187838065429,1.8587250360185488,26.403166227891237,75.5536153703734,9.09394957750461,17374570.0,36326.0
TXN00236,2025-09-01,Ahmedabad,Thaltej,23.056803171033714,72.51232664652659,Apartment,1559.0,3,2,22,3,8,0,Semi-Furnished,2.2022350813938325,2.5581689960412333,1.9777917558457838,9.491673559288754,66.6177692887411,7.714862712109832,14423460.0,34703.0
TXN00237,2019-03-16,Ahmedabad,Maninagar,22.99613376574298,72.59786355544189,Apartment,1434.0,2,2,10,12,13,0,Semi-Furnished,2.4706903985188804,2.4589801934586135,2.2997438133938566,14.417954856589871,69.63954380012599,7.058836708841735,10305817.0,23296.0
TXN00238,2024-05-08,Ahmedabad,Prahlad Nagar,23.01437878687794,72.5046479232783,Apartment,1938.0,4,4,4,6,7,2,Furnished,1.6099256754229374,2.7148375492653223,2.6698314233353124,13.739927539221243,86.57872471482251,12.090481166338751,28172150.0,57147.0
TXN00239,2025-05-27,Ahmedabad,Vastrapur,23.036450439911988,72.52614104622796,Row House,2592.0,5,4,18,1,15,1,Semi-Furnished,3.1179482207390627,3.2337752079955675,2.2491486340250066,15.431118691954122,74.1708776676299,9.073995190720439,26290585.0,58790.0
TXN00240,2020-01-25,Ahmedabad,Chandkheda,23.109395326477237,72.57987458119729,Villa,2346.0,4,4,10,6,19,1,Semi-Furnished,3.124871463322418,3.18610018268024,3.022007663778012,24.193087120893992,75.84087832314533,9.277122691967671,16391352.0,38888.0
TXN00241,2019-03-27,Ahmedabad,Maninagar,22.997354942491526,72.60160633036537,Row House,2146.0,4,4,10,1,12,2,Semi-Furnished,3.0318150028044575,3.0932512752441177,2.9022543053518293,14.900398191396473,69.25438178567414,9.263724440678025,16832809.0,37807.0
TXN00242,2020-12-16,Ahmedabad,Prahlad Nagar,23.00920150971518,72.49755121680671,Apartment,710.0,1,1,5,8,14,1,Furnished,2.140269889942272,2.5412359070032546,1.114582164420487,10.78243606444744,77.03824234306188,8.975486817296993,10015466.0,20017.0
TXN00243,2023-07-29,Ahmedabad,Maninagar,22.99193857793952,72.59726013916686,Apartment,2326.0,4,4,15,7,19,2,Furnished,3.09336429801651,3.1329782129392174,2.2935676832434737,7.852507935092689,71.52786170303565,7.946291157935612,20152886.0,42440.0
TXN00244,2022-08-19,Ahmedabad,Thaltej,23.05011933514851,72.51723508413895,Apartment,2178.0,4,4,21,11,13,2,Unfurnished,2.641024831110299,2.66649363462526,3.425206161187513,11.089923722336902,61.48831430382571,10.068477990584883,22062944.0,48473.0
TXN00245,2022-02-22,Ahmedabad,Chandkheda,23.114040254787458,72.57878275932204,Apartment,1560.0,3,4,18,3,9,0,Unfurnished,2.5392738811907507,3.181598925023674,2.618378169359399,15.395837398792942,82.14027583421571,8.000019784946485,10103822.0,24089.0
TXN00246,2020-10-15,Ahmedabad,Chandkheda,23.108477500611734,72.58568011167115,Apartment,2514.0,5,4,4,12,16,1,Furnished,2.5830464424223627,4.239823216294561,3.0420052419054753,5.0,79.12331581043273,9.696926773553301,22615527.0,45022.0
TXN00247,2019-02-23,Ahmedabad,Thaltej,23.04467342095977,72.50968826994402,Apartment,1695.0,4,4,6,6,17,0,Unfurnished,2.733333882446911,2.636127500799297,2.157378596410488,9.841798373101119,84.02917679763192,9.529557249270196,15985959.0,35861.0
TXN00248,2023-10-19,Ahmedabad,Chandkheda,23.11134649482651,72.57160039205709,Apartment,2709.0,5,4,7,7,17,2,Semi-Furnished,3.0837854865286816,4.0791464819810725,3.244703187973511,11.441939569953165,73.57455802493288,8.329946820375836,18669484.0,45624.0
TXN00249,2019-11-28,Ahmedabad,Chandkheda,23.11511012076696,72.57662746936795,Apartment,2125.0,4,4,9,2,13,2,Furnished,3.0369289973631677,3.364589363694101,2.577389629677538,23.730049910395643,84.93162320665206,10.604167630503076,17361048.0,35681.0
TXN00250,2022-04-20,Ahmedabad,Satellite,23.03120245922706,72.52021550528112,Apartment,1551.0,2,3,13,4,15,2,Furnished,3.334988727925236,3.1947801292900313,2.196922452716001,14.353071840181675,80.73276811900944,10.094018133819088,19409635.0,42391.0
TXN00251,2024-07-05,Ahmedabad,Maninagar,23.0028005559367,72.5993265012668,Row House,2395.0,4,4,16,6,19,2,Furnished,2.4576783543665335,3.9543438671718336,2.973960424470478,37.776156733287536,62.863928486695954,6.969773495182778,18631331.0,44439.0
TXN00252,2024-11-16,Ahmedabad,Shela,23.005888528970196,72.46489217665426,Apartment,779.0,2,1,1,11,15,0,Unfurnished,3.0331329298322642,3.7797206716888527,3.0375551808033876,11.544710805515852,80.90885014788415,9.700475308828471,4845048.0,10931.0
TXN00253,2019-05-13,Ahmedabad,Thaltej,23.054476348339406,72.51313284324783,Apartment,2423.0,4,4,1,9,16,1,Furnished,1.737672973033781,2.660288330694096,2.9905363993459164,5.0,85.0668193981548,10.512846456013103,26816494.0,57876.0
TXN00254,2019-10-31,Ahmedabad,Maninagar,22.993486859130545,72.59816616357722,Apartment,1875.0,3,4,11,1,8,2,Semi-Furnished,2.0595168254078398,2.6015037317137355,2.900002413387973,29.214698480365612,64.67862069609248,9.031842499108716,14561015.0,31496.0
TXN00255,2024-01-14,Ahmedabad,Bodakdev,23.041304349134816,72.5044543151713,Villa,2445.0,5,4,7,7,9,2,Semi-Furnished,1.9161911029094378,2.6177297098085277,2.4796509656333923,7.248865306242786,76.80581091470941,7.373983390303349,34313199.0,73625.0
TXN00256,2023-03-02,Ahmedabad,Maninagar,22.995173800097408,72.60298378923758,Apartment,2230.0,4,4,7,10,14,2,Furnished,2.6361899551760253,3.142992194901233,2.8325083766543098,30.700014536372926,52.7316762234952,8.95712272025808,18134664.0,40641.0
TXN00257,2020-08-06,Ahmedabad,Bopal,23.022915180646432,72.47234758067933,Apartment,1699.0,3,3,4,7,14,0,Semi-Furnished,2.747767013309737,2.487463992209375,2.8360119853034886,5.0,89.27038799462674,8.904785174294986,13247521.0,31464.0
TXN00258,2019-04-15,Ahmedabad,Gota,23.08642497464682,72.53097929776611,Apartment,2415.0,5,4,7,5,9,1,Semi-Furnished,2.790845584955159,3.2083972037905535,1.837837603856653,17.180704905907525,78.09119760298658,9.25456069648583,17848512.0,43027.0
TXN00259,2023-02-01,Ahmedabad,Gota,23.087614513329452,72.53125437423994,Apartment,2036.0,4,3,8,9,10,2,Unfurnished,2.439963706350905,3.7553028687791117,2.675837381924399,7.762801529341234,83.11477498313228,11.90110027003462,16033008.0,32879.0
TXN00260,2022-06-20,Ahmedabad,Prahlad Nagar,23.020279048950602,72.50925015965592,Villa,2588.0,5,4,16,1,4,2,Semi-Furnished,1.6625767551766222,3.47398993536102,2.660049988148873,5.0,77.20592595985508,7.212109885368031,30754967.0,67821.0
TXN00261,2024-12-12,Ahmedabad,Bodakdev,23.037642352723076,72.50144372322846,Apartment,802.0,2,3,13,12,16,2,Furnished,2.9408847591551646,2.7741214366302307,2.9131993771174853,5.0,75.02859867040112,8.21988533876335,11738048.0,25829.0
TXN00262,2024-04-16,Ahmedabad,Prahlad Nagar,23.01184062247368,72.5045325905603,Apartment,844.0,1,2,10,11,12,1,Semi-Furnished,1.9339495612710473,2.7106234360169754,2.194484214094055,5.0,77.1890783578055,11.036839798143086,11326813.0,22760.0
TXN00263,2022-11-26,Ahmedabad,Chandkheda,23.10337850998405,72.58211530997353,Villa,1481.0,3,4,22,5,16,0,Furnished,2.54408725336035,3.0464430287685174,3.3049433174011345,12.023911650500306,78.86753472193263,7.492333836280228,9749115.0,26078.0
TXN00264,2025-12-03,Ahmedabad,Maninagar,22.995077309694672,72.60760146366754,Apartment,868.0,3,4,1,3,4,1,Semi-Furnished,2.1984662757119326,3.309428408894698,1.623577871328739,17.9270352903967,67.60784233091958,7.193657720246053,6069443.0,15072.0
TXN00265,2023-12-04,Ahmedabad,Bodakdev,23.043444696191564,72.50765399141456,Villa,2229.0,4,4,18,5,5,1,Furnished,1.9423960264502402,2.5490295424307017,1.9848480105081652,11.172682206787346,81.67975093342893,9.916197694823497,34428596.0,69377.0
TXN00266,2024-09-29,Ahmedabad,Gota,23.08983232115503,72.54172421797041,Apartment,916.0,3,3,22,11,12,0,Unfurnished,3.1768496257374195,2.9941583939127616,3.113440353858471,11.996174327659329,85.54898530336904,8.68838780943284,6392707.0,15232.0
TXN00267,2020-06-01,Ahmedabad,Bodakdev,23.040461685416513,72.50349914056497,Apartment,2538.0,4,4,12,12,17,0,Unfurnished,3.014018493474407,2.2311855606563724,1.9050956418471068,5.0,73.76169604258814,9.840504566235794,31258783.0,64269.0
TXN00268,2025-01-16,Ahmedabad,Shela,23.00881851117461,72.46823646995355,Apartment,2479.0,4,4,2,2,19,0,Semi-Furnished,2.4875549286949226,3.2081253905615137,3.3796856795352315,6.125731215739,93.63343317063259,9.439854740872224,16334658.0,38600.0
TXN00269,2021-04-25,Ahmedabad,Shela,23.008634347206453,72.46616053330835,Apartment,2575.0,4,4,16,4,17,2,Unfurnished,2.8791294855642287,3.70413020594978,3.596549881740107,5.0,87.1322657804673,9.352965607097556,16163981.0,40301.0
TXN00270,2020-11-28,Ahmedabad,Chandkheda,23.11497132153547,72.58054662602501,Apartment,1001.0,2,1,12,6,6,1,Furnished,3.1678936503662714,4.077304480838647,3.0773431711523993,5.0,83.38826001927896,8.043168422484156,7329093.0,15446.0
TXN00271,2022-03-07,Ahmedabad,Shela,23.007004833308457,72.46547241386003,Apartment,1842.0,3,2,17,10,19,1,Unfurnished,3.103046645095083,3.8978594960918267,3.472672542965489,5.0,81.59555919113883,10.497392838297577,12138370.0,26534.0
TXN00272,2019-04-29,Ahmedabad,Thaltej,23.053043782103526,72.51358761467434,Apartment,847.0,2,3,22,9,19,2,Furnished,3.3030753254712466,3.2112421201163865,2.718836650096553,19.466951364303412,70.61189347951478,9.531370899605578,8160097.0,19468.0
TXN00273,2025-11-02,Ahmedabad,Thaltej,23.048561353285333,72.51632122924872,Apartment,1450.0,3,2,13,11,17,1,Semi-Furnished,1.796115776252139,2.826351418278977,2.924258052694252,22.47537887867189,74.24377501347108,9.372092966434705,14660570.0,33316.0
TXN00274,2022-02-15,Ahmedabad,Gota,23.087335936744157,72.53779673233068,Apartment,1326.0,3,2,13,5,7,1,Semi-Furnished,2.8631160023378524,2.804395201067896,3.5056714553884367,5.0,81.58555956511088,8.798254711411083,10873615.0,22720.0
TXN00275,2019-05-07,Ahmedabad,Bopal,23.022960364512176,72.458739486422,Apartment,1082.0,1,1,19,10,16,0,Unfurnished,2.7330572574332406,3.658356740599862,3.697528779189059,11.681310087675294,87.72250665258923,8.778275206083151,7411942.0,17386.0
TXN00276,2025-06-19,Ahmedabad,Shela,23.00193961549241,72.46568009725702,Apartment,992.0,2,1,9,3,11,2,Semi-Furnished,2.6687242010458507,4.426429006321259,2.7701517972785017,12.985540779195189,85.74617164596441,9.63532262041488,6629430.0,15331.0
TXN00277,2021-10-12,Ahmedabad,Prahlad Nagar,23.02258283476863,72.51154274261461,Apartment,1832.0,4,4,18,1,14,0,Unfurnished,1.7834971217097875,2.6234834086282293,1.911716344818535,6.430396986279402,75.84835587876822,7.070402470653518,20351449.0,46572.0
TXN00278,2019-12-16,Ahmedabad,Vastrapur,23.0464564556921,72.5304036061406,Apartment,2726.0,5,4,8,9,17,1,Semi-Furnished,2.690222749240294,2.825758485873989,2.5473748597007595,23.325460016019235,76.79347756554613,9.31667484680125,28336039.0,63227.0
TXN00279,2024-02-08,Ahmedabad,Bodakdev,23.039124432693928,72.50981649511729,Apartment,1019.0,2,1,12,6,17,2,Semi-Furnished,1.9554055805780426,3.2365064719899403,2.419265599360731,11.491906080467901,81.27382950532015,8.453943470179214,14087518.0,31685.0
TXN00280,2023-08-26,Ahmedabad,Shela,23.002665906484836,72.47154570084938,Apartment,1766.0,3,3,18,6,9,1,Furnished,3.131160468235083,3.4923731836891734,2.6735499512002807,11.010369614262684,82.63460545493705,10.214381641057757,13637668.0,28024.0
TXN00281,2020-02-03,Ahmedabad,Bopal,23.028832905123387,72.47396735120005,Villa,2410.0,5,4,0,10,11,2,Furnished,2.542227538251015,3.358845400062269,3.3425189342517374,7.420785292076436,84.94910995106628,8.105048765040276,20925718.0,46056.0
TXN00282,2022-03-29,Ahmedabad,Prahlad Nagar,23.008297344403065,72.50100592788206,Apartment,2363.0,4,4,2,2,19,1,Semi-Furnished,2.052109853573598,2.532256877001824,2.169828895398317,11.629761831245421,79.51469588755435,8.93560116802816,31295960.0,62217.0
TXN00283,2023-02-02,Ahmedabad,Shela,23.006472040145976,72.46104321691348,Villa,1980.0,4,4,6,7,16,0,Semi-Furnished,3.3256495678935023,3.173176788768631,2.803760897666743,8.775030647605247,87.80674845711215,13.0,15175683.0,32597.0
TXN00284,2020-07-28,Ahmedabad,Gota,23.094909164586568,72.53659917049946,Apartment,795.0,2,3,10,8,19,0,Semi-Furnished,3.072054297193101,3.2148213968134502,3.214645762639644,5.3498549937262245,80.57132758171437,7.66222291537611,5665173.0,13672.0
TXN00285,2019-11-07,Ahmedabad,Gota,23.088210145447174,72.53829565771908,Apartment,2527.0,4,4,14,5,18,1,Semi-Furnished,2.001242106462693,1.7780893007736647,3.223669653645047,9.872719102430803,75.71569247573134,10.84364576036348,20189153.0,46134.0
TXN00286,2021-05-22,Ahmedabad,Bopal,23.030699277308084,72.45557005016406,Villa,912.0,2,2,22,8,13,0,Unfurnished,3.5923416183536334,2.9329772493758357,2.493556735918904,8.955180073566895,80.6798981450703,9.567335442550176,6563431.0,15400.0
TXN00287,2023-03-01,Ahmedabad,Shela,22.99721077933724,72.46064999152095,Apartment,1971.0,4,4,22,5,5,0,Furnished,2.6775603475120877,4.045706660136712,2.751712850586479,5.0,93.7030707609758,9.340784785239109,12712388.0,30608.0
TXN00288,2023-12-31,Ahmedabad,Shela,23.002049772543728,72.46509819932962,Apartment,1082.0,2,2,6,1,9,2,Unfurnished,3.0255369230658724,3.1652773885271097,2.3088805974007145,5.0,91.20906067836,9.60382722503518,7344461.0,16270.0
TXN00289,2022-04-03,Ahmedabad,Bodakdev,23.03984604316315,72.50190223904173,Row House,1263.0,3,4,15,5,11,0,Unfurnished,1.9325358808524096,2.418407580484473,2.1610824117002805,5.0,85.99772369507886,10.19387187843945,16396029.0,34100.0
TXN00290,2021-06-26,Ahmedabad,Satellite,23.027486720058448,72.5168865342388,Apartment,782.0,1,1,22,4,15,1,Semi-Furnished,1.912446969775425,2.277845273902159,2.794065893143438,17.770389188101035,67.40645260645675,9.619893926721526,8751717.0,20214.0
TXN00291,2020-08-23,Ahmedabad,Bopal,23.028217281775788,72.45667103502548,Villa,2292.0,4,4,18,10,14,0,Semi-Furnished,2.0424438056336576,2.684225603015297,2.3609798362428296,5.0,86.68786428849093,9.362623330061142,18492679.0,41897.0
TXN00292,2021-04-02,Ahmedabad,Thaltej,23.043083715413033,72.51479462856662,Villa,1967.0,4,3,15,10,14,1,Semi-Furnished,2.3332549269640293,3.0081332520913047,2.1122964379948233,16.20278714991071,69.47015324167185,9.523981503980416,20357965.0,43496.0
TXN00293,2020-09-19,Ahmedabad,Bodakdev,23.041645205728834,72.50395664490155,Apartment,1091.0,2,1,8,7,12,1,Furnished,2.7273741637894293,3.2809189184591774,2.4341818879296344,18.874240327080173,86.10177237687833,10.79359280375409,15717483.0,38188.0
TXN00294,2020-02-16,Ahmedabad,Maninagar,22.999519881576433,72.59868072647117,Apartment,1787.0,2,2,1,7,9,2,Semi-Furnished,2.5125905266423048,2.7644022064746108,2.6220879871123017,29.486277276104122,69.12687372997274,10.320577515163233,14465184.0,31689.0
TXN00295,2021-06-13,Ahmedabad,Chandkheda,23.105563051465587,72.57866974727409,Apartment,2765.0,5,4,12,6,8,0,Furnished,2.450302732375771,3.216712375941964,3.254464665483737,12.527324753076345,76.10236620439001,8.665458592059819,20145019.0,47827.0
TXN00296,2022-11-20,Ahmedabad,Prahlad Nagar,23.00674489949104,72.50967798908924,Apartment,2258.0,3,3,9,2,19,0,Semi-Furnished,2.240593538520397,2.869066198019015,2.78560462635274,7.825570759887037,79.17491032728877,9.942557038533526,25810751.0,69527.0
TXN00297,2024-04-08,Ahmedabad,Chandkheda,23.108802056436833,72.57721336034997,Apartment,1697.0,3,3,4,6,14,2,Furnished,2.552358783212693,3.7627609905009667,3.4799157419480764,8.940465428978802,80.29844399266759,10.314885416903511,13046051.0,29577.0
TXN00298,2025-10-31,Ahmedabad,Chandkheda,23.105237710655548,72.58353364869636,Apartment,644.0,1,1,5,10,19,1,Semi-Furnished,3.208562067291992,2.9129106780714142,2.2354078433001425,21.04659009437177,77.48455605996037,9.757042017851198,4397628.0,10358.0
TXN00299,2022-05-19,Ahmedabad,Maninagar,22.989115023860375,72.60485219026083,Apartment,2642.0,5,4,21,1,18,2,Furnished,2.55502531135985,3.5552285161311272,1.759550238711013,25.121198165181283,74.51226138219198,9.586779083496953,21438740.0,50557.0
TXN00300,2023-07-16,Ahmedabad,Shela,23.00938061632525,72.4620771500992,Apartment,2781.0,4,4,3,11,14,1,Furnished,1.9839825759610972,4.352860383738455,3.5288231416237936,5.0,92.11704236120795,9.656100463488299,21043306.0,46466.0
TXN00301,2019-01-09,Ahmedabad,Prahlad Nagar,23.017379853179108,72.50608734030193,Row House,1684.0,3,3,17,7,12,1,Semi-Furnished,2.5347212029334623,2.100042690234518,2.1131054999486354,10.328317163679689,65.285376358696,9.64553469645698,22028688.0,45583.0
TXN00302,2022-10-19,Ahmedabad,Bodakdev,23.03559664665106,72.50256420483355,Apartment,2742.0,5,4,8,9,17,0,Semi-Furnished,2.603755454057278,2.3401610228417673,1.7807030112176803,6.068542857737872,80.67508728669803,9.549623489221318,37643871.0,87805.0
TXN00303,2021-08-16,Ahmedabad,Bodakdev,23.038957888728827,72.5056462386576,Apartment,2717.0,5,4,10,7,12,0,Unfurnished,2.108481261481731,3.22077964168149,3.428642835548688,5.0,76.73346360682854,8.091286580230294,35253936.0,80719.0
TXN00304,2021-10-31,Ahmedabad,Prahlad Nagar,23.0131849632984,72.502309485405,Apartment,1080.0,2,1,23,3,10,0,Furnished,2.1786718859663448,2.9859130010141857,3.045468759964139,15.61291739347649,76.80087562739325,10.224308490711547,13910437.0,33432.0
TXN00305,2022-05-09,Ahmedabad,Prahlad Nagar,23.014345400447944,72.50567472607213,Apartment,1696.0,3,3,2,9,18,0,Unfurnished,2.2105375698695457,2.1199363853125224,2.2281869888205055,12.178323554052639,74.76283518137762,7.402751950755497,18907942.0,45571.0
TXN00306,2025-01-31,Ahmedabad,Gota,23.092645913578583,72.53649748507002,Villa,2543.0,3,2,1,9,12,2,Furnished,3.491145324161157,2.9530268568280933,2.8582173973567,5.0,80.50000423802031,11.475400484162643,23353387.0,50954.0
TXN00307,2020-05-25,Ahmedabad,Maninagar,22.994631829845517,72.60027216249739,Row House,2705.0,5,4,25,3,10,2,Unfurnished,2.71113338436184,2.6902696144853557,2.353386495371476,6.813614472756477,73.0979392152442,7.090699547185345,20118395.0,44825.0
TXN00308,2023-04-17,Ahmedabad,Bopal,23.030440722311127,72.46082076442278,Apartment,1093.0,2,3,2,9,15,0,Furnished,2.401632396824483,3.1953709355941893,2.747620651220901,27.32743457238886,84.37381961398634,8.079603763182813,9211090.0,21050.0
TXN00309,2019-08-09,Ahmedabad,Chandkheda,23.109060197184903,72.57412133823172,Apartment,640.0,1,1,10,10,13,1,Semi-Furnished,2.3298515987953823,3.2483844594186344,2.8313608946295274,12.514074988048682,74.3856008048939,8.678167410050786,4211575.0,9723.0
TXN00310,2023-08-29,Ahmedabad,Thaltej,23.055415342187175,72.51656824846634,Apartment,912.0,1,1,20,4,15,2,Furnished,2.8059459606651487,2.6985580069382165,2.1086330442013526,20.378990869117743,79.60930001406352,10.209444060326623,10385304.0,19448.0
TXN00311,2025-04-29,Ahmedabad,Thaltej,23.049257556260773,72.51839546614414,Apartment,2605.0,5,4,17,8,15,2,Furnished,1.8501970740540736,2.784767624658417,3.522411624238323,9.443517218565646,70.70451439989954,8.74971116001748,27911316.0,59105.0
TXN00312,2025-12-22,Ahmedabad,Vastrapur,23.034977359174817,72.5319486472713,Apartment,2314.0,5,4,8,8,9,1,Unfurnished,2.913564553687839,2.9124388122034133,1.9716763471760002,14.817645244755155,82.2572076937576,10.674225069970044,26017865.0,55425.0
TXN00313,2022-03-09,Ahmedabad,Satellite,23.02752273070151,72.52036124437822,Apartment,1085.0,2,2,2,3,7,1,Furnished,1.9378587177058115,2.4475116576576674,1.5720230025315933,5.0,69.48125363725424,9.902835522795996,14439890.0,31291.0
TXN00314,2024-02-07,Ahmedabad,Satellite,23.03708319088691,72.5199212312689,Row House,1002.0,2,3,3,2,12,1,Semi-Furnished,2.553244391869543,2.0025963814276246,2.7797120999824996,16.090587417050394,68.33066229438644,9.433147653934798,11317852.0,26763.0
TXN00315,2024-06-29,Ahmedabad,Thaltej,23.05053847774529,72.51375520302308,Villa,882.0,3,4,10,12,15,2,Unfurnished,2.8429069068590582,3.254219709686988,2.1168056599444194,8.342895257216401,83.14930487590087,10.344769724033457,9087766.0,19961.0
TXN00316,2020-02-02,Ahmedabad,Satellite,23.026638059350685,72.51808679268424,Apartment,756.0,1,1,5,1,19,2,Unfurnished,2.8635923950719686,2.8795185724925183,2.990518019558053,5.0,78.16813113438324,9.26941729238756,7729654.0,17538.0
TXN00317,2020-03-31,Ahmedabad,Chandkheda,23.110752296137196,72.5808018708843,Apartment,2232.0,4,4,24,8,14,0,Semi-Furnished,2.9938269832459548,4.392172157177404,3.492409727772264,5.0,85.35424024706872,10.334437405144715,15941758.0,38971.0
TXN00318,2020-06-14,Ahmedabad,Bopal,23.02976972095038,72.46328283451781,Row House,767.0,1,1,1,8,19,2,Semi-Furnished,2.689278716277656,2.9528924420958456,2.9258625700921477,15.298616559905081,82.97102976634034,8.404944403388978,6540870.0,12532.0
TXN00319,2023-08-22,Ahmedabad,Gota,23.090303166199856,72.54358944583609,Apartment,872.0,2,2,19,7,11,2,Unfurnished,2.5302707675101277,4.240671007797818,2.859804360456411,21.141377355189555,82.84265017549453,10.335261462430214,6507744.0,13904.0
TXN00320,2024-07-01,Ahmedabad,Vastrapur,23.038929949912337,72.53641763998414,Apartment,2519.0,5,4,4,6,11,2,Semi-Furnished,2.138806659048136,2.4157060712762553,2.5993180140504237,24.56519238854353,64.48888672692053,10.309787400806329,28639349.0,58910.0
TXN00321,2025-05-27,Ahmedabad,Satellite,23.034623004149996,72.51165898150957,Apartment,1111.0,2,2,17,1,8,2,Semi-Furnished,2.9100108124063384,1.618457202883036,2.9197496645283056,12.427428079722251,66.05944743942078,9.890942602746328,13136968.0,28667.0
TXN00322,2022-11-07,Ahmedabad,Prahlad Nagar,23.011786594261956,72.50783950376878,Apartment,2715.0,5,4,15,6,14,0,Semi-Furnished,2.7863187578429347,1.766611809189914,2.528394682271448,17.851067522680633,70.73535853484935,8.843655697696331,34077343.0,71595.0
TXN00323,2021-07-18,Ahmedabad,Chandkheda,23.111934805574432,72.57997692981527,Villa,1299.0,2,1,3,4,18,0,Unfurnished,2.9990467651468173,3.005119583657048,3.450582092191606,5.3687327161446,76.46437484561602,8.42295731636298,8387688.0,20476.0
TXN00324,2024-12-13,Ahmedabad,Gota,23.08257591724045,72.54509836266153,Apartment,1283.0,2,1,25,8,16,0,Furnished,3.360956487505697,3.4138044016413587,2.7573079575564288,5.227917894055398,74.82238443069133,11.645096406685068,10381155.0,24719.0
TXN00325,2023-06-07,Ahmedabad,Bopal,23.028454108509134,72.46607674315531,Apartment,2330.0,5,4,0,11,16,0,Furnished,2.921472592237075,3.63868403292111,3.5161820933768815,11.58060584331718,81.21713157661915,10.681947963573743,20336349.0,45951.0
TXN00326,2021-01-03,Ahmedabad,Chandkheda,23.108981995786372,72.57058179754283,Apartment,1516.0,3,3,1,6,15,2,Semi-Furnished,2.8645701864329967,4.256859304669518,3.3449200875997094,15.775231928133156,75.77672395370121,11.781427465994057,11612718.0,24127.0
TXN00327,2021-02-14,Ahmedabad,Gota,23.08509867727367,72.54068445559413,Villa,1917.0,4,4,19,1,4,1,Semi-Furnished,2.431932172371643,3.0868212056421243,1.7444612635938659,5.0,81.44499705963614,8.394789571449348,13641240.0,32697.0
TXN00328,2023-01-22,Ahmedabad,Bopal,23.026775730108195,72.46839546369054,Apartment,2314.0,4,3,16,10,12,2,Unfurnished,2.5194147001593845,3.033646461186746,2.8152683867726958,17.903248234226115,77.07489332090783,10.53572507648998,18452576.0,40427.0
TXN00329,2019-11-29,Ahmedabad,Maninagar,22.990151159905015,72.60253027883958,Row House,2230.0,4,4,0,4,12,0,Unfurnished,2.9061376740771205,3.12113182560268,2.7859271246768165,20.29285154657323,61.63430186870769,7.019038701245777,13685626.0,36656.0
TXN00330,2025-01-25,Ahmedabad,Chandkheda,23.110985112365974,72.58197489085784,Apartment,921.0,1,1,19,5,10,2,Semi-Furnished,3.009014769611335,3.045833902351505,3.3004872832837617,10.051872627518954,76.2029392708873,10.028686757854699,6709354.0,15322.0
TXN00331,2024-12-22,Ahmedabad,Chandkheda,23.11248479023781,72.58449918386069,Villa,2475.0,5,4,3,8,18,2,Unfurnished,3.086245763215793,4.218944902614837,2.334731153317307,10.25400307490659,85.18747070771525,9.55471168377716,17032494.0,35500.0
TXN00332,2020-05-21,Ahmedabad,Gota,23.09026308670075,72.54068135508324,Apartment,1789.0,3,4,17,8,9,1,Furnished,3.4537295943753534,2.805912166174047,2.581129723063146,11.39760009300817,85.6988192116347,8.626392790910385,14173021.0,31877.0
TXN00333,2023-10-06,Ahmedabad,Thaltej,23.050405600133622,72.51591782589777,Apartment,2590.0,5,4,7,8,18,0,Furnished,2.4141964194549255,3.9004668657760635,3.1710911473866092,16.99703479410965,75.47224569411294,9.552007021080883,25069152.0,60313.0
TXN00334,2025-10-07,Ahmedabad,Chandkheda,23.108060400028883,72.58491526001086,Row House,702.0,1,2,24,5,19,0,Unfurnished,2.8088978311143507,3.4970301234367445,2.9569635317289267,13.836098553431677,81.13853936697592,12.595490569929781,5037204.0,10008.0
TXN00335,2021-07-04,Ahmedabad,Vastrapur,23.042339310548236,72.52835329555064,Villa,2226.0,5,4,12,9,13,2,Semi-Furnished,3.122748844284383,1.364022184687036,2.8786380267435745,15.34810824392656,74.67682696343871,5.765037420181999,23855352.0,55538.0
TXN00336,2025-01-21,Ahmedabad,Gota,23.08220079529739,72.53867095137485,Apartment,747.0,2,3,25,3,11,0,Unfurnished,2.0609388247017133,3.355428293111353,3.053850759733119,5.0,84.60662366412008,10.370266997058186,5199550.0,12183.0
TXN00337,2021-11-23,Ahmedabad,Bopal,23.02878426129392,72.46368742867142,Apartment,1719.0,3,3,17,7,12,2,Semi-Furnished,2.6597285697133626,3.394091563062897,2.6846922464457186,5.469446501122574,79.66864433497877,10.159743566992885,14268000.0,30986.0
TXN00338,2020-05-30,Ahmedabad,Chandkheda,23.117245070726234,72.57859312335391,Villa,2162.0,4,4,20,3,8,1,Semi-Furnished,2.686261680610522,3.110832275676846,2.4443340106669025,5.0,88.22640434461198,11.292416260111066,16387127.0,34110.0
TXN00339,2022-11-04,Ahmedabad,Vastrapur,23.04172287702588,72.53066694067853,Row House,2060.0,4,4,8,5,14,1,Unfurnished,1.6078761105081203,2.610702113596898,2.981935223630558,18.993005035936417,66.03039333710203,8.846400408528527,20977363.0,49906.0
TXN00340,2025-01-15,Ahmedabad,Gota,23.090605387734627,72.54078112839396,Villa,1044.0,1,2,20,9,19,2,Unfurnished,2.774217832221651,3.102041926305045,3.375329978422347,13.284706086131804,85.78363536701568,9.557990484311514,7680052.0,20133.0
TXN00341,2019-11-24,Ahmedabad,Shela,23.009529263770187,72.46733410036734,Apartment,2064.0,4,4,21,6,16,0,Unfurnished,2.9602480235014914,3.4986043653534953,2.1476791080525865,10.413524736213162,75.3096050053934,10.519657641547958,13772956.0,31246.0
TXN00342,2019-04-18,Ahmedabad,Satellite,23.031287165476193,72.50436515169412,Villa,1053.0,2,3,24,5,12,1,Semi-Furnished,2.555613996441062,2.6623408266144253,2.8841343010768528,21.190971791482106,75.43145666030283,7.805899359218069,11128461.0,26600.0
TXN00343,2019-12-20,Ahmedabad,Thaltej,23.051269641795198,72.5154670403515,Apartment,1741.0,3,2,21,7,7,2,Furnished,3.3074988909520666,3.0030632024026156,2.5747420503697547,20.422692918152677,75.67391160919557,9.8206812946994,19811100.0,46529.0
TXN00344,2021-01-18,Ahmedabad,Chandkheda,23.108229894137843,72.58449973134282,Apartment,1888.0,3,4,20,10,18,0,Semi-Furnished,2.831971209815667,4.432928759659253,3.2091728730508473,5.527528938861235,88.24849209938392,8.35362536902665,13347090.0,31196.0
TXN00345,2021-10-03,Ahmedabad,Gota,23.085955869253187,72.5475686753216,Apartment,1246.0,3,2,14,1,7,1,Semi-Furnished,2.150425648088741,3.6838513467693867,3.4160600574177185,8.584559967564562,75.23060765326902,8.869593623674843,9294980.0,21200.0
TXN00346,2022-01-04,Ahmedabad,Shela,23.00886136844897,72.47511342590084,Villa,1331.0,3,3,11,10,10,1,Semi-Furnished,3.138485101737732,3.837512109645749,2.8855929464909758,5.0,84.7743830731562,9.85010817405516,8322265.0,21161.0
TXN00347,2019-04-30,Ahmedabad,Bodakdev,23.04141893006209,72.51125630033394,Apartment,1194.0,2,2,20,4,10,1,Semi-Furnished,1.3318226721220117,3.146115203184916,1.8873876428911895,9.692061891522126,78.50587840323055,7.565298552312887,15320353.0,35800.0
TXN00348,2025-08-24,Ahmedabad,Bopal,23.03479668187471,72.46982216225793,Apartment,2051.0,4,4,1,5,10,1,Semi-Furnished,2.9945573297874186,2.5079803191290075,2.357047701230454,7.700875375817097,82.87192148557664,10.493507326956669,18153729.0,39427.0
TXN00349,2022-06-28,Ahmedabad,Prahlad Nagar,23.016942250961172,72.50599149948424,Villa,817.0,1,1,4,7,7,0,Semi-Furnished,2.7700446780105237,2.8186062991768788,3.2311269080251686,13.163380871608666,79.06512735310231,12.362143579670779,10793774.0,21458.0
TXN00350,2019-12-06,Ahmedabad,Chandkheda,23.117993155933366,72.5847475653784,Villa,2224.0,5,4,25,7,18,2,Furnished,3.209276038445436,4.325169431021309,3.1252497481874384,22.84934651214415,78.59120363531349,10.46635274344298,18319353.0,42761.0
TXN00351,2022-03-04,Ahmedabad,Thaltej,23.055466716714875,72.52149799138382,Apartment,2603.0,5,4,5,10,14,1,Unfurnished,2.4165515859185183,2.974488302233597,2.567712992622765,23.508599977438934,76.31567245546829,8.748372087909958,22658735.0,55794.0
TXN00352,2025-03-15,Ahmedabad,Vastrapur,23.039586846339844,72.53358312204415,Apartment,636.0,1,1,14,3,16,0,Semi-Furnished,2.6423894177710445,2.602923782577218,2.288390158177851,25.64417208202932,64.77379830879573,12.343710799500299,6812398.0,14854.0
TXN00353,2023-05-19,Ahmedabad,Thaltej,23.038885321433337,72.5198985174304,Apartment,578.0,1,1,21,2,12,2,Semi-Furnished,2.0415129719773955,2.4947725249167263,2.882054111841887,14.672129691434497,64.96207006118522,9.854379560096126,5473954.0,13145.0
TXN00354,2023-03-31,Ahmedabad,Prahlad Nagar,23.010862998773558,72.50238923729039,Row House,2191.0,4,3,3,1,13,0,Furnished,1.3602398223610779,2.8016197552263993,2.1188361404462754,12.878693934771057,82.68324665697901,7.994807840773292,26508625.0,69847.0
TXN00355,2021-09-04,Ahmedabad,Prahlad Nagar,23.010241971337546,72.50578493938465,Apartment,840.0,2,3,15,8,9,1,Semi-Furnished,2.8607494834721585,2.806994150801205,2.310368532770452,10.900722477410152,85.82755251406995,9.11427585338897,10426601.0,23060.0
TXN00356,2022-09-28,Ahmedabad,Shela,23.003744230181006,72.46113525851172,Apartment,699.0,2,2,6,12,12,2,Unfurnished,3.196916559622881,3.58599031448211,2.836203065477822,8.785759744526791,73.25675048066987,9.015427170044363,4683371.0,10309.0
TXN00357,2023-07-20,Ahmedabad,Maninagar,22.988437061558855,72.60481830566823,Apartment,902.0,2,2,16,4,13,2,Furnished,3.020398579101825,3.4462237315630064,1.2097914356477408,21.42145322657074,58.46962755130781,7.215476767644691,6869710.0,16748.0
TXN00358,2021-05-21,Ahmedabad,Satellite,23.027424977544673,72.52141869234596,Row House,558.0,1,1,17,1,12,2,Semi-Furnished,2.3066127593436843,2.452082750178572,1.4715375426421748,13.419700219228481,65.98153947288812,9.737661170814789,6722155.0,14292.0
TXN00359,2019-04-04,Ahmedabad,Chandkheda,23.113106262206845,72.57976101528416,Apartment,2140.0,5,4,9,12,15,0,Semi-Furnished,2.7208262498853184,3.820290720733147,2.537554567858527,15.544542908302283,79.62870058923563,12.073108673404322,14754035.0,33014.0
TXN00360,2020-01-15,Ahmedabad,Chandkheda,23.10651787210908,72.58062185697747,Villa,1643.0,3,2,10,6,17,1,Semi-Furnished,3.7523546585045824,3.5001961899949503,3.263433514929333,7.778785202775202,78.59671693449239,7.93249383142623,11770743.0,26413.0
TXN00361,2022-09-24,Ahmedabad,Vastrapur,23.048221907434474,72.52642291198339,Apartment,1409.0,3,4,6,4,6,1,Semi-Furnished,1.9201674683742187,2.268333964765228,1.8676904094140425,7.407125465850129,73.74030054998254,9.854097837331524,15528190.0,30323.0
TXN00362,2020-07-30,Ahmedabad,Thaltej,23.047924618746876,72.51685779982998,Apartment,1526.0,2,3,12,12,18,2,Semi-Furnished,1.946471166374085,3.4442330869244873,2.8557318257837734,24.072203346472712,77.3129162262808,8.168581392605136,14005366.0,33014.0
TXN00363,2024-10-29,Ahmedabad,Satellite,23.02890553978118,72.51714302182651,Apartment,2660.0,4,4,16,3,10,0,Unfurnished,2.1289812734896825,3.371156923098117,2.4792867785958492,15.34767108500723,88.67587166862818,8.59907908390197,28955206.0,61502.0
TXN00364,2024-08-08,Ahmedabad,Thaltej,23.051964218419236,72.52014398945872,Villa,2135.0,4,4,21,3,5,0,Unfurnished,2.3675445620540403,4.054788492928521,3.000854610007419,18.865934112709585,74.28211955927911,8.71632459843258,17645877.0,45912.0
TXN00365,2022-12-03,Ahmedabad,Bopal,23.03381321420657,72.46319507644438,Apartment,1154.0,2,2,2,12,18,0,Semi-Furnished,2.2263159321235393,2.1929912413200254,2.709540921838601,18.03627789964442,85.13225726402058,11.657090066763814,10497176.0,20727.0
TXN00366,2022-08-25,Ahmedabad,Maninagar,22.998953350964847,72.60314637418918,Apartment,1177.0,1,2,5,12,15,2,Unfurnished,2.2709314964785827,2.5528713020508054,2.600522984434561,28.730953863358454,57.0347987451875,11.241912506069532,8599028.0,17860.0
TXN00367,2023-03-14,Ahmedabad,Prahlad Nagar,23.009428817761073,72.50813663177416,Apartment,1688.0,3,3,18,11,15,1,Unfurnished,2.143858138005296,3.6298407736471643,2.8852867572405643,5.0,70.79088320448767,8.772546417511327,21095676.0,44974.0
TXN00368,2020-01-21,Ahmedabad,Gota,23.089116467173795,72.53817709995664,Villa,2229.0,4,3,11,7,11,1,Furnished,2.124623781809805,3.44792475072542,2.890130108695859,20.73628192213961,79.97039640974958,9.06082294895487,18700026.0,39060.0
TXN00369,2025-08-05,Ahmedabad,Vastrapur,23.044104287880614,72.52751449356781,Villa,1525.0,3,4,12,5,9,1,Semi-Furnished,3.109723116589138,2.3343171506013474,2.482221944415374,14.241035938368231,62.2160542665036,8.738093479412191,17379498.0,35944.0
TXN00370,2020-12-27,Ahmedabad,Thaltej,23.05303491208262,72.51509545768477,Apartment,2533.0,4,3,25,4,15,2,Unfurnished,2.434253812987184,3.051371741696111,2.1691878037680903,18.624389695801558,84.91093806962712,8.158562669482443,22825623.0,52436.0
TXN00371,2023-05-19,Ahmedabad,Bodakdev,23.0440433193954,72.50536749576256,Apartment,838.0,2,2,5,6,7,1,Semi-Furnished,2.1772918039800757,3.587076376515154,2.1944579838697256,8.473898169568322,74.10015142805194,9.19765824189695,10810487.0,24482.0
TXN00372,2023-07-17,Ahmedabad,Bodakdev,23.039549381829705,72.5010424413878,Apartment,988.0,3,3,25,2,7,1,Unfurnished,2.3307350836222325,2.5491132968202534,2.6319012533926918,15.943794404148676,83.31663975171959,8.677115557793256,12926005.0,26291.0
TXN00373,2019-02-27,Ahmedabad,Bopal,23.029509295115542,72.46452349986514,Apartment,1738.0,3,3,20,4,5,2,Unfurnished,2.895664150727962,3.8009874986262138,2.7381757572837717,8.134106040198752,70.82918348701074,9.96547245918024,13590961.0,34341.0
TXN00374,2024-11-11,Ahmedabad,Gota,23.09594460258344,72.54041382865958,Apartment,2473.0,5,4,12,9,19,1,Furnished,2.2582069168054906,3.4742481455426404,2.216799231472324,17.846822135613156,81.44546180815213,8.117352635563696,18777213.0,45059.0
TXN00375,2023-12-27,Ahmedabad,Shela,23.0100591193882,72.4592122179143,Apartment,2230.0,3,2,18,10,15,0,Unfurnished,3.6479210909117916,3.3079164555525535,2.957917215483137,5.0,98.58506368426741,10.947990254938214,13190820.0,31934.0
TXN00376,2021-06-07,Ahmedabad,Chandkheda,23.12025805327317,72.57951360563861,Apartment,808.0,2,1,11,6,9,1,Furnished,2.617572824958202,3.0883970412373456,3.4296585458025914,5.0,80.61613862572679,8.971653750611438,5908784.0,14466.0
TXN00377,2022-02-03,Ahmedabad,Vastrapur,23.04248903499308,72.52678200872184,Apartment,2461.0,5,4,22,2,4,1,Semi-Furnished,1.7101437780286193,1.8321506547864486,2.5993081373589875,7.226503120795245,72.18147938913572,10.452250575695198,27102887.0,57803.0
TXN00378,2024-04-05,Ahmedabad,Gota,23.086637505171343,72.54430254160512,Row House,1845.0,4,3,3,10,11,0,Unfurnished,2.410196221708823,4.368532637788645,2.5673328733047445,19.78609796169986,85.84258269392977,9.11447049590418,13528283.0,32141.0
TXN00379,2020-12-01,Ahmedabad,Bodakdev,23.04007320467459,72.49840361321085,Row House,1231.0,2,1,13,3,5,0,Furnished,1.7703166854636305,2.211867418342907,3.0781777409344615,13.647290555330176,79.29736817304487,12.176481323755281,18701317.0,38231.0
TXN00380,2022-11-30,Ahmedabad,Maninagar,22.996541263805895,72.60195993241953,Apartment,1715.0,3,2,21,12,12,0,Furnished,2.861932107790581,4.180082840261872,3.445463447024852,9.11923234397608,69.52870444333203,7.822240521553706,12694632.0,29088.0
TXN00381,2022-01-24,Ahmedabad,Bodakdev,23.0369065663455,72.51253244366485,Villa,1568.0,3,2,3,7,19,1,Semi-Furnished,1.7913954954887457,2.6949655325102486,1.581937685962734,8.812681042167126,79.39024900518314,10.507999621311363,22126976.0,44456.0
TXN00382,2024-03-29,Ahmedabad,Thaltej,23.053858717576656,72.51046523325782,Row House,2731.0,5,4,21,12,16,1,Unfurnished,3.414931143348107,3.007881636307528,2.482010651904252,17.04536495125274,77.22963594192144,5.585636143114779,22794194.0,60833.0
TXN00383,2021-10-03,Ahmedabad,Maninagar,22.99567060585891,72.60695668824836,Apartment,1335.0,3,4,6,5,6,0,Unfurnished,3.323888338681257,3.3131681571027483,2.8055321631457053,23.553882497132637,71.7016305657838,9.940733103520525,9764914.0,21993.0
TXN00384,2021-11-18,Ahmedabad,Thaltej,23.04849841973232,72.51861530275444,Apartment,1696.0,4,3,25,9,10,0,Furnished,2.92429082516441,3.213346182654237,2.3390636449050275,15.190179472287562,72.01397092256202,9.031779002145987,17262028.0,40457.0
TXN00385,2023-01-20,Ahmedabad,Vastrapur,23.03650976356367,72.52980913192732,Apartment,2125.0,4,4,1,8,18,1,Furnished,2.504783628674529,4.046774001034654,3.1382739858561477,19.666900941607146,72.98233353034811,9.143921651674633,24597301.0,51068.0
TXN00386,2023-08-15,Ahmedabad,Prahlad Nagar,23.008121214451876,72.50782743862372,Apartment,712.0,1,2,23,3,8,2,Furnished,2.4718784201490323,2.308084905668572,2.1880483280412406,11.930119986086396,73.38521869353687,8.181657936137803,9911598.0,20888.0
TXN00387,2022-05-03,Ahmedabad,Gota,23.091591938230252,72.53739236364792,Apartment,2462.0,4,4,18,10,18,2,Unfurnished,3.429798088915662,4.733376301290496,3.2362209880301562,11.428421247596203,77.64458139963004,10.625862381460731,18641970.0,39209.0
TXN00388,2020-07-22,Ahmedabad,Chandkheda,23.11367765116696,72.58150438147021,Apartment,2036.0,4,4,15,1,17,1,Semi-Furnished,3.0436333554082444,3.6578565203100117,3.4738161564378345,15.516810937650625,83.65037714875474,10.693473843037456,14957858.0,35492.0
TXN00389,2023-05-11,Ahmedabad,Thaltej,23.054216166384656,72.5132661786809,Apartment,827.0,1,1,14,11,13,0,Furnished,3.199127792469738,2.469832962542421,1.9293923772195887,11.794285786035811,66.64949632169873,8.64633158622764,8537865.0,20140.0
TXN00390,2023-05-17,Ahmedabad,Prahlad Nagar,23.012470254613415,72.50103872173865,Villa,1960.0,4,4,19,5,17,1,Semi-Furnished,2.057668882706258,2.5251975259326924,1.893379167825988,12.486813556616033,76.58240132981399,9.996594061085156,24332960.0,54427.0
TXN00391,2025-11-01,Ahmedabad,Chandkheda,23.102960758945855,72.57358799967389,Apartment,1771.0,4,3,20,6,7,1,Unfurnished,2.298036537787023,3.1957914923095307,3.5672291828425307,19.92494346753497,77.2503339900963,7.807426716754203,11276485.0,28284.0
TXN00392,2024-06-09,Ahmedabad,Maninagar,22.992557570414803,72.59990326837499,Apartment,1575.0,3,2,0,6,9,0,Furnished,3.011635834240837,3.285460106040022,2.3791943917269727,18.376337380093428,77.30942344870829,9.01811972945305,13219744.0,30443.0
TXN00393,2021-09-28,Ahmedabad,Gota,23.085673201129268,72.53975580805717,Apartment,1997.0,3,3,12,6,17,0,Semi-Furnished,2.8780824011295048,3.693247323799021,2.184989295380042,9.576033560815388,84.7418525976699,9.284549913722465,14365347.0,30841.0
TXN00394,2022-03-03,Ahmedabad,Chandkheda,23.10786211751315,72.57738290525606,Apartment,1938.0,4,4,17,2,12,0,Furnished,2.7940151526595876,3.003758036705043,3.6506294949358873,13.35499362200968,79.31326993809016,8.38021971519487,14267371.0,33789.0
TXN00395,2025-03-11,Ahmedabad,Thaltej,23.050078600380548,72.51185485551339,Apartment,1466.0,2,1,12,11,14,0,Furnished,2.653549368972487,3.4295566869235046,2.8507827359702342,16.516371005398575,72.59800998435254,8.747128637773564,14058059.0,33501.0
TXN00396,2025-07-20,Ahmedabad,Chandkheda,23.09917464988232,72.57960998708432,Row House,977.0,1,1,25,5,14,2,Semi-Furnished,3.0475090457715375,4.235840952508178,2.7396395400851627,9.706619752024508,69.13732577385012,10.693121391855795,7957732.0,18216.0
TXN00397,2025-11-17,Ahmedabad,Satellite,23.037091159692366,72.52031973536691,Apartment,1452.0,2,1,1,3,14,1,Furnished,2.6126052875854655,1.9081393361173595,1.5024645508638472,26.256456805011922,73.17588207848286,8.104845316379032,17688200.0,40719.0
TXN00398,2020-08-19,Ahmedabad,Chandkheda,23.10884266004699,72.57813700796638,Apartment,2146.0,4,3,3,1,9,2,Semi-Furnished,3.5291285600994473,4.4587033953770545,2.8170497042721463,13.633835842509107,83.74205795887468,7.698468611290538,14921556.0,33535.0
TXN00399,2021-06-13,Ahmedabad,Bopal,23.026871688505327,72.46103379874971,Row House,1818.0,3,3,14,4,11,0,Unfurnished,2.7022467480612256,2.990196060908049,2.6059134420088506,14.158143418133294,90.14314822973385,11.429774836397455,13420112.0,31045.0
TXN00400,2023-05-10,Ahmedabad,Gota,23.09367258490083,72.53959796465276,Apartment,1508.0,3,4,15,6,14,0,Semi-Furnished,2.514444943340778,2.6348968786919404,3.0870580103752703,5.0,79.71847525270056,10.80320035064748,12552632.0,24207.0
TXN00401,2024-08-27,Ahmedabad,Gota,23.09264269165201,72.53993811694866,Villa,1263.0,3,3,21,4,15,2,Furnished,2.326039615149896,2.64908761657214,3.593755029962592,5.780954294332802,84.1504322451724,11.2842988296627,11161219.0,23290.0
TXN00402,2020-10-27,Ahmedabad,Chandkheda,23.10858467984973,72.57746977585461,Apartment,1495.0,3,3,8,3,6,1,Furnished,2.652905920883473,2.943826444433716,3.8087134518453727,20.27966846458144,77.67313588775436,10.44892044964055,11421207.0,28283.0
TXN00403,2023-03-05,Ahmedabad,Gota,23.089873661003146,72.53538340425766,Apartment,1159.0,3,4,12,7,14,0,Semi-Furnished,2.6589757562572696,2.7494573745341238,3.398314384360481,5.829231504155873,73.59298632124433,9.236748872793015,9188376.0,21488.0
TXN00404,2021-06-30,Ahmedabad,Satellite,23.02373789109013,72.52408042448967,Row House,1198.0,2,1,9,3,18,0,Unfurnished,2.715936311116353,2.3122999180123838,2.503428086405693,9.95999204280661,85.52540493251612,9.0247197862735,12229487.0,29273.0
TXN00405,2024-07-01,Ahmedabad,Satellite,23.03017675133984,72.5158393857837,Apartment,1813.0,3,4,21,11,12,2,Furnished,2.039409192155486,2.888967110013772,2.130478748265572,16.397347691792362,74.29985584823957,8.33940909693946,21060149.0,50084.0
TXN00406,2024-11-11,Ahmedabad,Prahlad Nagar,23.01618165799336,72.5034469440629,Apartment,1129.0,2,1,13,10,17,0,Furnished,2.296805391012459,3.1742917578559946,1.2325959838803335,5.0,69.72861513838734,8.660921619725121,14315958.0,34174.0
TXN00407,2019-01-15,Ahmedabad,Satellite,23.035089688641136,72.52292103383152,Apartment,552.0,1,1,1,12,19,1,Furnished,2.0252774867953804,2.8714136699777772,2.295747155068573,12.333545499999419,72.20495912486247,9.76200994260781,6317889.0,12923.0
TXN00408,2025-04-17,Ahmedabad,Satellite,23.028843342406358,72.51992469635469,Apartment,1725.0,4,3,6,8,15,2,Unfurnished,1.9277851800240817,3.3242873614869337,3.4453328351707055,17.169684204381067,66.23019812915341,8.925877129292346,20088156.0,41506.0
TXN00409,2021-09-02,Ahmedabad,Thaltej,23.04317561223913,72.51407677653805,Apartment,742.0,2,1,25,12,19,0,Semi-Furnished,2.473591284073835,2.9874557011635665,1.8938412858540212,17.758541838108858,73.08146576080463,7.921408059769981,6832151.0,16423.0
TXN00410,2019-06-07,Ahmedabad,Vastrapur,23.035185599140416,72.52586601787416,Apartment,1465.0,3,4,0,1,8,0,Semi-Furnished,2.8863573167465555,2.224412026366455,2.222397609473959,7.110212056389539,71.44585075897272,10.04379653563745,16083420.0,36058.0
TXN00411,2024-11-13,Ahmedabad,Thaltej,23.043481455638062,72.51163007182973,Villa,2786.0,5,4,24,10,18,0,Furnished,2.102365663683472,3.075169519436434,2.5264256549344744,27.16683201855955,72.44257591402436,9.879552874374216,29660997.0,72982.0
TXN00412,2020-08-23,Ahmedabad,Shela,23.008252142947548,72.46546219809267,Row House,2072.0,4,4,12,4,9,0,Unfurnished,3.411800236880549,3.651574238093741,2.587225993471692,5.0,81.4578226048972,9.361001045163883,12907032.0,28146.0
TXN00413,2025-04-09,Ahmedabad,Chandkheda,23.11553008256963,72.58306709716905,Apartment,1865.0,3,2,13,10,18,1,Semi-Furnished,2.4833288756720595,2.5368444702576642,2.660711970148716,13.158953997721337,87.19732681895496,9.47713579812954,14408801.0,31963.0
TXN00414,2019-11-30,Ahmedabad,Gota,23.091201173749763,72.54577737480838,Villa,2466.0,5,4,11,6,15,2,Semi-Furnished,3.0573410026805528,2.9731593146536595,2.761589752252902,5.0,79.6771525044821,11.600016863204262,20628088.0,46418.0
TXN00415,2023-03-16,Ahmedabad,Chandkheda,23.10821196216035,72.57511198245216,Apartment,2179.0,5,4,19,5,15,0,Semi-Furnished,3.5070555355239277,2.6148570063267114,3.2214053580676376,14.193056959070923,70.50226748166658,11.859993561868812,17077615.0,34962.0
TXN00416,2024-01-09,Ahmedabad,Bodakdev,23.041382598344416,72.49965709877611,Row House,1834.0,3,2,24,1,10,1,Unfurnished,2.37374045851256,2.544250198302783,2.289832331893672,14.077244771016506,80.13942814846341,10.827147887102033,23090683.0,51916.0
TXN00417,2021-06-30,Ahmedabad,Chandkheda,23.115911345200033,72.58195281855893,Row House,1281.0,2,3,11,5,15,1,Unfurnished,2.706892891962699,3.4605606947042657,2.213854534159183,7.359506944114609,77.64021231786712,8.778643037355184,8436782.0,19222.0
TXN00418,2021-08-14,Ahmedabad,Bopal,23.030313880312708,72.46337742946996,Apartment,844.0,2,1,18,10,16,0,Semi-Furnished,2.7215372168048177,3.981077375871442,3.4232235040974817,10.531875827555604,86.03963545807673,9.139032592679122,6349988.0,16524.0
TXN00419,2024-01-03,Ahmedabad,Shela,23.008989538334824,72.46707628285169,Row House,1903.0,4,4,1,11,17,2,Semi-Furnished,3.458777161912089,2.590543134354849,4.08605584881917,5.148288816811345,89.42869535309806,9.843423996810781,14367995.0,29903.0
TXN00420,2023-03-28,Ahmedabad,Shela,23.008743770565204,72.45634369251411,Villa,1232.0,3,4,5,8,12,2,Furnished,3.614171277429016,3.6800633882263862,3.6074682057243663,5.0,84.48085672763357,10.473467906016465,10013793.0,20886.0
TXN00421,2022-08-06,Ahmedabad,Prahlad Nagar,23.016002963855044,72.51147227159377,Apartment,993.0,2,3,15,8,14,1,Furnished,1.1485029919278502,2.8829105449368178,2.055279809225446,6.62609125267827,85.36470778085193,9.617507491558774,13982700.0,29550.0
TXN00422,2025-05-21,Ahmedabad,Maninagar,22.999956639993684,72.59668219274135,Villa,1816.0,3,4,8,4,14,1,Semi-Furnished,3.005903100811792,2.8694679317250316,2.8678965805306933,25.58824144241474,66.72917571692292,6.818398180090469,12503641.0,31464.0
TXN00423,2025-05-23,Ahmedabad,Prahlad Nagar,23.007921599048853,72.50655944774569,Apartment,743.0,1,2,3,2,18,0,Furnished,2.4264892803588083,2.0972491413098218,2.717355471074694,19.100698973141427,69.035068160702,9.421907761797387,9877751.0,22478.0
TXN00424,2025-02-23,Ahmedabad,Bopal,23.028594386927978,72.47503089914203,Apartment,2593.0,5,4,11,10,16,0,Semi-Furnished,2.52651310751276,2.834554417275547,2.3923554645488743,6.120978700709573,83.88775079254876,9.504472625555362,19669004.0,45696.0
TXN00425,2021-04-15,Ahmedabad,Chandkheda,23.112445417681034,72.58483686157074,Row House,938.0,3,2,25,1,11,2,Unfurnished,3.266220535655151,3.442905957088853,2.7212785458435316,20.654989812965496,85.83793662469525,10.036321758457019,6602498.0,14229.0
TXN00426,2023-06-30,Ahmedabad,Thaltej,23.044531148434793,72.52216289095473,Apartment,1363.0,3,3,10,12,19,0,Semi-Furnished,2.5235700759886917,3.1661487982261396,2.2919574393667355,15.226062112228169,80.64215134659261,9.087699737461644,13298202.0,30238.0
TXN00427,2023-01-10,Ahmedabad,Vastrapur,23.04241174408503,72.5275234521701,Apartment,842.0,1,1,4,7,19,2,Semi-Furnished,2.390649320750076,3.0595589925068767,2.4465370451015542,14.25866249006141,69.35305351832733,9.25953769795823,9560414.0,20841.0
TXN00428,2021-01-31,Ahmedabad,Shela,23.007150119312776,72.46529435644408,Row House,931.0,1,1,23,11,19,1,Furnished,2.6266641187552326,4.294370521909988,2.7916317259962513,6.571143889171421,90.99770724573611,8.344362298808504,6797564.0,16022.0
TXN00429,2019-11-25,Ahmedabad,Satellite,23.026498796759352,72.52060295771064,Apartment,691.0,2,1,20,6,13,2,Unfurnished,1.8732575633847932,2.5888256883106515,2.1178350632292395,8.584780002225887,64.61717899876598,7.017127679615709,7045496.0,16493.0
TXN00430,2025-09-17,Ahmedabad,Bodakdev,23.04616643563326,72.50566546465473,Apartment,1273.0,2,1,14,10,10,0,Semi-Furnished,1.8005050792913122,3.142043092535017,2.1034993996063154,16.275201097859505,77.93338179562707,7.96058985483519,16576366.0,40492.0
TXN00431,2022-06-22,Ahmedabad,Satellite,23.02959514576794,72.51840836249956,Apartment,767.0,2,2,5,2,8,2,Furnished,2.5909569400887253,1.8437805738997386,2.53905620074343,19.73874872487418,68.18628226595482,8.288283749466238,9142341.0,19941.0
TXN00432,2025-02-26,Ahmedabad,Shela,23.00726542551628,72.4676886199128,Row House,751.0,1,1,5,6,18,1,Furnished,3.450287189102228,3.4565377178165493,3.3544579369587493,10.227074501985356,89.69569962288844,8.958079067829438,5824975.0,12753.0
TXN00433,2023-07-27,Ahmedabad,Satellite,23.036159405946123,72.51557525220946,Villa,1762.0,3,3,20,11,12,1,Semi-Furnished,2.8996145414580075,2.026161498578812,2.101871823253999,21.794313007917,64.63041772924082,8.995597834900346,20403007.0,44049.0
TXN00434,2022-05-11,Ahmedabad,Vastrapur,23.039820969435056,72.52824460264021,Apartment,1345.0,2,2,10,6,13,0,Semi-Furnished,2.3378102608662057,2.6274662142033174,2.4341077505709237,15.827588293471388,68.4070419272593,9.033044999798852,13784889.0,32758.0
TXN00435,2021-04-28,Ahmedabad,Bodakdev,23.034987987166225,72.51135570561806,Apartment,2681.0,5,4,23,9,17,2,Semi-Furnished,2.301768577423879,2.4413114752855627,2.2648378125407924,5.0,76.37794942842547,9.199237853076404,36662272.0,70767.0
TXN00436,2023-11-20,Ahmedabad,Prahlad Nagar,23.010560007686834,72.5038680830972,Apartment,1863.0,4,4,14,4,4,2,Furnished,2.2029686319525865,3.8352467023086003,2.039673234216845,23.937375128682877,86.0162915835522,8.976170672095519,27263743.0,53032.0
TXN00437,2019-10-11,Ahmedabad,Chandkheda,23.10586295656344,72.58058996261774,Apartment,2306.0,4,4,9,11,12,2,Unfurnished,2.7000504836398944,3.8145877498931227,3.2515328902025087,19.224779364583043,67.25817524574242,9.163685395882057,15634531.0,36127.0
TXN00438,2019-05-20,Ahmedabad,Satellite,23.024479029426757,72.51449552467321,Row House,2747.0,5,4,7,6,13,0,Unfurnished,2.3625401081543544,2.5395499102729113,2.1052633181556386,17.077200933529433,77.88716490491903,10.694113462985873,30546564.0,67872.0
TXN00439,2021-01-25,Ahmedabad,Gota,23.08963736729705,72.53505750360269,Row House,2607.0,4,3,3,1,11,0,Furnished,2.4209035785190185,3.3727959396749463,2.640226036688669,16.99344152424309,85.1779852884103,9.14988650676771,21263301.0,45511.0
TXN00440,2024-12-03,Ahmedabad,Bopal,23.028907610864177,72.45743602476038,Villa,613.0,1,2,9,2,8,2,Unfurnished,3.1111207088917503,2.8532102387049476,2.786653263881365,10.454881837469443,74.11201963549918,11.4912641634056,4650707.0,11933.0
TXN00441,2021-10-30,Ahmedabad,Satellite,23.032196761976934,72.51880159800193,Villa,1937.0,4,4,7,7,16,1,Semi-Furnished,1.5933554217716492,1.8392143939002277,2.2115238044910175,9.785990975199091,66.41749808356087,8.557973033284336,21868829.0,49026.0
TXN00442,2024-08-28,Ahmedabad,Prahlad Nagar,23.01719424937502,72.50455376447648,Row House,2220.0,4,4,10,4,10,2,Semi-Furnished,2.781945991284811,3.3104729438041938,2.5986144409044085,6.216275135395467,84.47300948555964,6.337818780684988,26495201.0,59887.0
TXN00443,2025-03-16,Ahmedabad,Shela,23.010878282783047,72.46269992121418,Apartment,660.0,1,1,13,7,16,2,Semi-Furnished,3.4512975316909342,3.6705358338774765,1.9085523887443825,5.0,76.69849147828828,10.652334346099837,4620487.0,10405.0
TXN00444,2023-11-25,Ahmedabad,Prahlad Nagar,23.0099704329726,72.50547691317924,Row House,1121.0,2,2,10,12,14,2,Furnished,1.4566784560257435,2.8108416492411568,2.022105817269294,17.1382596193598,82.73307427891365,9.373646103615053,15477678.0,34223.0
TXN00445,2024-05-25,Ahmedabad,Shela,23.004337376749504,72.45967153028236,Row House,2022.0,3,3,3,8,13,2,Semi-Furnished,2.884860955668213,3.7256230014996827,1.568732453662971,5.346478291183091,88.79173925239004,10.099753890975377,15166468.0,31013.0
TXN00446,2024-12-13,Ahmedabad,Chandkheda,23.10264815406778,72.57679562683066,Apartment,2740.0,4,4,17,7,12,1,Unfurnished,2.626069544103732,2.653111587048245,3.4092330330530887,5.0,79.67231071489964,8.578769520170844,18023196.0,40981.0
TXN00447,2022-09-11,Ahmedabad,Bopal,23.031902009332608,72.46290026994099,Apartment,2418.0,5,4,15,12,13,0,Semi-Furnished,2.6427933604210834,3.630859601245838,2.6916677087307286,11.956355159508803,67.17033154225335,7.526176586578588,17940846.0,44473.0
TXN00448,2024-05-19,Ahmedabad,Satellite,23.026100870364605,72.51641652642166,Apartment,1166.0,2,1,14,3,17,2,Semi-Furnished,1.7067869579654855,3.2761835033312368,2.5362868488731074,17.018366635365812,75.9502684471178,12.991715513721095,13939435.0,29443.0
TXN00449,2021-10-10,Ahmedabad,Gota,23.096121591205815,72.53808839384091,Apartment,1536.0,2,2,6,1,17,1,Furnished,2.9897580514600035,3.471178699704357,3.1996418935262705,11.253608462551938,85.51867380526664,10.231287894089068,12838525.0,28446.0
TXN00450,2025-04-25,Ahmedabad,Prahlad Nagar,23.01244345896316,72.50722924949565,Apartment,1197.0,2,2,22,10,12,0,Furnished,1.8807402563445867,2.7213467864349283,2.8551940142965218,15.426348011041798,81.84782228854397,5.80060515211869,13933049.0,36684.0
TXN00451,2023-11-02,Ahmedabad,Satellite,23.034584426556208,72.51847368128574,Apartment,558.0,2,1,9,4,19,2,Unfurnished,1.576973911894026,3.058316328080804,2.096630748281043,18.594363686448634,66.88955574018047,7.675707316787462,6427482.0,12750.0
TXN00452,2023-11-06,Ahmedabad,Thaltej,23.0573912388458,72.51493085022844,Apartment,1686.0,2,1,9,11,19,1,Furnished,2.6784883685535097,2.314470306115295,2.9257440634569347,13.157401428545144,80.48005782345359,8.355159151067861,17076925.0,37441.0
TXN00453,2022-05-20,Ahmedabad,Prahlad Nagar,23.012518020262036,72.50923405345844,Apartment,1160.0,3,3,20,11,14,2,Unfurnished,2.5483725161339637,2.4607274677877164,2.9088497930424593,16.587653372931292,77.00454086939352,8.83343382727501,13975664.0,29287.0
TXN00454,2023-07-15,Ahmedabad,Prahlad Nagar,23.007171209146836,72.50470521609371,Apartment,1797.0,3,3,25,9,14,2,Semi-Furnished,2.605944977242981,2.5664620094352006,3.120269545048407,16.073280291438316,79.43795217935376,8.646710107553625,22234956.0,52525.0
TXN00455,2024-01-11,Ahmedabad,Thaltej,23.050923091179822,72.5118433412029,Villa,2110.0,3,3,8,4,8,0,Furnished,1.8758788344888382,3.045703127632855,2.4670509810955576,16.999202608255857,69.35175672132297,8.345666669170749,20616061.0,49753.0
TXN00456,2020-10-29,Ahmedabad,Satellite,23.029180230934553,72.5154952385235,Apartment,1781.0,3,2,15,11,15,0,Furnished,2.7977008686542257,3.5713742699743736,2.430422712503311,21.7030547651926,70.36616149005,10.286901335747226,21679738.0,45576.0
TXN00457,2019-08-02,Ahmedabad,Bopal,23.032967719678837,72.4682721110149,Apartment,2112.0,4,4,1,12,14,2,Semi-Furnished,2.018972994051489,3.3573242306379427,3.0294364598048715,10.889289331124992,84.4811235747873,8.456374288710798,16979338.0,35913.0
TXN00458,2022-09-30,Ahmedabad,Maninagar,22.99274489208402,72.60612565225176,Row House,1220.0,3,2,18,6,15,0,Furnished,1.5420489115432858,2.9919005356486856,2.7482476860952163,15.689702295816966,60.02520348804834,10.80304448851068,9477256.0,21210.0
TXN00459,2024-10-18,Ahmedabad,Vastrapur,23.04595855236316,72.53259618451582,Apartment,2041.0,3,3,4,5,14,2,Semi-Furnished,1.8107797519058062,2.096668717271874,2.4949532794091644,18.696027510678995,70.07214053677271,6.134011753472507,22820963.0,49464.0
TXN00460,2024-11-30,Ahmedabad,Chandkheda,23.100125879501714,72.57909261309321,Apartment,2016.0,4,4,21,12,16,0,Unfurnished,3.342439091526763,3.330144857591686,2.928356805646649,14.371066509431433,83.4074258809672,8.521873725223918,11661510.0,31963.0
TXN00461,2021-07-15,Ahmedabad,Maninagar,22.987255242558962,72.60253365232629,Apartment,1065.0,1,1,16,12,13,2,Semi-Furnished,2.7153760854295816,2.1268905478352913,2.6960909147784236,20.018576242800386,70.15192580831831,8.15205166486772,7902266.0,17621.0
TXN00462,2019-09-25,Ahmedabad,Bopal,23.040206533093162,72.46068562894666,Apartment,2435.0,5,4,9,6,9,1,Furnished,2.813188314150468,3.2053411488084778,3.3923915680908685,6.107249143827461,89.35288680279677,9.165871097688918,20185595.0,44369.0
TXN00463,2025-04-17,Ahmedabad,Satellite,23.028371969382725,72.52268609803674,Row House,887.0,2,3,0,3,16,2,Furnished,3.3485510274426087,2.3900045411433117,2.624046891760385,12.292082853910369,71.26733802398209,8.47880722593787,10726773.0,24008.0
TXN00464,2019-05-22,Ahmedabad,Gota,23.091886339231383,72.53626531686234,Apartment,2049.0,3,2,2,5,17,1,Semi-Furnished,2.712022467640844,2.6449278328630994,2.175065927761012,15.608584388776475,83.35215966635947,7.721227775560185,15585446.0,36540.0
TXN00465,2024-01-13,Ahmedabad,Satellite,23.029238352971962,72.5226088759866,Apartment,2385.0,4,3,15,4,19,1,Semi-Furnished,3.007722213145017,2.508381228630974,2.8234643111806026,15.222786083217214,67.62735734745736,11.003658126583492,28227329.0,62899.0
TXN00466,2025-09-24,Ahmedabad,Thaltej,23.05367228653446,72.51898012311354,Apartment,1101.0,3,4,10,11,17,0,Semi-Furnished,1.9737025575425582,3.6837650124843733,2.6369942364364998,11.840968524121262,61.683751165815586,9.07446029374551,10333898.0,23327.0
TXN00467,2020-06-18,Ahmedabad,Prahlad Nagar,23.00833551413043,72.5039030989156,Apartment,1474.0,2,3,11,6,19,2,Furnished,1.4122607403710368,2.3939968813085404,1.8510889036434,13.135043130310443,76.59550756151913,9.19742241568345,21041518.0,41795.0
TXN00468,2022-10-22,Ahmedabad,Gota,23.086749012155817,72.5430362022621,Row House,2147.0,4,3,16,2,7,0,Furnished,3.2559690915920894,3.2358084077311173,2.84504541302718,7.073305571909732,85.27338783679228,9.35083949730387,16713873.0,41258.0
TXN00469,2025-12-02,Ahmedabad,Prahlad Nagar,23.009557977169425,72.50271146440767,Apartment,1650.0,3,4,6,7,19,1,Unfurnished,1.5508381168628198,1.8968678469035085,2.53299760245216,12.074927239524047,75.67822441616741,8.556414730284462,18490115.0,47164.0
TXN00470,2019-07-17,Ahmedabad,Bodakdev,23.038851398316098,72.49873422360919,Apartment,1145.0,3,3,1,1,17,1,Semi-Furnished,1.887907876663156,3.0536100947337452,2.5601732316842383,5.0,66.78141997031197,7.953033672803863,16168232.0,33903.0
TXN00471,2024-02-03,Ahmedabad,Vastrapur,23.04694410058344,72.52784975314758,Apartment,1905.0,3,3,6,11,19,0,Unfurnished,2.940955588637528,2.3350136115101128,1.5721653967291898,13.286190119739254,72.08803900301461,6.742961766763486,17177915.0,39788.0
TXN00472,2023-07-19,Ahmedabad,Thaltej,23.05239669662712,72.51516869479657,Apartment,1494.0,2,1,15,12,15,2,Furnished,2.8310512854194134,3.439797424225855,2.4551294306353353,16.3717003293275,77.2034148314011,10.029317189000448,16146658.0,32717.0
TXN00473,2020-06-11,Ahmedabad,Bopal,23.025629856064914,72.47070819783296,Apartment,1310.0,2,2,15,12,14,2,Furnished,1.9525198920672042,3.165489168414169,2.945150231224174,13.407352678415567,69.8447609527735,9.222556842029428,10435958.0,27957.0
TXN00474,2021-09-01,Ahmedabad,Bopal,23.02572567170927,72.46585523881855,Apartment,1431.0,3,2,6,4,7,2,Semi-Furnished,2.582279549094096,3.5646542611556042,3.567174147702709,8.562284374260715,79.33042514972529,11.728626627974007,12520450.0,26396.0
TXN00475,2024-04-13,Ahmedabad,Satellite,23.024719461400093,72.51970368919194,Row House,1836.0,4,3,10,11,13,2,Semi-Furnished,2.2154875513915337,2.5699170475074915,2.003624289166947,30.240856948819996,70.49158353659324,7.107866780895089,19839787.0,51847.0
TXN00476,2019-02-26,Ahmedabad,Bodakdev,23.036101435859457,72.51011892841018,Apartment,1718.0,4,4,11,12,13,0,Furnished,2.2668140760570905,2.2859321153523333,2.1795360597470146,5.0,71.82058782654636,9.946333972734799,24835964.0,51867.0
TXN00477,2023-01-06,Ahmedabad,Gota,23.09121505630207,72.54216542335836,Apartment,1916.0,4,3,1,9,18,0,Semi-Furnished,2.5557758062077904,2.8681832620136753,3.1643777907950783,16.119709151015275,82.28915933336876,10.549848902640507,15394315.0,34425.0
TXN00478,2025-04-02,Ahmedabad,Bodakdev,23.043903431893526,72.5095119876018,Apartment,1069.0,1,1,24,4,13,2,Unfurnished,2.0088840703460864,2.7465528444169003,2.6509706301880924,5.0,84.1870939556371,8.741256373212556,12080744.0,28709.0
TXN00479,2019-12-20,Ahmedabad,Maninagar,22.99246547166022,72.60370265525056,Row House,714.0,1,1,1,7,12,0,Furnished,3.200146452250462,3.903636847608244,3.392659103051239,15.701347429932824,74.66184196450098,7.280093748825386,5618396.0,13203.0
TXN00480,2022-05-30,Ahmedabad,Bopal,23.034896501743344,72.46021648548691,Apartment,2652.0,5,4,19,10,13,2,Unfurnished,3.6655594875286734,2.800988322425917,2.7481869913226693,17.831146110805864,97.88093794691062,10.28227409869566,19731068.0,42705.0
TXN00481,2025-05-26,Ahmedabad,Bodakdev,23.04661206430723,72.51048866766948,Apartment,1684.0,4,4,4,2,10,1,Semi-Furnished,4.033843041449492,3.0285678787297505,2.3225633765006912,5.0,80.71773859631618,8.5912741158877,22164140.0,50479.0
TXN00482,2023-11-03,Ahmedabad,Shela,23.007168218602192,72.4605539373801,Apartment,1043.0,3,4,19,10,11,1,Semi-Furnished,1.8495176883676339,3.2543893456002153,3.02169607126922,12.107065467851706,81.00714858815638,8.989529439988578,7189391.0,15792.0
TXN00483,2025-07-26,Ahmedabad,Maninagar,22.991153224004986,72.60457893716604,Apartment,1514.0,3,2,14,12,12,2,Furnished,1.9462475035709097,3.768587497447456,3.3629550564438944,23.31053708559645,62.100856979647844,7.625850227886417,11637111.0,25813.0
TXN00484,2020-02-23,Ahmedabad,Satellite,23.031569028308287,72.51729222447511,Villa,2413.0,5,4,10,5,16,1,Semi-Furnished,2.5956372968709758,2.9899645548485942,1.6820228170649498,13.56953325733452,72.53750031838831,8.889322401304211,27745261.0,63514.0
TXN00485,2019-10-23,Ahmedabad,Maninagar,22.99487384487161,72.59746372544231,Apartment,999.0,2,2,20,2,14,2,Furnished,2.8597775613558993,3.0436671715578454,2.415469227525034,27.657601138821175,71.23835771009401,7.016999644595254,8424951.0,19177.0
TXN00486,2023-06-13,Ahmedabad,Vastrapur,23.042182654890976,72.52949948788702,Row House,1499.0,2,1,5,11,14,0,Semi-Furnished,1.8820160914858093,2.408878101933475,2.3298025128056272,14.227088839460388,73.39347955634315,11.207350819637451,15406406.0,37501.0
TXN00487,2022-01-16,Ahmedabad,Vastrapur,23.041472346834322,72.52319043750924,Villa,1861.0,3,3,14,1,14,0,Semi-Furnished,2.691761882707368,2.4706678864782337,2.962634691780848,11.613403299735285,64.24149835190526,9.032625414813849,18667202.0,45712.0
TXN00488,2025-02-26,Ahmedabad,Bopal,23.025599959385005,72.46834702412488,Apartment,2648.0,5,4,4,4,15,2,Semi-Furnished,3.2737280163476092,3.2355592214136086,2.701939466231134,12.900806113586048,75.26507806802891,8.17356832903962,21240235.0,45114.0
TXN00489,2022-11-10,Ahmedabad,Prahlad Nagar,23.01184569039191,72.50681541763123,Villa,2447.0,4,4,25,2,9,0,Furnished,2.4332006536828326,1.9101422011522327,1.885899146627476,12.729179595651315,77.41524524691934,9.767899973889687,32555211.0,73600.0
TXN00490,2021-04-01,Ahmedabad,Thaltej,23.04933281813563,72.51289185507174,Row House,2660.0,5,4,19,9,12,0,Semi-Furnished,3.2263555494044587,3.1317632863349334,2.2941657937615028,14.546042732656652,83.85365893921878,7.582132150732543,24493208.0,56594.0
TXN00491,2023-08-02,Ahmedabad,Satellite,23.028631390658,72.52066647451585,Apartment,2559.0,5,4,14,1,18,1,Semi-Furnished,1.6816169114931014,2.6263482443888053,2.3027003628772675,15.079797752695981,75.55501923770049,8.986318627537736,30702044.0,61517.0
TXN00492,2020-12-17,Ahmedabad,Bodakdev,23.04286290971268,72.5014750334013,Apartment,1187.0,4,4,20,6,12,0,Furnished,2.080779379067087,3.0389069149399948,2.4761412001418606,12.319508223593282,79.75718428712214,9.141352297163733,16591207.0,39508.0
TXN00493,2022-09-07,Ahmedabad,Chandkheda,23.112265631530686,72.58125838000812,Apartment,2647.0,5,4,23,11,16,1,Unfurnished,3.1301097780445994,3.111407671712753,2.9047479428747627,9.400490692261174,77.36166199110056,8.632042471572236,18139242.0,39844.0
TXN00494,2022-07-03,Ahmedabad,Satellite,23.032114213934193,72.52078767464981,Apartment,2680.0,4,3,7,4,12,2,Furnished,2.4360244265745483,2.9634752089853102,1.922098681337527,10.656997483135935,76.87770994188163,9.531007330637737,30128053.0,80877.0
TXN00495,2020-11-07,Ahmedabad,Prahlad Nagar,23.012161806567065,72.51266618682298,Apartment,2427.0,5,4,18,12,17,2,Semi-Furnished,2.2810307640806307,2.200737103413025,2.654416693561688,5.0,91.42769180992207,12.099240252940946,35561036.0,72431.0
TXN00496,2024-03-20,Ahmedabad,Satellite,23.033352756421703,72.51292957892508,Apartment,1257.0,3,4,8,7,13,2,Semi-Furnished,1.5614368677530015,2.972540426308989,1.5239269119167473,16.020985220880057,65.43977933000315,7.843198647886405,14303156.0,31523.0
TXN00497,2020-09-23,Ahmedabad,Shela,23.006173283486742,72.46109244745445,Apartment,2518.0,5,4,6,12,18,0,Semi-Furnished,2.5704535259303047,3.5174422039216133,3.5137101781662587,5.0,85.9234636971125,9.968924027154197,16346525.0,38016.0
TXN00498,2023-02-01,Ahmedabad,Bopal,23.031326955940223,72.4657380342149,Villa,600.0,1,1,16,1,6,1,Semi-Furnished,2.491039346564435,3.2491384281850952,3.739443117381007,5.0,91.74013310549758,9.354927179539391,4525950.0,10686.0
TXN00499,2023-07-18,Ahmedabad,Vastrapur,23.038429049687082,72.53252763866624,Apartment,1577.0,4,3,20,12,17,2,Semi-Furnished,2.6566046535384453,2.557060943622377,2.07374410422813,18.39195045772601,76.62301328313477,7.333169488633425,16340867.0,40942.0
TXN00500,2023-06-08,Ahmedabad,Bodakdev,23.041193217936836,72.50665189997486,Row House,2191.0,4,4,1,8,9,2,Semi-Furnished,2.532833136813208,2.296278588762622,1.8153295701396246,13.832130608694026,87.61857567679898,9.025776261766332,31410590.0,69181.0
TXN00501,2019-01-14,Ahmedabad,Satellite,23.032996883587646,72.51356296377638,Apartment,1475.0,3,2,13,4,12,1,Semi-Furnished,3.1564872215746154,3.100865015519776,2.3652833029466964,15.586724527616205,72.96217072241028,8.02756834538374,16510781.0,39247.0
TXN00502,2023-07-06,Ahmedabad,Shela,23.007019253721616,72.46388695984653,Apartment,1403.0,2,1,6,5,11,0,Semi-Furnished,3.2865286145232293,4.364552743072792,3.4409573396389392,5.0,92.39394133688026,12.272750073662467,9622069.0,20655.0
TXN00503,2022-03-13,Ahmedabad,Shela,23.00662070056077,72.46295136062255,Villa,2783.0,5,4,1,6,15,1,Semi-Furnished,2.336679573955216,3.540575304429348,3.434399022443075,11.335595045880783,78.99041378409169,8.63513463786475,19306258.0,44364.0
TXN00504,2025-01-20,Ahmedabad,Bopal,23.028599452904103,72.46232326806785,Apartment,2111.0,4,4,15,8,17,0,Unfurnished,2.7160788005257626,3.1221264011309917,2.82571925741531,10.515512918922632,83.50869971840487,10.961963581881802,16631349.0,35509.0
TXN00505,2020-12-06,Ahmedabad,Satellite,23.025492806568963,72.51819920013808,Villa,887.0,3,3,4,3,5,1,Semi-Furnished,2.824041050702349,3.5043468201449106,3.069555363247247,19.131467778368133,75.25831348560394,8.985695753207661,9802406.0,21039.0
TXN00506,2019-05-24,Ahmedabad,Prahlad Nagar,23.00882830477963,72.50797073546921,Apartment,2160.0,4,4,0,5,7,1,Semi-Furnished,1.8964263305122508,3.051570376505617,1.2707714411755662,5.0,78.57676313635383,9.184271519783819,28984884.0,58872.0
TXN00507,2024-05-03,Ahmedabad,Bodakdev,23.044342727635854,72.5067156720889,Apartment,1052.0,2,2,9,9,14,2,Semi-Furnished,2.5130614672460814,3.0486276511274,2.417470905432899,11.06304476646306,78.54403658659736,9.55043457678825,14904615.0,34929.0
TXN00508,2021-11-23,Ahmedabad,Maninagar,22.990859991079436,72.60059019779112,Apartment,2478.0,4,4,14,7,16,1,Furnished,3.6131980546137625,3.1909877677416296,3.614383689052892,19.391143903654754,65.16705467404061,8.840034367023065,20168356.0,48241.0
TXN00509,2022-12-14,Ahmedabad,Gota,23.082129443213233,72.53595369108177,Apartment,1447.0,2,1,20,12,19,0,Unfurnished,2.2339641196208726,2.885592878093984,2.919225473209547,10.63844072547906,76.70415645164655,8.103061080750175,9325973.0,24351.0
TXN00510,2020-08-13,Ahmedabad,Thaltej,23.041025166672473,72.51198821680627,Apartment,903.0,1,1,6,6,16,0,Semi-Furnished,2.698386884836494,2.5610699073653285,1.903431982144871,12.519180273659556,79.59795324532215,10.656778504013063,8589063.0,20579.0
TXN00511,2019-11-23,Ahmedabad,Vastrapur,23.047218808785022,72.52464338010104,Row House,855.0,1,1,4,12,14,2,Unfurnished,2.506223351989975,2.607824091697721,2.610512694119259,20.356741261916586,71.64358361596395,8.097166342060582,9245345.0,18634.0
TXN00512,2025-04-08,Ahmedabad,Vastrapur,23.043264916326695,72.52559372487822,Apartment,1255.0,3,3,20,3,16,2,Semi-Furnished,2.2912255897368725,2.6835565976888005,0.6450335777049989,15.742959016010966,78.23141278447436,8.843148607932639,14621122.0,30460.0
TXN00513,2023-07-14,Ahmedabad,Chandkheda,23.11352122780837,72.5869266263773,Villa,753.0,1,2,10,5,6,1,Furnished,2.5202131359257454,4.072312649048189,2.6150964519697624,12.351972028935217,83.96895040354504,9.581687677257241,5779352.0,12812.0
TXN00514,2023-03-07,Ahmedabad,Bodakdev,23.033250786052303,72.50804214396373,Apartment,2748.0,5,4,3,4,6,2,Semi-Furnished,2.10123883511757,2.6328670707999997,3.007604241719781,10.080417624681491,74.82472911315331,7.813624344940552,37921209.0,77914.0
TXN00515,2022-11-04,Ahmedabad,Vastrapur,23.044507945009123,72.52952574338812,Apartment,753.0,2,2,10,6,15,2,Furnished,2.396520023797722,2.629750520758803,2.6685906483059343,12.937260453765916,76.50419989006846,8.867063431037774,8887142.0,21286.0
TXN00516,2024-06-08,Ahmedabad,Bodakdev,23.041868508604615,72.50171100039908,Apartment,1674.0,3,4,1,4,13,2,Unfurnished,2.5353573124342725,3.3812620652423884,2.2595925578912888,23.58249787153918,74.13870163770021,9.722186878785875,22539936.0,46335.0
TXN00517,2020-09-02,Ahmedabad,Thaltej,23.049135928178764,72.51729131249355,Apartment,2579.0,4,4,8,5,19,2,Semi-Furnished,3.1052399695441197,2.3735570125670327,1.8058078495050713,5.9171898834527195,83.21426869946653,9.071975200421717,24948719.0,55402.0
TXN00518,2019-01-18,Ahmedabad,Bodakdev,23.03820445190112,72.5093245116591,Villa,2502.0,4,4,10,8,16,0,Semi-Furnished,2.7784870099502426,2.390320078238199,2.9827050624685056,18.321641867400608,73.00870283576987,9.492815114287069,36829610.0,76528.0
TXN00519,2025-07-13,Ahmedabad,Thaltej,23.052214162019887,72.51672873449864,Apartment,2707.0,5,4,0,8,13,0,Unfurnished,2.994098455601315,3.196060183298962,2.426825138079765,11.694067076469832,80.7425812881054,7.931299473780872,26562790.0,54444.0
TXN00520,2023-09-16,Ahmedabad,Thaltej,23.050220957037155,72.51985873539557,Row House,1292.0,2,3,12,9,13,0,Semi-Furnished,2.550620092322959,1.9604376459216415,1.5880645724897997,13.18595167087825,71.80813482476151,11.621636955129171,13485652.0,27750.0
TXN00521,2019-05-25,Ahmedabad,Maninagar,22.989013971088827,72.59528230506005,Villa,1752.0,4,4,10,12,18,2,Semi-Furnished,2.7547112209089963,3.3602509559644727,2.76851735841729,15.11715010802099,64.3444585720638,8.517812346356536,13556870.0,29483.0
TXN00522,2025-03-03,Ahmedabad,Chandkheda,23.103735540745166,72.58607954030043,Apartment,1182.0,2,1,0,2,10,0,Unfurnished,2.928379448833594,2.193522225383719,2.77936385016399,13.550618804380584,90.11874569949498,11.4323676539815,7997673.0,18015.0
TXN00523,2022-10-31,Ahmedabad,Thaltej,23.04894649329821,72.51640373230582,Villa,616.0,1,2,18,10,11,2,Semi-Furnished,2.406949829321191,3.4391179715643343,2.9080209526275573,12.056175182448241,82.79987961734926,8.603376405515487,6525343.0,13054.0
TXN00524,2024-01-21,Ahmedabad,Chandkheda,23.113045865660755,72.57545681565244,Row House,1232.0,3,3,23,6,12,2,Semi-Furnished,2.8173485127438322,2.9217259822633794,2.855001234461446,5.0,82.51998050041995,10.272204160451125,8983541.0,20226.0
TXN00525,2019-12-22,Ahmedabad,Vastrapur,23.035855036109666,72.52769912691832,Villa,1812.0,2,1,1,11,11,0,Semi-Furnished,3.083085350924409,2.171439472923826,1.5845436082341764,16.200112849577895,62.9723686280164,8.282186125972931,20067733.0,40186.0
TXN00526,2019-03-27,Ahmedabad,Satellite,23.02827536302078,72.51327297951119,Apartment,2432.0,5,4,16,3,19,0,Furnished,2.9361580644684864,2.7314745048718603,1.730830013179611,11.148157978229511,65.4996227920152,11.453958718369377,28837297.0,69559.0
TXN00527,2019-11-20,Ahmedabad,Prahlad Nagar,23.008366707348245,72.50904698437887,Villa,1274.0,2,1,17,3,15,1,Furnished,2.5760481385525087,2.32778451328603,1.9657516647273319,20.777889387603516,66.73850414327559,11.08127253240597,18151543.0,37938.0
TXN00528,2019-12-03,Ahmedabad,Prahlad Nagar,23.015380189641988,72.5030490967668,Villa,1735.0,3,4,17,1,12,1,Unfurnished,2.8818436064712447,2.83487691081471,3.11950373641325,11.13952018553188,88.55049368695816,8.466573049013757,19417353.0,45260.0
TXN00529,2021-09-01,Ahmedabad,Shela,23.003001820151276,72.45750420877143,Row House,2191.0,5,4,11,4,16,2,Furnished,3.890669906925748,2.9033188589056835,2.3636665374861727,11.090768243052988,87.13730507548499,11.772481862630555,17868495.0,32887.0
TXN00530,2020-10-19,Ahmedabad,Maninagar,22.997761360645477,72.60199447567909,Apartment,2513.0,4,3,22,6,19,2,Semi-Furnished,2.8735836224613127,3.0351437131359074,2.1553499612595783,21.539348441307855,72.36414641854155,9.317024398007607,19250616.0,40297.0
TXN00531,2023-09-23,Ahmedabad,Shela,23.0094896976372,72.4713650478792,Row House,878.0,1,1,24,9,11,0,Unfurnished,3.667364352295785,4.193806941213092,2.2565026752994637,15.808082532514918,78.95595004386414,11.414246282078789,5072229.0,12746.0
TXN00532,2021-04-11,Ahmedabad,Maninagar,22.98985927163018,72.60116731228517,Apartment,1588.0,2,1,5,3,10,0,Furnished,3.060979592313449,2.467582118484196,3.1340122186021637,21.20425181156095,54.59791702718988,6.347395299136531,11909263.0,28627.0
TXN00533,2024-05-30,Ahmedabad,Thaltej,23.05023690357714,72.5158296259416,Apartment,2581.0,4,3,12,1,11,1,Unfurnished,2.725871891723493,2.49074485768539,2.6613382182684844,5.215605378835406,68.98857100085885,8.968305518101285,22330203.0,57953.0
TXN00534,2020-01-09,Ahmedabad,Bodakdev,23.04520318189431,72.50552884985133,Apartment,1208.0,2,2,6,9,14,0,Semi-Furnished,2.799915121411637,2.355311269799121,1.1516929126594375,5.0,86.42025326667985,7.993815449470875,13694350.0,35437.0
TXN00535,2019-12-11,Ahmedabad,Satellite,23.03621944732411,72.51388323262691,Apartment,1102.0,1,1,24,10,13,2,Unfurnished,2.426304158979985,1.9270312158299523,2.9190166198016625,30.666984259209027,70.19032168723074,9.569123369764927,10844433.0,24281.0
TXN00536,2021-09-24,Ahmedabad,Shela,23.002108074613595,72.4665818130532,Apartment,2408.0,5,4,20,10,17,0,Unfurnished,2.6829578291064053,3.8726067254336036,3.16956883584032,20.489631839351503,92.90687328856296,10.230503461626059,14453397.0,36018.0
TXN00537,2022-04-18,Ahmedabad,Chandkheda,23.10794982048929,72.58039012829,Apartment,615.0,1,2,9,3,13,1,Semi-Furnished,3.650655225121377,2.829902448039586,3.626318029583523,5.052534128002861,83.36835466437,8.566359145213251,4500860.0,9579.0
TXN00538,2024-12-12,Ahmedabad,Bopal,23.03356821957508,72.47011030608617,Apartment,1517.0,4,4,2,9,16,0,Unfurnished,2.2795902539897472,3.4690690136347704,3.003788595669891,6.570990772850262,78.58731608456064,12.060441517918917,11918101.0,26501.0
TXN00539,2025-08-23,Ahmedabad,Bopal,23.027913811521074,72.46302972599216,Villa,2476.0,4,4,8,12,19,1,Furnished,2.2944703006822222,3.6468646023307096,1.4520955378370792,12.302037042730102,79.54174851469736,10.857745752410779,21026635.0,45194.0
TXN00540,2025-07-14,Ahmedabad,Prahlad Nagar,23.010303692794604,72.5025324371626,Apartment,735.0,1,1,10,10,11,2,Semi-Furnished,1.914315708563925,2.2934374061969187,1.3700369533559111,5.0,79.10218100856042,7.6109022364511,9457777.0,18821.0
TXN00541,2020-03-14,Ahmedabad,Maninagar,22.998325388204076,72.6039097984165,Apartment,1060.0,2,1,6,11,16,2,Furnished,2.7030908259944977,2.7290826371559977,2.9129437090707024,21.242040924436555,68.05089650431464,6.742692389352011,8003637.0,19814.0
TXN00542,2019-05-01,Ahmedabad,Shela,23.00486876676088,72.46738063202567,Apartment,683.0,1,2,15,1,13,1,Semi-Furnished,2.5714805728161894,3.8655439047043423,2.091309379900893,5.0,79.82098312190612,10.271350877623831,4782720.0,10296.0
TXN00543,2023-11-20,Ahmedabad,Maninagar,22.999332731659383,72.60438364418705,Apartment,1968.0,3,2,10,4,17,2,Unfurnished,2.4579311031057576,3.091176251197661,2.198061438078014,7.038333886727328,72.78478854093188,9.196965400747535,12854271.0,32034.0
TXN00544,2020-11-01,Ahmedabad,Bodakdev,23.043935802291827,72.51043347020033,Apartment,1556.0,3,3,13,1,16,0,Furnished,2.4124319533112057,2.9183540764750546,2.373138335458109,10.565961870427547,78.25372729255962,11.603024334069937,24583919.0,48148.0
TXN00545,2022-06-09,Ahmedabad,Bodakdev,23.038039145860644,72.50952971044246,Villa,1305.0,3,4,12,5,11,2,Furnished,1.7461040416015414,2.6132981731730442,2.374488764115529,6.854372465546349,83.40198246043195,12.485139640387136,20782373.0,44461.0
TXN00546,2023-09-03,Ahmedabad,Satellite,23.028811358330813,72.51243161393502,Apartment,2057.0,4,4,22,1,16,2,Semi-Furnished,2.10058712823941,2.3657110411223035,2.763783907717416,11.035386910315928,66.19349338636471,6.384946523003608,22339720.0,47787.0
TXN00547,2022-09-10,Ahmedabad,Prahlad Nagar,23.015954182030924,72.51280810913588,Apartment,1105.0,1,2,10,6,16,1,Furnished,1.9639031970013423,2.4452165629990903,1.750957588608374,18.977136265989177,75.34321607081027,4.937753286718765,13191149.0,32029.0
TXN00548,2022-11-20,Ahmedabad,Maninagar,22.993319380349,72.60372989962188,Apartment,1014.0,1,1,11,12,18,0,Semi-Furnished,2.61649819157128,3.2470660737890342,2.2426255270169397,16.746360253929655,59.70970283755676,7.518125330194127,6732297.0,16275.0
TXN00549,2024-08-08,Ahmedabad,Satellite,23.029069867202214,72.51736321506165,Row House,1106.0,1,1,24,4,8,1,Semi-Furnished,2.306706093391551,2.586325642428378,1.953546788889595,17.982079876126726,78.66095863189591,6.497461132240488,11741527.0,27524.0
TXN00550,2020-07-31,Ahmedabad,Satellite,23.024354530183697,72.5274086597338,Apartment,1080.0,3,4,16,12,16,1,Semi-Furnished,1.8135926972030743,2.468359535541606,2.729435196699555,5.0,77.43591025394244,8.002832772049272,11937303.0,29561.0
TXN00551,2023-07-02,Ahmedabad,Shela,22.99992318171455,72.45960015258399,Row House,2798.0,5,4,19,12,14,2,Semi-Furnished,2.5620915060996845,3.8829947429565124,2.918254519539492,14.321989224528583,80.21211546280047,9.4255160717132,17906573.0,42997.0
TXN00552,2020-06-12,Ahmedabad,Thaltej,23.054195917062223,72.51132004059133,Row House,1027.0,3,4,16,7,15,0,Semi-Furnished,2.562795343983736,2.712507234185155,2.5999123483257947,5.0,69.27888348819353,6.93407472898612,9374055.0,22590.0
TXN00553,2025-05-30,Ahmedabad,Gota,23.092936106176687,72.54074245403078,Row House,2541.0,4,3,7,12,13,2,Semi-Furnished,2.7194891041059512,3.256489299074582,2.6508462821874574,5.0,76.18371375767151,9.457195040663333,18934017.0,43936.0
TXN00554,2020-08-25,Ahmedabad,Vastrapur,23.03673332266551,72.5306192123599,Apartment,1661.0,3,4,9,6,18,0,Furnished,2.207604766175451,3.8350620714654227,3.248348234224001,19.638926534782815,60.82633819192515,9.283505091784086,18920298.0,42364.0
TXN00555,2020-01-09,Ahmedabad,Shela,23.003887293513333,72.46255486985173,Apartment,2619.0,4,3,16,1,5,1,Unfurnished,2.438387932413705,3.7487827363228994,2.9707539743184443,5.0,85.07268865287844,9.048255768185804,15887694.0,38172.0
TXN00556,2023-07-31,Ahmedabad,Bopal,23.023600272116166,72.46803721049079,Villa,2375.0,4,3,16,8,9,0,Semi-Furnished,2.1416454432432555,3.4289711416442676,2.5249714264713647,7.217199995315578,100.0,8.74066418313964,17319918.0,38549.0
TXN00557,2024-05-29,Ahmedabad,Shela,23.00609343097599,72.46543479560006,Apartment,2372.0,5,4,8,3,12,2,Unfurnished,3.3360315905573734,3.865313949464178,2.738518926023729,6.654757717842137,87.50728278377716,12.235642491138503,17070009.0,35506.0
TXN00558,2022-07-18,Ahmedabad,Satellite,23.029929945051396,72.51461113216948,Villa,2104.0,4,4,4,7,19,1,Semi-Furnished,3.586401569687111,1.7304743461460865,2.8048378248775787,9.123974334477017,89.4115251145411,9.110554136146414,23102690.0,51745.0
TXN00559,2024-06-27,Ahmedabad,Prahlad Nagar,23.01171496877001,72.50716322991957,Apartment,928.0,2,2,24,11,17,2,Furnished,2.8571340542227133,1.8233335488701483,1.7033788783868733,14.581719312847659,68.88967218079438,8.417726864919391,13608576.0,26445.0
TXN00560,2020-01-09,Ahmedabad,Bopal,23.026117907129343,72.46334297190339,Apartment,2370.0,5,4,7,10,17,0,Furnished,3.039734476892056,2.6511331602177584,3.7868330561556687,5.0,76.04006336184055,9.46862578421643,18285321.0,43693.0
TXN00561,2025-07-07,Ahmedabad,Prahlad Nagar,23.009053517964304,72.50574251342469,Row House,2478.0,4,3,11,6,6,2,Semi-Furnished,2.6206905388915933,2.695673380922847,2.1723774572784875,5.0,70.32954035976226,7.694479002177177,32285243.0,71249.0
TXN00562,2023-02-18,Ahmedabad,Chandkheda,23.116961065709443,72.57426499866465,Apartment,2638.0,5,4,10,7,8,0,Furnished,3.159253495869514,3.3370575615205995,3.2400719128530273,8.90700383282805,82.42567629829952,11.419358865946872,20616341.0,46871.0
TXN00563,2019-05-29,Ahmedabad,Prahlad Nagar,23.011441078324424,72.50555324785527,Apartment,892.0,1,1,4,6,16,2,Semi-Furnished,2.2498134932703757,3.155343809200571,1.8862137579391538,10.491377841853645,75.66985734629282,7.485623407109179,12387342.0,25967.0
TXN00564,2024-09-08,Ahmedabad,Thaltej,23.05740433686603,72.5192852513775,Apartment,2249.0,4,4,20,6,14,1,Semi-Furnished,2.0382137749985847,3.4200641819868256,2.4928596938015333,5.0,65.88912025246603,9.202348863229231,22583072.0,48867.0
TXN00565,2020-10-02,Ahmedabad,Prahlad Nagar,23.01067791950449,72.496681978791,Apartment,1385.0,2,3,20,1,7,0,Semi-Furnished,2.045649132830497,2.4984015499773244,2.205908710967768,18.739235911554676,71.65599693914001,9.585112182376978,18241251.0,38216.0
TXN00566,2024-08-14,Ahmedabad,Satellite,23.023831271577894,72.51388909216007,Villa,1698.0,3,2,14,12,17,2,Furnished,2.6685553788173886,2.384484205812701,2.800050142507217,13.826154913895135,75.19049344944419,8.284505656439247,19447345.0,46872.0
TXN00567,2019-04-07,Ahmedabad,Prahlad Nagar,23.005912430071806,72.5047273219284,Apartment,1730.0,3,4,6,7,18,1,Furnished,2.355738175132304,2.205629271823636,1.9084379208543036,12.103949249338035,74.65147800111941,8.357236961160798,23582953.0,54560.0
TXN00568,2023-11-07,Ahmedabad,Thaltej,23.044981010086744,72.51396760450808,Apartment,2300.0,5,4,3,3,14,2,Furnished,2.257105040572877,2.9850746248102973,2.292480945608227,5.0,74.90583424418325,9.22020319919701,26616301.0,54157.0
TXN00569,2023-04-03,Ahmedabad,Gota,23.08567648900094,72.543010986286,Apartment,821.0,2,3,1,7,9,0,Unfurnished,2.563797153503274,3.8112576246399366,3.1935242412261684,14.303512900529785,78.79147734428061,11.363833049509331,6667933.0,12818.0
TXN00570,2023-05-28,Ahmedabad,Prahlad Nagar,23.01061192154687,72.50117022310134,Apartment,1542.0,3,4,8,6,11,2,Unfurnished,1.8757207459513605,2.2351321403725364,2.459436942143932,11.924273145216173,77.503295401814,8.650491907504435,19580437.0,39696.0
TXN00571,2022-08-09,Ahmedabad,Thaltej,23.056279981573525,72.52012516142467,Apartment,654.0,2,2,12,11,15,2,Furnished,2.8931562449486727,3.612030670401687,2.992151327738781,22.619869176643505,68.03765174583094,8.839398883463875,7126725.0,16008.0
TXN00572,2024-11-02,Ahmedabad,Shela,23.00792784535354,72.47173953209034,Apartment,965.0,2,2,5,7,14,2,Semi-Furnished,2.9657074044275804,3.9025334610917346,3.028257722153821,13.31012114439551,87.13996145094707,6.119899393262425,6485547.0,16424.0
TXN00573,2025-06-23,Ahmedabad,Bodakdev,23.043318039822484,72.49999946704604,Apartment,1676.0,3,3,13,4,4,1,Unfurnished,2.4599919149115825,2.6886227355185315,2.092584214348224,6.49989745897626,86.68268908366042,10.076573250059514,20659651.0,44316.0
TXN00574,2021-06-02,Ahmedabad,Satellite,23.028901301343016,72.51590995616476,Villa,1345.0,3,4,3,12,17,1,Unfurnished,3.3943107335407854,1.332802168553115,2.0934135573085197,19.39095109445961,81.4386698516422,8.501526889805456,14431060.0,32453.0
TXN00575,2020-07-30,Ahmedabad,Chandkheda,23.115478503476137,72.57933030349271,Row House,2025.0,3,3,18,4,18,0,Unfurnished,2.0923784110889576,3.546294218958312,4.390576777367995,18.59725266856742,82.54707280658805,8.579219798941274,13289297.0,29331.0
TXN00576,2021-11-20,Ahmedabad,Satellite,23.02824751811515,72.52182720507966,Apartment,1118.0,3,3,7,5,13,0,Unfurnished,2.245455763141388,3.0934371449294096,2.6151283471032065,20.55413639435166,88.46200693270045,9.746456774763677,11484259.0,27337.0
TXN00577,2025-02-20,Ahmedabad,Maninagar,22.99412941177906,72.60459218016592,Villa,719.0,1,1,12,1,7,0,Semi-Furnished,2.7491479217565575,3.3208344829830483,2.5992671661555073,13.94046895467005,56.90113013231066,8.08440754404871,5215660.0,11491.0
TXN00578,2025-12-15,Ahmedabad,Bopal,23.026648473621854,72.46534804341651,Row House,1092.0,2,1,14,12,12,1,Furnished,1.780634194117114,3.6404571260313197,2.5092347179685337,5.0,90.3833478555902,9.273933892263585,8609687.0,23638.0
TXN00579,2020-04-04,Ahmedabad,Bopal,23.026787194705562,72.46498719398387,Apartment,584.0,1,1,9,8,15,2,Semi-Furnished,3.1387688484118472,4.142421559321293,3.3409962117799292,5.0,71.71176510569003,9.758081712343062,4914905.0,9687.0
TXN00580,2025-09-16,Ahmedabad,Bopal,23.033698041073258,72.4601211066476,Apartment,576.0,2,2,15,12,16,2,Furnished,2.3413233877773725,4.104065334140606,3.7888753062405636,12.425939194182652,64.50248142165879,10.821617026983247,5059941.0,11722.0
TXN00581,2020-06-01,Ahmedabad,Bodakdev,23.038655026881557,72.5065892069222,Row House,1390.0,3,2,18,3,15,1,Unfurnished,2.456796390926562,2.5743774672380386,2.393681470234706,5.0,72.1528886186535,10.229240410211881,16662162.0,38960.0
TXN00582,2024-01-27,Ahmedabad,Shela,23.007327459737816,72.46001761892175,Villa,782.0,2,2,20,6,9,1,Unfurnished,3.140084525456961,4.034658719099462,2.164615758399481,5.0,84.81395670390859,9.561123631108122,5101932.0,11405.0
TXN00583,2025-04-09,Ahmedabad,Gota,23.09224119337424,72.54176242368287,Villa,2184.0,4,4,25,7,19,1,Semi-Furnished,2.6051902708279697,3.780797179057958,2.970832851442066,5.0,71.99172884713919,8.485888001897768,15058921.0,38446.0
TXN00584,2024-11-14,Ahmedabad,Thaltej,23.053379520104933,72.51320133384313,Apartment,552.0,1,1,17,10,14,2,Unfurnished,2.604119655799683,2.996652511785095,4.032364018947388,5.125226414969955,67.45760733277766,8.897371662918683,5047158.0,11219.0
TXN00585,2025-05-07,Ahmedabad,Satellite,23.02590675487694,72.51793320554765,Row House,2711.0,4,3,2,8,14,1,Semi-Furnished,2.275383951582418,2.373911868009327,1.4651748161053109,17.538407103538106,78.48273942937865,8.035332746704947,32902426.0,68484.0
TXN00586,2020-02-20,Ahmedabad,Bodakdev,23.039969463004386,72.4975912558242,Row House,2026.0,3,3,18,11,18,2,Semi-Furnished,2.427592405642976,2.2992632325476046,2.3798978104124275,10.806943390074224,82.48649010646945,6.9643683448445355,27189884.0,62747.0
TXN00587,2020-12-28,Ahmedabad,Maninagar,22.992446283170928,72.6011134403966,Apartment,2285.0,4,4,20,10,16,0,Semi-Furnished,3.003065380689005,2.2464737283070546,2.181473197155809,5.763815940947502,76.04846310726457,7.353373314269398,17196146.0,39303.0
TXN00588,2019-08-20,Ahmedabad,Satellite,23.02780333656681,72.51270258786896,Apartment,1563.0,3,2,1,7,9,0,Unfurnished,2.5083663977295,2.1874979769002643,2.3640635869748152,17.94763720243664,73.24253372339132,11.489887370892742,17948644.0,40439.0
TXN00589,2019-04-29,Ahmedabad,Satellite,23.02609276094554,72.51141606522266,Row House,1023.0,2,2,17,9,12,2,Unfurnished,2.9358720977947326,1.8829414592303897,2.2032078084472015,11.975091607049837,75.48753802711404,8.03298405817093,11094783.0,25058.0
TXN00590,2022-05-31,Ahmedabad,Satellite,23.02895835314571,72.5198591154484,Row House,649.0,2,2,9,2,9,0,Furnished,2.7728810137155486,2.8791771167722016,2.148382423251908,21.974989417791956,74.76863674961264,8.94061748227648,7134086.0,18288.0
TXN00591,2020-04-29,Ahmedabad,Bodakdev,23.037694817316268,72.50483809378629,Apartment,880.0,2,3,8,10,18,2,Unfurnished,1.8581697360119849,2.020795907927223,1.7616056056559737,11.599994276141528,69.20390182196292,9.294525555976694,11283300.0,26310.0
TXN00592,2025-08-20,Ahmedabad,Bopal,23.032090879278066,72.46397468533723,Apartment,1855.0,4,4,6,7,9,0,Unfurnished,2.350655988854275,2.3535688148226037,2.781387006140366,7.697766021457036,89.44957006751814,10.329763178699269,13546421.0,31011.0
TXN00593,2020-06-09,Ahmedabad,Chandkheda,23.110001326501024,72.58381805938642,Apartment,1650.0,4,3,14,1,12,1,Semi-Furnished,2.5160518514381853,3.4835245872689,2.6056310242294307,10.875560867206387,72.31569537968973,7.948941681998967,11890476.0,25937.0
TXN00594,2024-03-04,Ahmedabad,Thaltej,23.050705108142914,72.518596493936,Apartment,2357.0,4,4,17,10,17,2,Furnished,2.32626262133502,3.4037405914165997,2.186452033145298,22.92063683675186,76.51149262815662,8.97786622338364,26309748.0,54979.0
TXN00595,2021-05-12,Ahmedabad,Maninagar,22.998616355839577,72.59733617229458,Apartment,1452.0,3,3,0,3,7,2,Semi-Furnished,2.9779378798486444,3.5757607503235307,2.606077699286786,20.552366400274344,62.116820764889525,9.488769070920828,11307608.0,24919.0
TXN00596,2024-11-07,Ahmedabad,Prahlad Nagar,23.00950856469021,72.50152230502626,Apartment,2549.0,5,4,9,10,19,1,Furnished,2.0424696801186064,1.7924864761578354,1.8654092837992748,15.196456458034298,81.59710194039457,9.596782543261318,35096201.0,84771.0
TXN00597,2022-04-13,Ahmedabad,Satellite,23.029236188948516,72.51327683986872,Apartment,1347.0,2,1,3,2,15,0,Unfurnished,3.3445248779066876,2.321813471716791,1.509321874347624,20.619068407329017,69.46998186380118,6.549827290726219,13779517.0,32123.0
TXN00598,2019-06-06,Ahmedabad,Bodakdev,23.040112687629037,72.5149307969201,Villa,1237.0,2,2,21,11,14,2,Semi-Furnished,2.3768432402840918,2.2826732789704587,1.1673475617362439,12.42007658203299,86.1343748740917,8.252980381332174,16184061.0,35321.0
TXN00599,2025-12-27,Ahmedabad,Bodakdev,23.032467717359985,72.51102122291093,Apartment,847.0,2,2,12,8,14,1,Furnished,2.909545935342309,2.879336092375748,2.3402848242693755,5.0,92.75435127042336,9.134910051674101,12304145.0,26432.0
TXN00600,2021-09-17,Ahmedabad,Maninagar,22.994156237093783,72.59512185563653,Apartment,1081.0,2,2,9,3,18,2,Furnished,2.981249915787518,3.182258263093364,3.2338588953387677,16.006835531515684,63.61306765915626,12.478923269614489,9015792.0,18680.0
TXN00601,2022-12-13,Ahmedabad,Shela,23.006663917023577,72.46095995735531,Villa,2693.0,5,4,21,6,13,0,Semi-Furnished,2.4560762362367146,3.5915079419534712,2.7150437395353055,5.0,90.94439885382164,8.730534671039592,17040558.0,46710.0
TXN00602,2019-07-17,Ahmedabad,Thaltej,23.042621371111935,72.51674655031074,Apartment,2403.0,4,4,5,10,16,1,Unfurnished,2.29790681066545,3.3970289521247183,3.1165301374113863,21.48325314463706,75.50266278185188,9.74874197593179,23080272.0,46930.0
TXN00603,2023-04-19,Ahmedabad,Vastrapur,23.04408029366572,72.53304108969066,Apartment,1124.0,2,2,0,6,15,1,Unfurnished,2.24011751403267,2.8038810443381603,2.111533345879407,14.221426467962976,73.09313820530124,12.223625450654538,13244285.0,24989.0
TXN00604,2025-04-19,Ahmedabad,Bopal,23.030157147286282,72.46362538689431,Apartment,2005.0,4,3,1,6,11,1,Furnished,2.295846314750818,2.8763139773393958,2.751127606335327,5.0,77.22251667520506,10.555873855632452,17688380.0,38207.0
TXN00605,2019-08-02,Ahmedabad,Bopal,23.028050093125117,72.46854420541065,Apartment,1716.0,3,3,25,12,15,2,Unfurnished,2.491697940354806,3.444689861010302,2.0506313795182733,6.351287952538376,89.42044166222276,9.346932345813318,13104513.0,27366.0
TXN00606,2021-01-30,Ahmedabad,Satellite,23.034147181730003,72.51578399621647,Villa,558.0,1,1,7,3,11,2,Furnished,1.4737819169392206,2.116849439890358,2.5894553913485394,19.52472558111161,73.6717891086888,8.175646752230072,6508491.0,14378.0
TXN00607,2025-04-06,Ahmedabad,Shela,23.00684066808278,72.46564562337909,Villa,738.0,1,2,7,7,13,2,Furnished,2.388498600540495,2.8492498168528835,2.9937299446250125,9.87685864444937,83.11243351718471,10.057183030674004,5538634.0,11165.0
TXN00608,2022-04-10,Ahmedabad,Maninagar,22.991742034048556,72.60278123234019,Row House,1114.0,2,1,9,12,13,0,Semi-Furnished,2.0646029318947314,2.3249854987601335,2.8341568040192104,26.44868724641543,71.87978412352125,8.623152249267235,8250166.0,19192.0
TXN00609,2023-06-11,Ahmedabad,Satellite,23.03739512763102,72.52203989459815,Apartment,666.0,2,3,16,10,12,2,Unfurnished,2.9065336231579426,1.3264131358309168,2.3408505476397563,13.823021745830875,78.03060329952478,7.157048516122606,6706924.0,15682.0
TXN00610,2020-03-13,Ahmedabad,Gota,23.092531379057696,72.53800837966946,Row House,2036.0,4,3,9,9,9,2,Semi-Furnished,3.032854878672949,3.3053987683941113,2.1426737736697734,13.02151699426949,84.18398955316482,9.010264691595022,16032217.0,34563.0
TXN00611,2025-08-29,Ahmedabad,Thaltej,23.055134394520433,72.51697688047712,Apartment,936.0,2,2,16,4,13,1,Furnished,1.249654672488944,3.5778103271911923,2.3290140513199296,8.002881521208051,73.51111707180382,8.294666462001143,10111401.0,22210.0
TXN00612,2024-06-04,Ahmedabad,Vastrapur,23.037610619944278,72.52856855001176,Apartment,2164.0,4,4,9,3,15,0,Semi-Furnished,2.7018425744087993,2.558017487031569,1.8421685373154841,10.562373599787263,75.97324283532181,8.506653924687619,23763998.0,49542.0
TXN00613,2024-05-19,Ahmedabad,Bopal,23.029858661790826,72.4636068035234,Apartment,2631.0,5,4,24,2,4,0,Furnished,2.5859217516857593,3.7987918686126902,2.275334323617856,5.0,83.45464896811315,11.107928181705308,23034721.0,51701.0
TXN00614,2022-08-07,Ahmedabad,Maninagar,22.996640939377688,72.60166992905674,Apartment,2421.0,5,4,24,6,13,1,Semi-Furnished,2.5553814838226083,3.558421360481509,2.9729347947167337,16.617681528874392,67.83916348455661,9.608965626941366,17517448.0,39725.0
TXN00615,2019-12-21,Ahmedabad,Bodakdev,23.036965248063446,72.50460379717506,Villa,1520.0,3,2,15,2,19,1,Semi-Furnished,1.7832820880524198,2.4395314708891047,3.1580110772457637,10.760221020477024,71.02822953797556,8.390779549563343,18650053.0,44393.0
TXN00616,2025-07-14,Ahmedabad,Thaltej,23.046996806906833,72.50951799173978,Villa,2261.0,5,4,3,6,11,2,Furnished,2.6296772064891063,2.445669321617329,3.3411316243633404,13.461134830114437,85.55628240269667,8.899909823911026,24505049.0,54300.0
TXN00617,2022-06-22,Ahmedabad,Shela,23.005648051007952,72.4681582250168,Row House,1644.0,3,3,23,7,14,2,Semi-Furnished,2.2360010682311637,3.387223105225844,4.054168532903801,19.087365394355672,81.9548058908121,9.073391993274294,10456163.0,25582.0
TXN00618,2024-10-30,Ahmedabad,Prahlad Nagar,23.01100147881969,72.51323873514666,Apartment,2559.0,5,4,8,9,16,1,Furnished,2.344238639856675,2.6226371069651795,2.6194920813018996,5.0,76.37964195868179,7.795608916312778,30847725.0,75124.0
TXN00619,2022-03-11,Ahmedabad,Bopal,23.025561409623965,72.46911247638391,Apartment,1305.0,3,4,18,2,16,2,Semi-Furnished,2.6431631743822077,2.411538795720587,1.9188766490668268,7.39152433929868,93.77062679442098,6.440728048507635,9992709.0,22755.0
TXN00620,2023-01-07,Ahmedabad,Bopal,23.028155561689683,72.46748006885637,Villa,2340.0,4,3,19,6,19,0,Semi-Furnished,2.7030508718583364,3.7455551045252258,2.4422779707895974,5.0,78.16243691434228,8.607529606776339,17033709.0,40147.0
TXN00621,2019-06-27,Ahmedabad,Maninagar,22.99403594702486,72.5999503991256,Apartment,1631.0,2,3,22,8,14,0,Unfurnished,2.5393525980305487,2.7808025313053317,3.0610692065554135,23.888341598051813,62.102684640276735,8.49561205274928,10947502.0,25761.0
TXN00622,2023-09-28,Ahmedabad,Prahlad Nagar,23.014584703007255,72.51261755159857,Apartment,1813.0,4,4,14,8,15,1,Furnished,2.3834621595035204,3.8899191825214667,2.3772736664695655,16.2861282340845,77.40540844879129,9.55755105868484,24047077.0,55123.0
TXN00623,2024-01-14,Ahmedabad,Maninagar,23.00053962775058,72.60035661227961,Villa,628.0,1,1,25,8,19,0,Semi-Furnished,2.7560268332175615,3.2947230582768467,2.6439787650665343,13.423206668239958,77.37079233282962,7.260903979360432,4320353.0,11294.0
TXN00624,2024-09-22,Ahmedabad,Bopal,23.032898094376083,72.46574406848974,Apartment,1401.0,2,3,20,8,8,1,Furnished,2.6246876177791623,4.291058783302111,1.860753309225558,12.359859794163555,79.1560705489854,9.150659199572186,11513094.0,27899.0
TXN00625,2020-04-18,Ahmedabad,Chandkheda,23.111482143479932,72.57573466571249,Apartment,2440.0,5,4,24,4,18,1,Semi-Furnished,2.150895354818441,2.536999286086916,2.9761042156443107,12.788238289201507,86.27619399530818,7.763683949051862,16680740.0,43070.0
TXN00626,2022-05-02,Ahmedabad,Gota,23.08726492943139,72.54097849056447,Villa,1868.0,3,2,8,10,18,0,Furnished,2.5945482715858112,4.195633886579983,1.7950635233834393,11.258773624870885,75.65817410467622,11.218210432131716,15356370.0,34280.0
TXN00627,2020-04-13,Ahmedabad,Shela,23.00867538595366,72.4627862059462,Apartment,1727.0,3,2,3,5,13,2,Semi-Furnished,2.4726422435015514,3.0196128841553964,2.6009608689261645,10.971638992923292,90.74049627467429,10.018244768651309,12200902.0,25559.0
TXN00628,2019-07-03,Ahmedabad,Thaltej,23.050566515095248,72.50907406013123,Apartment,1867.0,3,2,18,8,9,1,Furnished,2.31237631726313,2.9698782326164896,3.3712701516712027,6.1856227199132885,82.34159068749277,9.932291284081217,19147774.0,43136.0
TXN00629,2021-03-10,Ahmedabad,Shela,22.997926032537762,72.46697877253419,Apartment,1925.0,4,3,19,6,6,0,Semi-Furnished,2.690790104267639,4.434027138306502,3.7350971775254074,11.763545782119278,79.87865655937644,8.564152174400341,12220767.0,29928.0
TXN00630,2022-07-17,Ahmedabad,Bopal,23.035593774601537,72.46670236100148,Villa,2589.0,4,4,1,10,17,1,Semi-Furnished,2.9734773203752383,3.78123938209439,2.2117160633130166,10.679713687095873,82.40818973638783,9.00748249485028,21862998.0,48926.0
TXN00631,2019-03-26,Ahmedabad,Gota,23.084135672951042,72.54653713537469,Apartment,1225.0,1,1,14,9,11,0,Unfurnished,2.217385798705215,2.8716601371035164,3.630652810670604,12.192613094101262,80.24191793323473,8.60523863641193,8803971.0,21115.0
TXN00632,2025-01-09,Ahmedabad,Bodakdev,23.04512975645567,72.50649274113637,Row House,2304.0,4,3,22,11,17,2,Furnished,1.5662129520872279,2.5668877915891044,3.8358137441235174,9.99901054448653,75.94902024816015,8.455438227363645,36317811.0,77161.0
TXN00633,2020-02-18,Ahmedabad,Vastrapur,23.04213795181931,72.53771229132087,Apartment,1223.0,2,2,0,12,12,2,Semi-Furnished,2.467857617758071,1.9117933987698796,1.249154187581734,20.388048220649726,70.4314962061184,8.332832947801753,14601457.0,32131.0
TXN00634,2023-04-26,Ahmedabad,Shela,23.007819975144024,72.46400103019836,Apartment,2018.0,4,3,25,10,14,1,Furnished,2.9514951283436606,3.2717855049599853,2.851045115386666,18.73625339736337,81.88503391515957,11.095231051516183,14810689.0,31398.0
TXN00635,2021-09-20,Ahmedabad,Bodakdev,23.034666903042297,72.50308010671252,Row House,1130.0,2,2,18,2,12,2,Unfurnished,2.0509116512453134,3.676059169513057,2.2760203507770487,14.21737098958761,86.139457909815,8.718598463610864,13618448.0,31138.0
TXN00636,2025-07-25,Ahmedabad,Bopal,23.027851852266664,72.45645594580225,Apartment,2393.0,5,4,5,1,10,2,Semi-Furnished,2.7550993214652926,3.6104519123055234,3.6977468227737047,5.526386524948686,76.89251272606793,8.233038829771104,19502227.0,45576.0
TXN00637,2023-03-21,Ahmedabad,Maninagar,22.996664428593135,72.59813899792508,Apartment,1757.0,3,3,13,7,19,2,Semi-Furnished,2.895487509932132,3.222389984370484,2.9648867845081246,20.901430129085767,69.23837857225077,7.313502983423483,13101746.0,31645.0
TXN00638,2020-07-20,Ahmedabad,Gota,23.085210109609477,72.53909800526223,Apartment,1162.0,2,3,3,5,15,2,Unfurnished,1.374014062037173,3.267442421855871,4.017258044714285,21.230677142748554,81.89941978434366,8.088299164240137,7906000.0,17901.0
TXN00639,2025-10-10,Ahmedabad,Bodakdev,23.042226023943275,72.50985585210954,Apartment,2596.0,5,4,1,9,18,0,Furnished,1.5476846665004829,3.0075507298324067,2.103773348683151,5.0,74.5070720092835,9.337984361511307,41502967.0,80954.0
TXN00640,2022-01-05,Ahmedabad,Bopal,23.02986379720215,72.46565582797378,Row House,1713.0,3,2,3,11,17,1,Furnished,2.4839288153249837,3.410019729289129,3.23777220055351,13.362851045109643,86.8527697771071,9.933335643136317,15335074.0,35554.0
TXN00641,2022-03-10,Ahmedabad,Gota,23.093051464803093,72.53313410594376,Apartment,1744.0,3,2,23,5,12,1,Semi-Furnished,3.4217876345409395,2.5184620601887904,3.3683053547510977,5.0,92.04309547345548,8.839627380764032,12896732.0,30658.0
TXN00642,2021-03-21,Ahmedabad,Bopal,23.028563173233394,72.4619688131744,Row House,850.0,2,1,22,5,11,1,Furnished,3.210033929881763,3.248619868647468,2.499994179564517,6.242924593144789,80.15718093555384,8.747804799970986,6617917.0,16161.0
TXN00643,2019-10-27,Ahmedabad,Gota,23.0920816829972,72.53764713059323,Villa,1521.0,2,2,10,10,19,1,Furnished,2.3662763728129264,2.8036316948373354,3.385669827128977,8.058824202545832,92.9818039996853,9.67157651667519,12451139.0,29504.0
TXN00644,2025-01-24,Ahmedabad,Bodakdev,23.038561527845918,72.5114438262179,Apartment,1250.0,3,2,19,7,14,1,Semi-Furnished,2.0301782771743815,1.467252550312987,2.156061102139475,6.852154576550902,84.53788443014095,10.44701442819538,16850559.0,36650.0
TXN00645,2024-08-05,Ahmedabad,Gota,23.085443503123045,72.54140641675612,Apartment,2051.0,3,4,22,3,6,0,Semi-Furnished,3.246411831254896,4.531891690599237,2.820206473372309,8.886822617222755,85.17946900485795,7.6697057513266325,14675445.0,37081.0
TXN00646,2025-09-04,Ahmedabad,Bopal,23.02856208124194,72.46294652492475,Villa,2577.0,4,3,17,11,11,0,Semi-Furnished,1.4076701345995275,3.5695990923882883,1.8427004695069003,6.200195912604453,81.70633103030363,7.773067939719475,19640524.0,42272.0
TXN00647,2021-01-17,Ahmedabad,Chandkheda,23.110562102587412,72.58887256557885,Villa,2590.0,4,3,4,10,13,0,Furnished,2.7369611148704673,3.43083252257012,2.672185507010332,5.0,88.33519583519225,8.419091769993042,18555352.0,45491.0
TXN00648,2020-04-17,Ahmedabad,Gota,23.081967408776798,72.53850555023195,Apartment,1000.0,2,3,23,3,18,1,Semi-Furnished,3.177400698893749,2.933151052787392,2.857187372624676,14.702401309935592,87.57248275568973,8.288194136543432,7430400.0,17356.0
TXN00649,2022-07-22,Ahmedabad,Vastrapur,23.0413624644987,72.5283486010072,Apartment,2144.0,4,4,24,11,16,1,Semi-Furnished,2.039544292563937,3.2326113144865514,2.7762974865170342,17.04834189069892,66.08222907256538,8.392686587323233,24632526.0,54214.0
TXN00650,2023-08-16,Ahmedabad,Chandkheda,23.109067699363525,72.58139123472868,Apartment,1046.0,3,2,10,8,9,2,Semi-Furnished,2.895069240215931,2.674778428111813,2.779345973091416,7.944861019329421,91.89558221291786,9.93927264986217,7021427.0,19337.0
TXN00651,2019-11-25,Ahmedabad,Thaltej,23.050277263003764,72.50447946657337,Apartment,915.0,2,3,16,10,18,2,Semi-Furnished,2.457777178135129,3.642655228377631,3.0664475859456815,9.353427703554912,76.2717697859505,11.133648016436611,9561696.0,20230.0
TXN00652,2021-01-19,Ahmedabad,Gota,23.094806078708938,72.54021173629621,Villa,722.0,2,1,2,5,8,0,Furnished,2.4818663272037553,4.30465428654635,2.511044163882877,5.0,90.00301868170736,10.699215161031011,6595062.0,14240.0
TXN00653,2023-07-07,Ahmedabad,Bopal,23.02388307688022,72.46685553319881,Apartment,858.0,2,3,2,7,13,1,Furnished,2.251920268230291,4.154368375030094,3.7149509627178485,9.334117212523381,77.11485165777789,9.845980686620805,7739186.0,18045.0
TXN00654,2022-12-03,Ahmedabad,Maninagar,22.996254158326423,72.60367244838518,Row House,1066.0,3,2,12,1,8,2,Furnished,2.3471270655455583,3.2782642212976505,3.0384524669528266,19.451572112501914,64.21863616086594,7.374464427668046,8053341.0,18591.0
TXN00655,2019-11-20,Ahmedabad,Prahlad Nagar,23.018195275387775,72.50585756433895,Apartment,1008.0,2,3,9,10,11,1,Semi-Furnished,2.683776911903,3.1741396344751616,2.778826272516646,12.259405668145286,89.55127846655553,8.045833229264298,12671452.0,27587.0
TXN00656,2022-06-04,Ahmedabad,Satellite,23.030952802616248,72.51583262364248,Apartment,2429.0,4,4,4,8,14,2,Furnished,3.025596855599604,2.5086730090167775,1.7048993035585527,13.580076980994278,67.64665884130827,8.943204189429618,30837056.0,69526.0
TXN00657,2023-02-06,Ahmedabad,Shela,23.000698943594156,72.46474984321698,Villa,2520.0,5,4,5,12,15,0,Semi-Furnished,3.0158859434917216,4.228728909143724,3.7258462976913522,18.348112049524733,90.57985505301497,9.829798716853096,15669436.0,39909.0
TXN00658,2024-10-21,Ahmedabad,Bopal,23.03073224942789,72.46637347602294,Apartment,886.0,1,1,17,6,6,1,Furnished,3.1827681145227413,3.4080624301449314,2.581866132654007,7.485263102166806,84.83946522598741,11.485226426897396,6773009.0,19260.0
TXN00659,2022-08-12,Ahmedabad,Satellite,23.027842639549835,72.51892147207656,Row House,957.0,2,1,5,4,15,2,Furnished,2.089441229679978,2.1359880025901123,2.936091025538806,11.556528769153452,71.76113436232255,8.406272112015277,11652269.0,24136.0
TXN00660,2025-03-05,Ahmedabad,Vastrapur,23.039871947779346,72.52666460522998,Apartment,1001.0,3,4,21,12,15,1,Semi-Furnished,2.4470696848726834,3.042789384886449,2.8206074533397016,19.138514401095104,76.72117343905357,8.662471887211131,11310571.0,25628.0
TXN00661,2021-01-04,Ahmedabad,Gota,23.091870713509227,72.53695163926673,Apartment,697.0,1,1,7,2,13,0,Semi-Furnished,2.3729218182338565,3.550285409863136,2.703428711684574,6.1094783699844575,83.35368197747461,9.429167062183566,4981410.0,12050.0
TXN00662,2024-11-12,Ahmedabad,Maninagar,22.991969558868448,72.59648476506888,Apartment,2131.0,4,4,22,7,15,2,Furnished,2.504406764203456,4.209009419992835,2.9067677441905575,15.943660275146401,69.57617505035967,8.31605257512499,18149521.0,37748.0
TXN00663,2022-11-20,Ahmedabad,Prahlad Nagar,23.008839301238506,72.5126608655283,Villa,973.0,2,1,1,1,17,0,Furnished,1.4520716427184075,2.65398877134407,1.620642069291848,9.546109000420842,83.5930462634453,12.05456334653309,14051573.0,34207.0
TXN00664,2019-03-31,Ahmedabad,Shela,23.004136480805087,72.46373411582941,Apartment,907.0,1,2,23,8,9,0,Furnished,2.685981932736979,3.830092540570329,3.487200547058746,5.0,86.32316580389501,8.687061355823301,6451182.0,16150.0
TXN00665,2023-10-30,Ahmedabad,Thaltej,23.049805510058988,72.51261851028615,Apartment,1182.0,2,2,20,11,13,1,Semi-Furnished,2.2166314240935567,3.271417648622607,0.9871375490587075,9.577930958029885,83.21954933810073,7.563297650770427,10840264.0,25285.0
TXN00666,2022-01-09,Ahmedabad,Gota,23.092548328401154,72.54874010337832,Villa,2019.0,3,4,22,1,15,2,Semi-Furnished,2.2585750945435388,3.363651782128474,3.0104431120357686,5.0,85.58428583894849,10.3479238399951,16802758.0,35866.0
TXN00667,2023-11-21,Ahmedabad,Maninagar,22.996863139694874,72.59594317646663,Apartment,2453.0,4,4,16,5,6,2,Semi-Furnished,2.485782980479394,3.754985578930135,2.0590516034625477,6.350282850666748,68.87423972152045,11.337768819530808,19814828.0,41276.0
TXN00668,2022-08-18,Ahmedabad,Shela,22.99637242045277,72.46773107004924,Apartment,585.0,1,1,13,6,11,2,Semi-Furnished,2.4930251039447113,2.7556507415312073,3.1492966005067826,5.899256079222542,86.37520047700262,7.872133989460719,3840077.0,8861.0
TXN00669,2020-08-10,Ahmedabad,Shela,23.005903029372337,72.46963070064113,Apartment,1147.0,2,2,25,8,13,1,Semi-Furnished,3.089849943167943,3.8647384588370572,2.1863535768099878,5.794850036800677,93.34198892211185,9.36761838859681,7546745.0,18016.0
TXN00670,2020-09-09,Ahmedabad,Maninagar,22.998175233959365,72.60332407889922,Apartment,661.0,2,3,18,1,5,0,Semi-Furnished,2.4434854826645496,3.4796906117515114,3.1511164896523436,14.085828985762841,66.27371414402613,7.787388045204933,4890923.0,12230.0
TXN00671,2023-01-12,Ahmedabad,Vastrapur,23.04523088276788,72.53090229398892,Apartment,1172.0,2,2,3,1,17,1,Unfurnished,2.9002779087487127,3.021843695516509,3.1244197529907805,5.624303182514865,62.56514751723936,11.292206030998695,12131871.0,26166.0
TXN00672,2023-02-24,Ahmedabad,Bopal,23.032004764891635,72.46246559100486,Villa,1522.0,2,3,19,2,11,2,Furnished,1.513756596352712,2.6130026513063327,3.010213430701132,7.131697848583881,76.38063941066282,8.753505442993436,13411340.0,29990.0
TXN00673,2024-06-06,Ahmedabad,Shela,23.00532873740827,72.4623668424375,Villa,1300.0,2,3,22,2,19,1,Unfurnished,2.130842087547046,3.0448763703967354,3.185310475269482,18.31653743608762,90.21285111382494,9.922824246084495,8207619.0,18464.0
TXN00674,2025-12-13,Ahmedabad,Maninagar,22.99628245890874,72.59838566067805,Apartment,751.0,2,3,3,11,13,2,Unfurnished,3.1709721102783517,3.0385576438404605,2.8419019356391133,12.87280792010792,58.767087711280126,8.482228972906913,5376753.0,12225.0
TXN00675,2024-07-03,Ahmedabad,Shela,23.000689487371602,72.4653877943237,Apartment,1308.0,2,3,7,8,10,2,Semi-Furnished,2.421570172011016,3.9940572095523743,3.430999355985063,5.0,74.1774007771795,8.077280091279261,8505681.0,20815.0
TXN00676,2023-12-19,Ahmedabad,Maninagar,23.000990975512536,72.59857335178016,Villa,868.0,1,2,13,2,16,1,Furnished,2.2112083593595244,2.4858947927384367,3.2440756153474113,15.98895081329445,63.260315154431886,5.657106916204235,6519016.0,15199.0
TXN00677,2020-06-28,Ahmedabad,Chandkheda,23.111850599584983,72.57803790998763,Villa,1499.0,3,4,14,3,13,2,Semi-Furnished,3.2961972883988495,3.333244735866722,3.0118951301978107,5.0,74.74816171736167,8.509252152873753,10725021.0,24849.0
TXN00678,2023-06-19,Ahmedabad,Bopal,23.027762964720523,72.46150200018997,Row House,2551.0,4,4,17,6,12,0,Semi-Furnished,2.9106817329402976,3.1971118679312007,1.9487519193601794,5.0,83.5033060870675,10.855021315024,18669771.0,46734.0
TXN00679,2023-03-03,Ahmedabad,Bodakdev,23.042280569710073,72.49814161802965,Apartment,2450.0,3,4,5,5,9,0,Semi-Furnished,1.8415111452324613,3.4476035563217002,1.5951655728747867,11.492016992130928,76.71330650079736,10.05412003947788,34014498.0,71636.0
TXN00680,2021-12-26,Ahmedabad,Bopal,23.03282581062712,72.46209699055368,Villa,2309.0,5,4,13,1,5,2,Semi-Furnished,3.0571538920291355,3.6323233499106196,3.0137327800233846,5.0,91.30463507903553,8.202671362006283,16992835.0,43437.0
TXN00681,2023-02-22,Ahmedabad,Bodakdev,23.033303743920577,72.49836753725242,Villa,1849.0,4,3,2,1,12,1,Semi-Furnished,2.1129101519909246,2.369973714793723,2.9794642813249483,13.376964527613223,74.65849653362932,8.224922685776662,26648012.0,55517.0
TXN00682,2023-12-28,Ahmedabad,Gota,23.090490354262396,72.55106586433769,Apartment,2594.0,4,3,21,11,14,0,Semi-Furnished,2.569571198004721,4.179788355897189,2.7237212210937205,9.44455097353471,79.57609157360064,10.022031972938624,19884709.0,46036.0
TXN00683,2025-09-17,Ahmedabad,Maninagar,22.999099516931306,72.60174753723469,Apartment,1949.0,4,4,17,10,16,1,Semi-Furnished,2.7863373504889783,3.641691699656156,2.9540248770792092,23.274704007211305,68.03497659419399,9.005964126393,13946068.0,34508.0
TXN00684,2023-07-17,Ahmedabad,Bopal,23.027902183148687,72.46575470459344,Apartment,1051.0,2,1,13,6,10,2,Unfurnished,2.8727872116882875,3.215916612635898,3.6989026560150258,14.080691301754259,87.37436131514225,8.705873027624099,7895985.0,18986.0
TXN00685,2024-01-04,Ahmedabad,Prahlad Nagar,23.012936750905222,72.50952027558031,Villa,1972.0,3,2,20,2,7,1,Semi-Furnished,1.9885852647666,2.9828824830896656,1.8251200314223803,18.60990721050375,85.54367340680645,10.587694596637814,25762794.0,53889.0
TXN00686,2022-08-17,Ahmedabad,Shela,23.007159452777906,72.46794406177257,Apartment,2215.0,4,3,17,9,15,0,Unfurnished,2.567562115351962,4.4105584652493395,3.9894155350314877,13.756910320885511,93.29969275279167,11.375101243163277,14684413.0,32808.0
TXN00687,2023-11-13,Ahmedabad,Prahlad Nagar,23.00778041054095,72.50661228078056,Row House,2321.0,5,4,20,5,14,0,Semi-Furnished,1.581344665995883,3.1620948141702363,1.9967465922105059,12.210691472321253,85.660528889478,8.386837446689514,28697831.0,64210.0
TXN00688,2023-06-12,Ahmedabad,Prahlad Nagar,23.008843847629706,72.50975435770215,Apartment,1979.0,4,4,23,4,17,2,Semi-Furnished,1.7297993999929666,3.86516068260531,2.080292562564095,13.321558047303862,75.53525692559676,9.916405182222073,25647746.0,55400.0
TXN00689,2022-09-21,Ahmedabad,Thaltej,23.044905882698245,72.518902890586,Apartment,1269.0,3,3,14,5,14,2,Furnished,4.432161192770384,3.6529017880840713,3.0184717051254752,16.349845368685127,81.97104449920198,7.958253645576779,12503669.0,28118.0
TXN00690,2019-05-05,Ahmedabad,Bopal,23.03170655127118,72.46542208773602,Apartment,1699.0,3,4,20,3,4,0,Semi-Furnished,2.4758081598175448,2.6946408894489395,3.066615592211274,13.315826383800946,81.220209414512,7.798269140568143,13563790.0,29118.0
TXN00691,2020-10-15,Ahmedabad,Bodakdev,23.036817629392353,72.50407439063899,Apartment,895.0,1,2,4,5,10,2,Semi-Furnished,1.6286220673264145,3.304471133067239,2.8059440666594355,5.0,80.6494859838747,9.02905667816112,11857425.0,24457.0
TXN00692,2025-11-22,Ahmedabad,Vastrapur,23.035137455481603,72.5243211304673,Apartment,2561.0,5,4,23,3,8,1,Furnished,2.5049008663229535,2.96217555460901,3.3776899543681247,10.451130222816083,65.67927253314146,5.082739286941345,27332812.0,67227.0
TXN00693,2023-03-03,Ahmedabad,Thaltej,23.044604654718334,72.51332409398674,Apartment,2233.0,4,3,21,5,16,0,Unfurnished,2.58327671479458,3.1565341904868527,2.590064721902906,12.76682678041976,71.61771923961243,7.716930241504483,18891259.0,51202.0
TXN00694,2024-12-24,Ahmedabad,Vastrapur,23.03982057524474,72.52491541849376,Apartment,869.0,2,2,13,7,12,2,Semi-Furnished,3.07239865852065,2.681673057945428,2.384881448350666,15.680315468705226,66.91591131391311,9.011099231001362,9995792.0,21512.0
TXN00695,2021-04-28,Ahmedabad,Thaltej,23.05088141533123,72.51400533243157,Apartment,795.0,1,2,7,11,15,0,Furnished,3.2158834967885896,3.378161642107344,3.0625267448438076,24.342764117658636,71.21737339521098,8.10861211800707,8108434.0,18711.0
TXN00696,2019-10-04,Ahmedabad,Chandkheda,23.10783749804574,72.57738949069173,Villa,1565.0,2,2,4,7,10,0,Unfurnished,2.5589321047154168,3.8306791534324898,2.7576589176229596,10.486461160335166,93.95547030029188,7.405058435919854,9806256.0,24886.0
TXN00697,2025-12-06,Ahmedabad,Vastrapur,23.03763112334434,72.52967373551827,Apartment,1939.0,4,4,9,11,11,0,Unfurnished,2.4549731686117497,1.4659854263469672,2.251894313257519,14.858260147900152,81.0793123286963,7.052940489672184,17768977.0,44128.0
TXN00698,2020-12-08,Ahmedabad,Vastrapur,23.0355436856192,72.5299715449948,Villa,2798.0,5,4,15,12,13,2,Semi-Furnished,2.7956048998195837,2.821993679655786,2.5848090714426015,5.0,62.737514877322226,9.199755038579996,28808716.0,69215.0
TXN00699,2022-09-20,Ahmedabad,Bodakdev,23.038947296510365,72.50803255359273,Villa,895.0,1,2,22,6,13,0,Furnished,2.141974821664028,3.2315740709033527,2.757816088631624,5.116243902453639,76.06787961961709,8.7107743522527,12119275.0,26788.0
TXN00700,2025-06-15,Ahmedabad,Vastrapur,23.040902587702845,72.52815363600342,Apartment,1685.0,3,2,2,3,11,2,Semi-Furnished,1.927145106208583,3.014592495723485,2.342083156051628,15.728859158939814,79.99248435556723,10.477033503054017,18500186.0,42642.0
TXN00701,2020-02-08,Ahmedabad,Bopal,23.02992144415002,72.46067128313508,Apartment,2721.0,5,4,16,12,17,2,Semi-Furnished,2.5614219402763885,2.9939281290267674,2.115222584215898,14.010213402258671,82.83583705973314,11.139836346602818,22389672.0,50055.0
TXN00702,2019-07-06,Ahmedabad,Gota,23.096113065468835,72.5353635936553,Apartment,2544.0,5,4,16,9,10,0,Semi-Furnished,2.779314925581608,4.60968786040841,2.6633256720546505,12.390750970656232,82.16454977701908,13.0,20416969.0,42376.0
TXN00703,2023-07-07,Ahmedabad,Shela,23.003683885212787,72.4645637002041,Villa,1504.0,3,3,15,3,13,2,Semi-Furnished,3.504887239256276,3.414598260148015,3.2442267227884374,12.748498292806197,72.8201866970058,10.276244629746616,10929692.0,23195.0
TXN00704,2020-05-24,Ahmedabad,Maninagar,22.99979742722113,72.5992819046807,Villa,711.0,1,1,10,7,16,0,Furnished,2.2627530254315498,3.8686508287801376,3.1761293294602764,15.573541545056782,58.337102906617474,7.078625953676616,5247181.0,12465.0
TXN00705,2024-05-08,Ahmedabad,Bodakdev,23.03832947720955,72.5064886284163,Row House,1719.0,3,3,19,1,17,2,Semi-Furnished,2.3145382412310105,1.8363773341255962,2.468646147692518,10.859589460355378,85.63486480682272,10.580766525078447,24359217.0,54302.0
TXN00706,2024-11-29,Ahmedabad,Bodakdev,23.04462395071669,72.50984209307515,Apartment,2395.0,4,4,18,8,9,0,Furnished,1.5295757058356512,1.9722379576307956,2.1119469894116665,10.147385791553267,72.14718850220228,9.162330356470434,35560657.0,85623.0
TXN00707,2022-11-18,Ahmedabad,Vastrapur,23.040406604995685,72.53930476854526,Apartment,1928.0,4,4,21,1,8,0,Furnished,2.9671831130794204,2.326049097112598,2.2788962475981562,12.388567024591396,78.62212002570895,8.910596192779417,20846893.0,53373.0
TXN00708,2023-07-30,Ahmedabad,Bodakdev,23.03636374225009,72.5055432660777,Apartment,578.0,1,1,3,4,5,1,Unfurnished,1.505679364974807,2.6464092343710464,1.2391721604225743,7.813878989067127,82.5819770628294,9.736674789658075,7476471.0,16230.0
TXN00709,2021-04-16,Ahmedabad,Thaltej,23.046060225936607,72.50799566666983,Apartment,2593.0,5,4,16,1,10,0,Semi-Furnished,2.440314361245671,2.915938432869047,2.2888034453961335,7.374364661541601,71.88251819188329,9.951666567796424,24426739.0,55531.0
TXN00710,2019-06-19,Ahmedabad,Vastrapur,23.042133886050454,72.53165536373656,Apartment,2173.0,4,3,18,1,15,1,Unfurnished,2.3953088724924574,2.7815378367524763,2.4039063433867986,24.662720387101302,68.11033575553738,8.82326991139682,22477838.0,48043.0
TXN00711,2020-07-23,Ahmedabad,Maninagar,22.99507900169224,72.60263676054755,Apartment,1103.0,1,1,19,6,15,1,Semi-Furnished,2.3632025249658746,2.453706274830602,3.3554058010998355,16.04980368285733,69.01779528405436,7.491242312801955,8013219.0,19355.0
TXN00712,2021-03-08,Ahmedabad,Satellite,23.028956679551033,72.51922212403502,Villa,667.0,1,2,18,11,11,2,Furnished,2.7201537493831296,1.6067360208075776,1.4352052976628569,19.809656728353946,66.40879978988316,10.916159661906725,8677925.0,17839.0
TXN00713,2022-02-12,Ahmedabad,Thaltej,23.04503697622361,72.5094489857532,Villa,946.0,2,1,3,5,16,1,Furnished,2.3742846413724834,3.196884950670506,2.4355458619662502,18.224860877434878,67.61568041761916,7.846550700859134,9629027.0,22336.0
TXN00714,2020-07-19,Ahmedabad,Bodakdev,23.035010943651145,72.50643848066035,Apartment,2665.0,4,4,18,2,15,1,Semi-Furnished,2.354863710147109,2.5771769562198665,0.9451461504544245,5.0,84.18837482375622,9.256577702365659,33280464.0,79736.0
TXN00715,2025-05-24,Ahmedabad,Shela,23.01135719477815,72.46418443616454,Apartment,1269.0,3,4,17,8,12,1,Semi-Furnished,3.1839879494947403,3.0572571184192263,2.813045187968416,13.108151496481359,88.92433411485409,10.63853769631929,9069541.0,17723.0
TXN00716,2020-01-03,Ahmedabad,Maninagar,23.005444304913638,72.60858402130796,Apartment,1365.0,3,4,4,3,13,2,Unfurnished,2.1550551876642503,3.114372582447838,2.612619178738032,21.121860250244595,67.90285553205169,9.806086094063506,9367942.0,21930.0
TXN00717,2021-12-08,Ahmedabad,Gota,23.087779159611994,72.53771329973887,Apartment,2679.0,3,3,22,7,17,1,Unfurnished,2.657643880990208,3.6094280760506594,2.282907869955353,17.58213190965622,75.3898543553307,9.28720911079251,20093008.0,40793.0
TXN00718,2020-03-14,Ahmedabad,Shela,23.003139919635316,72.46406756668009,Apartment,2624.0,4,3,1,4,12,0,Semi-Furnished,3.5742803775318817,3.760627963624243,2.631215343135688,17.444164588084153,82.05105658271238,9.1808673845759,17644987.0,38203.0
TXN00719,2020-10-12,Ahmedabad,Satellite,23.02984801758765,72.51275481905982,Apartment,977.0,1,1,22,4,16,1,Furnished,2.170596973730949,2.6942434663995853,3.020854522193511,9.619132495136073,79.74962242403194,9.055573687080061,11423187.0,26637.0
TXN00720,2020-07-24,Ahmedabad,Vastrapur,23.0386219310452,72.53289041078644,Apartment,2269.0,4,4,1,3,10,0,Semi-Furnished,2.6035421333482587,3.3900646344858045,1.8211028013917465,18.10631609226176,73.70340355877953,8.191909452550552,23651358.0,51026.0
TXN00721,2025-08-21,Ahmedabad,Bopal,23.02941794028209,72.4618379411739,Apartment,1881.0,4,3,20,9,19,2,Semi-Furnished,3.4871689713940635,3.306309632147628,2.799059526004737,9.967307043358398,80.38786421767519,9.196718926188915,15142847.0,33013.0
TXN00722,2020-10-26,Ahmedabad,Gota,23.087049096954175,72.53949113683656,Apartment,2014.0,4,3,25,8,13,0,Furnished,3.1257493868232507,2.63412073297541,3.379846664805091,10.10580028211672,82.06997752357942,6.410475402009469,14593338.0,36677.0
TXN00723,2023-03-28,Ahmedabad,Maninagar,22.99185763007487,72.60163626239026,Villa,1058.0,3,4,4,5,15,1,Furnished,2.047284561274985,3.2098507937861265,2.410878201765912,14.997482036626005,63.27808340487004,7.08537260973133,8005360.0,19473.0
TXN00724,2024-06-12,Ahmedabad,Maninagar,22.997465345594165,72.60319786209541,Apartment,1343.0,2,3,2,8,18,1,Semi-Furnished,2.084017540562626,3.804998738892137,3.1627474598686174,6.556164261844984,70.56074242791209,6.603243433597311,9479206.0,24610.0
TXN00725,2019-08-04,Ahmedabad,Maninagar,23.00219599110738,72.59481998754919,Apartment,2724.0,4,4,22,12,17,2,Furnished,3.6402651474797723,3.0340485929524177,2.977909297548349,15.55902408185399,57.95659263981132,8.630957882903848,21658838.0,49658.0
TXN00726,2020-07-11,Ahmedabad,Bodakdev,23.035252855640252,72.50584306577579,Apartment,2618.0,5,4,10,12,13,1,Furnished,1.9390753607823528,2.188249301712231,2.3317466895558097,5.173990785457613,79.28676764165404,8.796531719436942,37421936.0,81846.0
TXN00727,2022-08-03,Ahmedabad,Thaltej,23.053238182062202,72.51558202621052,Apartment,1130.0,2,2,13,6,16,2,Semi-Furnished,2.1440454029996334,2.6795063793895717,2.2948827492301764,19.154749656038945,70.43124903065313,10.47967854181412,11339964.0,24255.0
TXN00728,2022-04-19,Ahmedabad,Maninagar,22.996406503996095,72.59850562426213,Villa,917.0,1,1,14,3,10,0,Semi-Furnished,3.185946693261964,2.9302860748652573,3.1774816022251184,14.397925243370869,70.95758446356575,7.524637194189501,6073753.0,16243.0
TXN00729,2022-09-26,Ahmedabad,Thaltej,23.049087604170627,72.52036022645899,Villa,2458.0,5,4,2,9,13,1,Semi-Furnished,2.574928530480995,2.972952995189794,2.071291276824223,15.21083969569473,70.57119949756765,8.684635725104796,25623843.0,54344.0
TXN00730,2021-06-17,Ahmedabad,Bodakdev,23.030076143914116,72.50405787961029,Apartment,2666.0,4,4,5,1,10,2,Furnished,3.0575196775501006,2.5723140039427537,2.4404646238244205,10.241947509975002,69.32109731527879,11.669658888558711,42527132.0,82523.0
TXN00731,2023-06-15,Ahmedabad,Shela,23.005534012888827,72.47177679589832,Row House,909.0,2,1,15,4,16,1,Semi-Furnished,2.618902732160544,4.120170478831665,3.1072626254416105,9.904048648662094,99.15202366577859,9.833104853587967,6067157.0,15267.0
TXN00732,2025-05-19,Ahmedabad,Gota,23.095704312488852,72.54005097346082,Villa,1500.0,3,4,10,4,15,2,Furnished,2.4761782858045023,2.9219161045714754,2.8651953937114905,10.218086929653486,75.24820964597589,9.118382820528549,13109907.0,27583.0
TXN00733,2020-12-04,Ahmedabad,Gota,23.088433892625392,72.54518385751612,Apartment,906.0,1,1,14,10,14,1,Furnished,3.089750107844261,3.486858162515827,2.9503822160052304,13.733893354727801,72.88701565769357,10.352267310418297,7622875.0,16809.0
TXN00734,2023-08-31,Ahmedabad,Bopal,23.030740144189462,72.4656205925129,Apartment,2190.0,4,4,11,3,5,1,Unfurnished,2.9154265350186517,3.0140803302572476,2.085574711973268,5.0,75.36558285249176,9.126154430739332,16222619.0,36208.0
TXN00735,2019-09-22,Ahmedabad,Prahlad Nagar,23.014637256513087,72.50548250187089,Apartment,982.0,2,1,3,8,17,1,Semi-Furnished,2.2413870317773736,2.8702597267394325,1.5788004244985911,10.205360949025637,82.46760825727725,7.761011706464745,11338551.0,26248.0
TXN00736,2025-03-28,Ahmedabad,Maninagar,22.99217793771187,72.59464810144317,Apartment,1551.0,3,3,18,3,10,1,Semi-Furnished,2.3399423720283,3.226721726715132,2.4387535390397788,15.551602764438137,74.10723547308628,9.29987056417777,11638766.0,28842.0
TXN00737,2024-03-17,Ahmedabad,Shela,23.00490920188025,72.46581820971235,Apartment,628.0,1,1,3,2,11,1,Semi-Furnished,2.7636282983409073,3.7116468724407716,3.6967845591006645,11.761437589386913,89.64809261367714,7.551179472926375,4163923.0,9687.0
TXN00738,2021-09-03,Ahmedabad,Prahlad Nagar,23.00984034068784,72.50872020188561,Apartment,1756.0,4,3,18,6,15,1,Furnished,1.3986606388238085,2.416001705580239,2.946533164504184,11.86837542473864,65.21910985109325,9.412150222782676,23950947.0,52856.0
TXN00739,2019-09-01,Ahmedabad,Gota,23.084363653637865,72.54194146471019,Row House,2200.0,4,4,6,10,12,0,Unfurnished,3.1623537155567707,2.7201739136846976,3.1464219865349476,6.381913248877113,77.61401234972662,9.674682005793658,15054888.0,39054.0
TXN00740,2025-03-05,Ahmedabad,Bopal,23.03254217828497,72.46483463361459,Apartment,1256.0,2,2,8,9,16,2,Unfurnished,2.130439253267841,2.7989153884235756,2.3720365342877674,8.265519151310645,77.40087760625931,12.060104094478397,9622293.0,20081.0
TXN00741,2021-01-30,Ahmedabad,Chandkheda,23.11118478800813,72.57929145648049,Apartment,883.0,1,1,20,2,7,2,Semi-Furnished,2.5579038877732785,2.876687055831769,3.3080213362897526,15.076125070197918,87.28000389765572,8.694068704301953,6287676.0,15145.0
TXN00742,2019-05-14,Ahmedabad,Bodakdev,23.036809687663844,72.50748109599834,Villa,1156.0,3,2,0,4,11,2,Semi-Furnished,2.363045823642705,2.081871449850042,2.160720010966467,15.48864545591022,75.5742985682504,7.783257697150809,16346574.0,38584.0
TXN00743,2022-06-19,Ahmedabad,Bopal,23.02893168443961,72.46558399503427,Apartment,2301.0,4,3,17,10,11,0,Unfurnished,3.1072947806828504,3.2640070050369014,3.3230316581889925,12.831964675670104,79.23244668195909,9.402596301770714,16151254.0,36173.0
TXN00744,2024-01-06,Ahmedabad,Satellite,23.029536688398533,72.51703559237612,Apartment,2639.0,4,4,24,10,12,1,Semi-Furnished,2.624845259704899,2.4094372753739064,2.684081612706637,5.0,67.32509931065773,11.02543675618993,32397265.0,66385.0
TXN00745,2024-03-13,Ahmedabad,Chandkheda,23.109906507432015,72.56822444932527,Apartment,2028.0,4,4,22,12,13,1,Unfurnished,3.341991020156673,3.762746933227268,2.666574154875552,12.08740492627906,79.80681121158436,9.954123440761864,13894613.0,32845.0
TXN00746,2022-09-29,Ahmedabad,Prahlad Nagar,23.009861768425427,72.5062970797178,Apartment,1476.0,2,3,5,7,9,1,Semi-Furnished,1.8669562220482028,2.8531067061475586,3.2374039427237733,17.023429588089407,75.73553981131957,10.63937764018094,19070941.0,42219.0
TXN00747,2023-04-18,Ahmedabad,Satellite,23.036314847085226,72.51691229699905,Villa,1822.0,3,4,6,3,6,0,Furnished,2.4958837810245194,2.3646447894811122,2.4464370065404397,16.801407434503034,66.79081824621842,9.27392065577926,21388699.0,50743.0
TXN00748,2023-10-23,Ahmedabad,Satellite,23.025650565425106,72.51734669487274,Apartment,955.0,2,3,8,6,7,1,Semi-Furnished,3.443014143298272,2.19235844361783,3.3876201884383073,18.9097969319506,72.07977347274974,10.682503532934733,11659176.0,26154.0
TXN00749,2024-07-12,Ahmedabad,Bodakdev,23.035374682583655,72.50618918687377,Apartment,1956.0,4,4,7,2,13,0,Semi-Furnished,2.9952338002809618,1.963203060917977,2.5505964235269754,14.693586522355432,83.06984561895129,8.980733787284032,25981396.0,54859.0
TXN00750,2025-07-14,Ahmedabad,Satellite,23.03686192095872,72.51835995387644,Apartment,1193.0,2,3,24,9,10,0,Semi-Furnished,3.111181254738423,2.15208972616872,2.4221362960762503,12.174227425375966,69.31047270664882,9.704349230337042,14585102.0,27956.0
TXN00751,2022-04-25,Ahmedabad,Shela,23.00070234540355,72.46799138077962,Apartment,723.0,2,2,14,5,13,1,Furnished,3.894469300625525,3.859517909650949,2.860309190962948,5.0,74.26833001357703,9.369726803269243,5111144.0,11834.0
TXN00752,2024-11-25,Ahmedabad,Chandkheda,23.106204048647225,72.57899498014682,Apartment,1619.0,3,4,13,3,8,1,Semi-Furnished,2.8343386762380414,2.9786549851997877,2.796924123834605,14.476029622525326,78.62021400557964,10.043779737865462,11966326.0,25436.0
TXN00753,2023-01-31,Ahmedabad,Satellite,23.028152482931453,72.51568932246101,Apartment,2332.0,4,4,12,8,16,2,Unfurnished,2.1508749753230454,1.99413563537435,2.2424004079228994,12.805494434977899,89.61184446895062,7.889964030745931,25062174.0,57211.0
TXN00754,2025-05-17,Ahmedabad,Bodakdev,23.03908997315635,72.50149025811471,Villa,725.0,1,2,10,4,15,0,Unfurnished,2.2347001279468635,3.331056035736697,1.4803657636208123,14.315779222336664,87.54930516351645,9.161431391334624,8654058.0,20470.0
TXN00755,2022-05-18,Ahmedabad,Bopal,23.040362743344247,72.46227927051386,Apartment,1775.0,3,2,18,12,18,0,Semi-Furnished,3.1633166936839556,3.5878842806321005,2.734316809264206,10.811916350084982,92.74663209974841,8.403261485727596,14518315.0,32214.0
TXN00756,2022-02-06,Ahmedabad,Chandkheda,23.117475332692603,72.58783330509124,Apartment,1560.0,3,3,5,2,18,2,Semi-Furnished,3.3701528075623335,4.047037970928712,2.69843737741143,5.0,90.32746302499726,7.83282839187793,11210843.0,25824.0
TXN00757,2019-09-03,Ahmedabad,Bopal,23.035607462510534,72.46137579599893,Apartment,560.0,1,2,24,11,16,2,Furnished,3.1906543558164526,2.4545930061907772,3.7527589271308552,5.0,80.80967394280715,11.738554878817297,4721796.0,11501.0
TXN00758,2020-09-14,Ahmedabad,Satellite,23.030188220883616,72.51897924265249,Villa,2420.0,4,3,9,8,11,1,Unfurnished,2.6975358245516996,2.3955502287020423,2.1618610815679844,8.715340729815413,82.45368863949176,8.146933220043097,23925384.0,60136.0
TXN00759,2022-11-12,Ahmedabad,Bodakdev,23.03712417940901,72.50551076330565,Apartment,682.0,1,1,17,11,12,2,Unfurnished,2.3474077354352896,1.7268055015088741,2.854236813146613,8.676776150182848,90.82554671503185,12.03550297181791,9260448.0,19939.0
TXN00760,2024-10-16,Ahmedabad,Bodakdev,23.039110480329853,72.50724002151121,Apartment,2190.0,4,3,3,10,18,0,Semi-Furnished,1.5856075393780262,3.419930694329464,2.234400812803871,10.854344988324554,79.28378512420485,8.714718956098363,28216361.0,67266.0
TXN00761,2025-01-01,Ahmedabad,Shela,23.00374073579937,72.46799649268775,Apartment,1476.0,2,1,9,7,16,1,Semi-Furnished,2.637603407444132,3.671421533548227,2.669241680731491,5.0,93.95710978057747,8.894594423511588,10203069.0,21795.0
TXN00762,2025-07-07,Ahmedabad,Gota,23.088917675599454,72.54658484080184,Row House,1965.0,4,4,14,3,10,2,Furnished,2.2676353445934962,2.5526650365821975,2.7997684862977428,15.347557687523146,82.63783946474554,7.565632887599868,16235519.0,33566.0
TXN00763,2023-11-26,Ahmedabad,Prahlad Nagar,23.016471666640808,72.50729484816138,Apartment,796.0,2,1,7,8,17,0,Unfurnished,1.9320187976249334,2.5898141554869,1.9385821352667165,10.75877055067313,80.94395757248395,7.651713489196119,8814207.0,19324.0
TXN00764,2022-02-01,Ahmedabad,Satellite,23.025791231194695,72.5094877901228,Apartment,2032.0,4,4,21,6,11,1,Furnished,2.609387421980392,2.7018145863989527,2.9459465580036004,18.62847424135576,70.1523977360009,8.3641708755972,24144189.0,53376.0
TXN00765,2019-11-26,Ahmedabad,Maninagar,23.001526881744436,72.60278357133987,Apartment,2783.0,5,4,22,2,11,1,Unfurnished,2.633679950377643,4.088949026341258,3.481521074711072,19.79543191618547,61.25700792850509,7.026731124323479,17559072.0,47407.0
TXN00766,2025-11-04,Ahmedabad,Maninagar,22.99461187903058,72.60365293129202,Apartment,763.0,1,2,19,10,12,0,Unfurnished,2.310397036734,3.851220570851186,3.6598863412312466,18.838755181419366,63.40095355004022,8.171315836844377,5020306.0,11862.0
TXN00767,2024-01-31,Ahmedabad,Shela,23.007796818766202,72.46266495189911,Apartment,1431.0,3,2,13,9,18,0,Semi-Furnished,3.6496024071388034,3.7344313982681654,3.381931864916334,12.050466698893255,80.51384866292454,8.739523091960258,8837815.0,21908.0
TXN00768,2022-10-31,Ahmedabad,Satellite,23.032469176322646,72.51281024387424,Apartment,1032.0,2,1,9,12,17,2,Unfurnished,1.0183422275716847,1.99409901479404,2.8542020816051283,10.804383398622612,60.009126877781554,8.336092329398406,10270314.0,26254.0
TXN00769,2021-02-01,Ahmedabad,Bopal,23.034647316082285,72.4663199606619,Apartment,845.0,1,2,25,1,6,2,Furnished,3.0965595261966685,2.458515486757147,2.806728732691247,7.739291814625272,81.72931019819518,9.36661310885365,7027789.0,13995.0
TXN00770,2020-02-27,Ahmedabad,Thaltej,23.043834489590147,72.51588439618708,Apartment,2118.0,4,4,23,3,9,1,Unfurnished,2.0705269553617938,3.6214279608585533,2.4105592951166375,12.315081660046753,71.99447979492294,9.960203356359665,19314225.0,44475.0
TXN00771,2021-03-03,Ahmedabad,Satellite,23.025662984329653,72.51880062302035,Apartment,1945.0,4,4,13,10,19,0,Semi-Furnished,1.8511824287659562,2.4815680485114875,1.167941556903968,5.055006389748545,76.21431905603936,10.485743691492244,21851492.0,47394.0
TXN00772,2020-08-05,Ahmedabad,Satellite,23.027561120306615,72.51717229002006,Apartment,987.0,2,3,6,10,14,1,Semi-Furnished,2.213198810906447,2.2571857332128844,2.4890362081564987,23.388939689365937,80.86511770083882,9.128460181400175,11505197.0,26571.0
TXN00773,2020-03-23,Ahmedabad,Maninagar,22.99689833701176,72.59700472509728,Row House,1841.0,4,4,0,8,17,1,Semi-Furnished,3.088693196352062,3.481605315819475,2.7697875944433092,22.429939994429798,68.19017358616125,7.357794195189963,13910182.0,29284.0
TXN00774,2022-02-26,Ahmedabad,Thaltej,23.053414850988514,72.51333770444889,Villa,1123.0,2,3,13,9,11,2,Semi-Furnished,2.22023213761476,4.199542742922903,2.4452605883346976,6.172235130059804,82.8854827881898,7.780355703922097,10622003.0,23077.0
TXN00775,2024-03-01,Ahmedabad,Bopal,23.029024931506417,72.46455400734143,Apartment,2414.0,5,4,15,12,17,0,Furnished,3.720230790576357,4.134295352698165,3.4221232114747355,5.0,78.02863978915727,8.599230838298443,18671024.0,50096.0
TXN00776,2021-02-08,Ahmedabad,Thaltej,23.046820964753188,72.51403441015813,Villa,2733.0,5,4,6,11,14,0,Semi-Furnished,2.665614377120428,3.1661622567518113,2.3900897053830077,15.424106057946936,80.08951521423657,7.930801096890386,24936908.0,58689.0
TXN00777,2023-08-11,Ahmedabad,Bodakdev,23.038423438203047,72.50652817141184,Apartment,1134.0,1,1,5,9,9,0,Semi-Furnished,2.7985702144866487,2.387546950945311,2.971656262016041,5.0,90.39997471544069,9.039221698569877,15010820.0,38112.0
TXN00778,2022-06-02,Ahmedabad,Shela,23.00272253758523,72.46483970450181,Apartment,1026.0,1,1,17,6,7,0,Unfurnished,3.178194483108237,4.673861783267645,3.599665539679263,9.884301424986656,89.2334236466892,11.426872815698848,6505211.0,14117.0
TXN00779,2025-12-05,Ahmedabad,Shela,23.010170489641357,72.46907615730113,Villa,1098.0,2,2,10,10,17,0,Semi-Furnished,2.531873176276762,2.757626974865931,3.4204285559792673,5.0,94.3845209129754,10.786888070309752,6951874.0,17497.0
TXN00780,2019-10-29,Ahmedabad,Bodakdev,23.04228599969718,72.50584344567665,Apartment,1672.0,2,3,7,4,9,2,Furnished,2.58254614587572,2.756914824880354,2.3458607324772034,7.710037879687738,81.89766505665709,8.043376776602917,24150189.0,55348.0
TXN00781,2024-07-27,Ahmedabad,Satellite,23.036882020858425,72.51726210485971,Villa,1753.0,2,3,14,6,7,0,Semi-Furnished,3.1868106208273512,2.855251206831821,2.1815829498492745,8.687281124212127,67.38938130761686,10.340299433561924,22079923.0,43352.0
TXN00782,2022-03-05,Ahmedabad,Maninagar,22.993957227231512,72.60257972900831,Apartment,665.0,1,1,11,4,13,0,Semi-Furnished,2.669742715150836,3.7670514308561787,2.3500749518432267,21.58524636671041,68.23524463949563,8.235091688288923,4679397.0,10868.0
TXN00783,2021-10-22,Ahmedabad,Prahlad Nagar,23.01781088157272,72.50796349602611,Apartment,2782.0,5,4,20,7,17,2,Semi-Furnished,1.7194645972457734,2.6451651031929093,2.402696579396562,10.23205809110016,73.29062016596107,7.877135106049432,33495328.0,75181.0
TXN00784,2021-07-30,Ahmedabad,Bodakdev,23.0333062072571,72.50186373875664,Apartment,851.0,2,2,7,4,17,1,Semi-Furnished,2.218193669324723,2.658920653392429,1.9262201104948464,5.0,77.42333998630129,7.2533264834399915,11266532.0,24332.0
TXN00785,2019-09-28,Ahmedabad,Chandkheda,23.108352513565226,72.57961015661613,Row House,1053.0,2,3,2,8,16,1,Semi-Furnished,2.4719950929915067,3.897629675304071,2.7141608628257226,16.16471881909539,89.4752252602208,9.569247459149276,8106612.0,18321.0
TXN00786,2019-09-04,Ahmedabad,Prahlad Nagar,23.01469957010625,72.50483699287177,Apartment,794.0,2,2,4,2,8,2,Furnished,1.3467525326733867,3.0919201705644546,1.5829421056642237,10.925347206256097,80.31279206843257,9.447959953018888,11445882.0,24489.0
TXN00787,2019-06-24,Ahmedabad,Bodakdev,23.03494491642394,72.50277739314343,Apartment,2784.0,5,4,18,2,4,1,Furnished,2.228265009166645,2.418547780010292,2.844850401800084,11.261406095776781,81.19850842015572,8.81821735200283,42153081.0,93521.0
TXN00788,2024-12-31,Ahmedabad,Vastrapur,23.041144947458257,72.53042215022882,Apartment,1767.0,3,4,10,1,19,2,Semi-Furnished,1.9296583874533277,2.485461649268294,2.1364082469525556,16.35926032781399,65.1270665197093,8.554830032583762,18102519.0,44496.0
TXN00789,2022-04-08,Ahmedabad,Chandkheda,23.11177759144992,72.57964263706535,Row House,2030.0,4,4,3,7,17,2,Semi-Furnished,2.7273590542109303,3.2867012232235737,1.5109567718424517,17.412164917908186,76.73703218434105,10.322586959907257,14406975.0,31615.0
TXN00790,2023-04-19,Ahmedabad,Shela,23.016833338677433,72.46204238431987,Apartment,1440.0,3,4,23,3,11,0,Semi-Furnished,2.7772182191388026,4.206451059116788,4.017187939956947,6.7145853056787335,74.27018873445319,8.864945916945366,9714525.0,21714.0
TXN00791,2020-02-25,Ahmedabad,Gota,23.08961279494076,72.53481349571686,Apartment,2163.0,3,2,23,7,12,2,Furnished,3.144958499484675,3.6315025836303994,2.8489061731191043,5.0,82.05638798229506,9.260179011882196,16517140.0,40846.0
TXN00792,2024-04-28,Ahmedabad,Thaltej,23.056911837831816,72.50681650307897,Apartment,884.0,3,2,20,12,16,2,Unfurnished,2.8666563960722944,2.726462190761785,2.3321999350060447,6.882172505307176,82.39107016973472,9.154598223097768,8630295.0,19790.0
TXN00793,2024-06-21,Ahmedabad,Shela,23.002056273402438,72.460410252337,Apartment,1923.0,4,4,24,3,10,2,Semi-Furnished,2.2727819989853297,3.0372349353496233,3.07757118018863,14.892475616926806,81.2500417617078,9.62698337577359,12111611.0,31261.0
TXN00794,2020-01-16,Ahmedabad,Bopal,23.03553785153928,72.45628924952763,Apartment,1294.0,2,3,1,2,6,0,Unfurnished,3.7025992328357398,2.383072559450728,2.8585174929339687,10.394029934245744,83.57151438468476,8.140275374899907,9772451.0,22000.0
TXN00795,2020-09-13,Ahmedabad,Shela,23.007191776133563,72.4626083117109,Apartment,978.0,2,1,4,8,12,1,Unfurnished,3.4201430436769753,3.3373165835787986,4.391541635868689,8.878093784372346,88.28763198760252,6.809400244738897,5696656.0,15104.0
TXN00796,2020-01-25,Ahmedabad,Gota,23.091705420696478,72.53911076733976,Row House,1901.0,3,3,10,3,14,0,Semi-Furnished,2.7943040404967956,2.800434041314639,1.7407601878543733,11.884809173992224,75.04176778113168,6.774430065916258,12218043.0,30635.0
TXN00797,2024-10-30,Ahmedabad,Maninagar,22.993047247751857,72.60198877659003,Villa,1936.0,3,3,11,8,17,1,Furnished,2.518080011152226,2.216732499896897,2.3243802531695943,17.563864314763848,60.672254731997484,7.510566832394651,14668761.0,39766.0
TXN00798,2022-08-30,Ahmedabad,Bopal,23.031075320681982,72.46584251090901,Apartment,1545.0,3,4,14,11,16,1,Furnished,3.4721480420516952,3.5516581691193383,1.668166867105697,12.078925853822058,88.38903094793994,8.723792520999526,12961933.0,27277.0
TXN00799,2021-05-09,Ahmedabad,Satellite,23.0294965722292,72.51207832331944,Apartment,2025.0,4,3,17,2,10,2,Semi-Furnished,2.792734220328021,2.6031030634040455,2.5418466702332965,15.83626255638955,86.99102498903828,8.964073939855325,22645522.0,54707.0
TXN00800,2023-12-02,Ahmedabad,Satellite,23.030509822019358,72.51623613243302,Apartment,2769.0,5,4,0,4,17,1,Semi-Furnished,3.0946773703957615,2.6184823320340587,2.307714861208492,18.521362895711725,74.78035732831901,8.189282472802827,32272522.0,65635.0
TXN00801,2019-10-20,Ahmedabad,Bopal,23.03489644356768,72.46630775365038,Apartment,938.0,2,1,8,9,17,1,Semi-Furnished,2.4351466780603053,3.1370689762394615,3.07071360621653,11.27267458870903,90.76496194350293,8.106085901191776,7422705.0,16140.0
TXN00802,2024-08-22,Ahmedabad,Maninagar,22.994447557252947,72.60873422284897,Apartment,2726.0,5,4,21,11,13,0,Furnished,2.868811090652788,2.9560295036637765,3.091676007525326,21.04005037365432,73.13792914646402,8.068036525497188,20552552.0,49993.0
TXN00803,2024-08-24,Ahmedabad,Shela,23.004343104784258,72.47019797178689,Villa,1511.0,2,2,19,5,16,2,Semi-Furnished,2.960523149241024,3.6980276246978607,2.4515432845935035,5.0,73.31865376277774,10.255015248610604,11053875.0,25319.0
TXN00804,2021-07-13,Ahmedabad,Vastrapur,23.03720069030121,72.5283022389306,Apartment,1101.0,2,2,12,8,11,2,Unfurnished,2.2071289374018725,2.914450584642366,2.895200973443144,14.886301366513177,68.89549226088307,12.234307110945094,12855967.0,26341.0
TXN00805,2021-07-05,Ahmedabad,Vastrapur,23.043647482915375,72.52612612430411,Apartment,1926.0,4,4,3,10,19,0,Semi-Furnished,2.568307970081058,2.718044988679423,2.590084485746406,12.944693757254505,70.54868681016534,8.050526744951483,19821793.0,52623.0
TXN00806,2025-04-18,Ahmedabad,Bopal,23.037343555990123,72.46569069590794,Apartment,1342.0,2,1,14,7,19,1,Semi-Furnished,2.794988738497563,3.42031895927978,2.739148095111602,8.608116210926074,84.80891558200423,10.864670784426078,10881113.0,24335.0
TXN00807,2019-05-18,Ahmedabad,Bopal,23.02764493668809,72.46953964172951,Apartment,1300.0,2,2,16,7,13,2,Furnished,2.446874082673964,2.778049482579344,3.084099695456484,17.566366981268082,84.46229518224688,8.04068212292949,9903154.0,23258.0
TXN00808,2025-12-19,Ahmedabad,Prahlad Nagar,23.01639814643784,72.50763248290923,Apartment,2695.0,5,4,13,6,12,2,Semi-Furnished,2.225026285566397,2.3873455252624263,2.442208003297812,19.5097453582247,73.42640594841671,11.342762806040945,37907207.0,77563.0
TXN00809,2024-05-18,Ahmedabad,Thaltej,23.047567045003923,72.51680964847219,Row House,2467.0,5,4,18,11,19,2,Semi-Furnished,1.8390353220046634,2.8584297529638594,1.9494705343768923,18.084783392599476,72.99217402989828,7.35697274994736,23037219.0,57644.0
TXN00810,2021-09-22,Ahmedabad,Chandkheda,23.11419382622226,72.57583365212115,Villa,2425.0,5,4,16,10,12,0,Furnished,2.9858470120616074,3.179609524163789,3.5116270297925416,11.081716509889954,77.25063296754992,8.103353447844237,18902365.0,44259.0
TXN00811,2020-03-10,Ahmedabad,Gota,23.086063112492525,72.53990923388025,Apartment,2395.0,4,3,0,4,10,2,Furnished,2.6968500986721433,3.889941125250207,2.10057318136798,12.528876601811378,79.9008774086066,11.15412050334351,21520769.0,46967.0
TXN00812,2022-11-26,Ahmedabad,Bodakdev,23.04164723051705,72.501595948859,Apartment,2797.0,5,4,18,4,4,0,Semi-Furnished,2.264310399996666,3.1925347452560926,2.4722085977805897,7.601318316749649,91.75895396249271,6.917790739889837,33281747.0,89917.0
TXN00813,2023-06-08,Ahmedabad,Gota,23.093911171854185,72.53700102903726,Apartment,2424.0,5,4,25,12,19,1,Furnished,3.3176596013170063,3.7031279015442355,2.0110220563786463,13.202051532543466,81.2226488161684,9.12718175087242,19820101.0,48193.0
TXN00814,2022-08-25,Ahmedabad,Satellite,23.026069256102552,72.51600175123339,Villa,2151.0,4,3,14,12,14,0,Furnished,1.6105328537649948,2.487969103169967,2.2975123226439997,16.02641283058592,65.44933645520028,7.68845755538789,23103748.0,62729.0
TXN00815,2025-01-13,Ahmedabad,Vastrapur,23.037871807452262,72.5308620047992,Apartment,1250.0,2,2,21,9,16,1,Furnished,2.5750881795572957,3.714508728691646,2.02888322489627,12.43832209533354,75.71794936409026,9.365446747821306,14971449.0,31411.0
TXN00816,2020-01-27,Ahmedabad,Shela,23.001387743288824,72.46924920800454,Apartment,1715.0,3,2,3,11,11,1,Unfurnished,2.954630214218655,3.709300199288373,2.326768631497046,5.0,86.46834928557452,11.287476775386747,11723646.0,23475.0
TXN00817,2021-06-26,Ahmedabad,Prahlad Nagar,23.017307853284613,72.49244878263352,Apartment,1825.0,4,3,10,12,14,1,Semi-Furnished,2.7322337301361292,2.7789469526386714,2.2137775610398127,20.33210303819847,77.42143482052631,9.557174847949936,24353207.0,54394.0
TXN00818,2025-06-21,Ahmedabad,Chandkheda,23.110696208960167,72.587667707166,Row House,619.0,1,1,20,1,8,2,Semi-Furnished,3.531324140722279,3.937859192660607,3.212439765845655,13.96223140224118,86.13012672161294,10.804465699741634,4603072.0,10732.0
TXN00819,2019-06-11,Ahmedabad,Satellite,23.031564896653627,72.5140147744349,Apartment,1538.0,4,4,5,2,10,0,Furnished,2.49471511033526,2.10310226745644,2.1923340392390456,10.01641124800645,72.02811430466298,8.542489927858897,17349298.0,42535.0
TXN00820,2024-12-05,Ahmedabad,Vastrapur,23.038919031698406,72.52722419694635,Apartment,2579.0,5,4,22,2,19,0,Semi-Furnished,3.6449470786309117,4.3003235984164725,1.530587260394511,5.0,75.02539457928194,8.810391312799272,26865352.0,65448.0
TXN00821,2024-08-14,Ahmedabad,Gota,23.087488583148637,72.54594920269093,Apartment,2435.0,5,4,23,10,16,0,Semi-Furnished,3.280297525568203,2.8735802172158027,2.2889609789101137,12.277774204110052,75.81024303549952,9.885575000944234,19413618.0,46918.0
TXN00822,2022-11-12,Ahmedabad,Bopal,23.028853963778488,72.4628555600587,Apartment,2458.0,5,4,2,8,12,2,Furnished,2.3381506842588746,3.1283537687560186,3.692739792243,8.702373220439565,80.68512463344298,12.223392111103587,24906017.0,43645.0
TXN00823,2021-03-25,Ahmedabad,Thaltej,23.0504083774123,72.51698967797903,Apartment,732.0,1,2,21,5,13,2,Furnished,2.42892281927006,2.7813006587467695,2.8581941204250265,6.422861445408236,78.2351079812214,9.65496967133546,7795966.0,17577.0
TXN00824,2025-02-11,Ahmedabad,Bodakdev,23.037707497001183,72.5061879549997,Apartment,2657.0,5,4,14,8,18,2,Furnished,2.172758529387829,3.1285931123998143,2.3053508367172,5.0,72.19512251495337,10.486281001348239,41085952.0,83667.0
TXN00825,2019-02-04,Ahmedabad,Satellite,23.01622166380093,72.52148024861931,Apartment,1272.0,2,1,17,11,17,2,Semi-Furnished,3.018417309224871,3.2000892678971864,2.6154741222769315,12.484050793941174,75.24014420287848,7.081385076201625,14761829.0,33016.0
TXN00826,2025-08-11,Ahmedabad,Vastrapur,23.03465619079649,72.53066467647903,Apartment,2341.0,5,4,5,6,12,1,Semi-Furnished,2.4132642882763813,2.6714988436139575,1.9969194781224773,17.22276320589379,79.48645123116833,10.523479569444975,26973149.0,52692.0
TXN00827,2025-08-24,Ahmedabad,Prahlad Nagar,23.01803956200241,72.50944675086136,Villa,1562.0,4,4,0,1,18,2,Unfurnished,3.339891019038827,2.1180491428997956,1.9191864272751613,6.443045690304958,82.81251524531189,11.211455772355494,20269462.0,39374.0
TXN00828,2025-03-04,Ahmedabad,Vastrapur,23.04580514681788,72.52949760137878,Apartment,1970.0,4,4,23,12,18,1,Furnished,2.6613724609211618,3.13062437317343,2.9047191542695274,19.399269359026036,81.31182387046191,8.653326822546068,23420825.0,55356.0
TXN00829,2025-03-07,Ahmedabad,Thaltej,23.050037211693283,72.51403949898487,Row House,1803.0,3,3,8,3,9,1,Semi-Furnished,1.9180507813697065,3.130234669404895,2.452190541641704,20.293441020461955,78.7387020424854,11.676872802872197,18004060.0,40970.0
TXN00830,2021-08-07,Ahmedabad,Chandkheda,23.111474400851836,72.57849390457862,Apartment,1611.0,3,2,25,10,14,2,Unfurnished,3.0480755731959195,3.395271914037907,2.4224449796648795,7.580639348881137,64.63455909240916,8.390209738409496,10220020.0,27071.0
TXN00831,2021-03-13,Ahmedabad,Maninagar,22.99319139553706,72.60454460063939,Apartment,2493.0,5,4,11,9,15,0,Unfurnished,3.2072468451108254,3.2721719713059776,1.9935476553059195,32.355775075103224,65.54245251032071,6.890048928881327,15166652.0,37827.0
TXN00832,2021-09-14,Ahmedabad,Shela,23.002368312796065,72.46805991348442,Villa,1512.0,2,3,7,8,13,0,Semi-Furnished,2.890521569733578,3.7157420939446077,2.986097512611291,14.121462362222735,87.07791891024316,12.55699735091764,10673581.0,23738.0
TXN00833,2020-02-11,Ahmedabad,Chandkheda,23.10963695222611,72.5839872680801,Row House,877.0,2,1,3,5,11,1,Unfurnished,3.2893310228926382,3.964160571811618,2.886563305273854,8.167478381518816,82.17985327801193,9.302266875075139,6078864.0,13809.0
TXN00834,2023-04-23,Ahmedabad,Bopal,23.028021071410713,72.45911674474863,Apartment,825.0,2,2,11,10,12,0,Furnished,2.0298878812931846,2.715762146847611,3.0488242499505533,5.0,86.22100848160356,7.5958520566001715,6386201.0,15346.0
TXN00835,2024-02-28,Ahmedabad,Bopal,23.03281909801042,72.46457086764131,Apartment,2081.0,4,4,11,8,18,2,Unfurnished,2.868044333343219,3.2747906014512598,2.519084048936091,5.0,85.88283056315461,9.496591222249583,15780703.0,38216.0
TXN00836,2019-01-04,Ahmedabad,Gota,23.086209303446786,72.53867519489042,Row House,1973.0,4,3,18,1,9,0,Unfurnished,2.9168235289564786,3.1488068406489442,2.0040629744557723,5.0,82.85107092750486,12.059035546688971,14244926.0,33028.0
TXN00837,2021-10-15,Ahmedabad,Shela,23.012506135496576,72.47079924732148,Apartment,1034.0,1,2,2,6,7,2,Semi-Furnished,2.4970795880437207,3.9341127225681065,3.5552467718456837,7.799478111244747,86.79813752316598,9.271862623982608,7232868.0,17021.0
TXN00838,2021-05-10,Ahmedabad,Shela,23.010697520652883,72.46659275964515,Apartment,2001.0,4,4,4,3,13,2,Furnished,2.6895727772138343,2.922963497440051,2.525102673061596,10.04284785987329,87.4497538531043,8.590688007597455,14034630.0,30415.0
TXN00839,2023-08-06,Ahmedabad,Shela,23.00418676588597,72.4667980685826,Apartment,1838.0,4,4,17,10,16,2,Semi-Furnished,3.1221659827866746,3.3916321120097463,3.0291570224212565,5.0,78.07163501689652,10.178776956752882,13253024.0,28935.0
TXN00840,2022-04-15,Ahmedabad,Prahlad Nagar,23.015590458652305,72.50954929088397,Villa,2344.0,5,4,21,11,11,2,Furnished,1.9255104997119528,3.3507948490587816,2.3804600793193256,12.187601401283287,82.43393668221984,7.967457534204262,30175522.0,67971.0
TXN00841,2025-12-27,Ahmedabad,Thaltej,23.04956998861868,72.51835692376315,Apartment,2539.0,5,4,7,6,14,0,Unfurnished,2.125141856835942,3.196679116439131,0.8875218857395548,8.138723596562954,74.54425496481191,6.560410740040798,23200513.0,51939.0
TXN00842,2023-06-07,Ahmedabad,Gota,23.08739878840673,72.5401337122174,Row House,2629.0,5,4,25,2,14,2,Semi-Furnished,3.1905046761320257,3.165102023393747,3.4727692968208634,5.0,83.83224049853051,11.223919140857511,20452521.0,47193.0
TXN00843,2019-09-03,Ahmedabad,Bopal,23.035024629974927,72.46893809189199,Row House,2539.0,5,4,3,2,7,0,Semi-Furnished,2.8571369098058024,2.89807162795351,3.5734355192687963,14.230969623617575,78.66646810510404,8.666750724999767,19300679.0,44950.0
TXN00844,2019-08-11,Ahmedabad,Bodakdev,23.03853633315309,72.50476285673099,Apartment,695.0,2,3,13,7,7,0,Unfurnished,1.8717604994081163,2.3440719505952616,2.1284299418842476,5.660014325718669,86.05571176569424,7.504969255573651,8399258.0,18329.0
TXN00845,2022-09-10,Ahmedabad,Bopal,23.03974557855214,72.46344092868209,Apartment,2643.0,4,3,20,6,16,0,Semi-Furnished,2.647224759500649,3.361652928235985,3.5770630866834807,5.0,67.92705256321173,10.619556057552574,22094723.0,42955.0
TXN00846,2022-04-17,Ahmedabad,Bopal,23.02918305919886,72.46356149216086,Apartment,783.0,1,2,20,4,9,0,Semi-Furnished,2.334160115079872,3.503932123625135,2.329189557074903,7.376106249487984,79.14542306443239,9.619237624333852,5875347.0,15218.0
TXN00847,2024-03-10,Ahmedabad,Prahlad Nagar,23.009202386518453,72.50755119165773,Apartment,2023.0,3,4,7,8,14,1,Furnished,2.8312791458217035,2.1879538277452286,1.6610089533735808,13.468308982151454,86.18569772221353,7.3263777258193254,25186944.0,65729.0
TXN00848,2021-07-07,Ahmedabad,Bopal,23.03054716702433,72.46611455904126,Villa,1320.0,3,3,21,5,5,0,Furnished,2.965247439949746,3.429683311145868,3.3086093643183228,7.7057316861044605,68.88348616231055,7.620041565119295,11749514.0,26102.0
TXN00849,2024-09-12,Ahmedabad,Bopal,23.034835663809087,72.465554685133,Row House,1602.0,4,4,1,11,18,2,Unfurnished,2.560758911452407,4.259867135570411,2.6836440897948,5.0,84.586030810268,9.40381692730689,11939671.0,27656.0
TXN00850,2023-03-09,Ahmedabad,Prahlad Nagar,23.01166204268815,72.50300996205576,Villa,1193.0,1,1,23,12,17,1,Unfurnished,2.5304388164312774,1.691846624643426,1.3360909429684433,6.195857183777087,83.34553026331417,11.225141028787053,15722871.0,31416.0
TXN00851,2024-10-13,Ahmedabad,Bodakdev,23.036694799103273,72.50568122729393,Apartment,1703.0,3,3,12,4,4,2,Unfurnished,3.4318727270105374,2.496291598390608,2.626319284364286,15.097637471679075,86.91418054035432,8.773436250511933,22819402.0,46342.0
TXN00852,2021-10-03,Ahmedabad,Chandkheda,23.109439877416186,72.58163368674495,Apartment,2495.0,4,4,24,6,16,1,Furnished,1.9361489721343461,3.240731609958323,3.085086974747679,17.692193011354703,88.74943399986594,9.559700135052532,19678522.0,42987.0
TXN00853,2023-08-05,Ahmedabad,Bopal,23.03871955723313,72.46945988814242,Apartment,2424.0,4,3,14,9,19,0,Semi-Furnished,2.668466119300203,3.641293374039646,2.5278537790138507,5.0,85.39577883761352,10.975760210090934,20077761.0,45320.0
TXN00854,2019-03-28,Ahmedabad,Bodakdev,23.041981849438585,72.49435172852388,Villa,2033.0,3,3,13,12,17,2,Semi-Furnished,2.192512454912039,2.133242627643947,1.5112176064931155,22.571075612883405,77.05558498240069,9.842708978953949,29179535.0,68045.0
TXN00855,2020-12-01,Ahmedabad,Maninagar,22.997076738324747,72.60438105404577,Apartment,1040.0,2,3,19,2,14,0,Furnished,2.590968433898106,3.716528354227824,2.281082540408927,9.808289640347065,64.96995105969174,8.338903367197535,7613639.0,17826.0
TXN00856,2021-07-20,Ahmedabad,Thaltej,23.058254165961895,72.51980221599563,Villa,2704.0,5,4,4,2,8,1,Furnished,2.0179751987549053,3.25160730421643,2.411172635240192,12.299057775052116,80.14622441666995,9.677919734742426,28865191.0,63459.0
TXN00857,2020-12-09,Ahmedabad,Maninagar,22.98934829241336,72.59902941864193,Apartment,721.0,2,3,4,10,13,2,Furnished,2.5221657432539586,2.6597658597380693,3.2313672241956337,22.248222498730712,66.74328655824839,8.756122199986857,5643590.0,11790.0
TXN00858,2022-11-26,Ahmedabad,Prahlad Nagar,23.017871970609722,72.50999865795582,Apartment,1485.0,3,2,23,1,11,1,Furnished,2.1509688128033426,3.1343284585348563,2.2751657632633115,12.90141348734877,72.60055974473548,7.028703950489701,19690736.0,40105.0
TXN00859,2019-01-15,Ahmedabad,Bodakdev,23.03645641938203,72.50648641256792,Apartment,705.0,2,1,19,11,15,0,Semi-Furnished,2.2828750122439696,2.3459749849836453,2.233455760640183,20.761976278588453,75.71186871235824,9.295701739484446,8762580.0,21285.0
TXN00860,2022-05-11,Ahmedabad,Gota,23.08868826066885,72.53936489402479,Apartment,650.0,1,1,9,5,18,0,Furnished,3.653240154429345,3.6137045333645434,3.569845818299097,9.197210761462472,88.31186153411373,9.809153964337419,5426973.0,12499.0
TXN00861,2021-11-25,Ahmedabad,Satellite,23.036367518543287,72.52188885001688,Apartment,1288.0,2,1,1,5,5,1,Semi-Furnished,2.7488739136621674,2.772845171560507,2.0530354731659473,23.6831558831076,83.95719559855137,7.0390634194684045,14751843.0,29610.0
TXN00862,2020-09-10,Ahmedabad,Thaltej,23.04695275446976,72.51267904272189,Apartment,2473.0,4,4,15,2,7,2,Semi-Furnished,1.827050504060062,2.5647813563332775,2.997484597080234,15.985263568916277,76.10984003758827,8.557719052338804,23801281.0,54238.0
TXN00863,2023-11-20,Ahmedabad,Chandkheda,23.11338322129498,72.58235751979866,Villa,2655.0,5,4,14,3,10,0,Furnished,3.827022276373153,3.03453449492592,2.860564275736215,11.532322482305972,77.25074075468306,9.158765173741306,20500458.0,47951.0
TXN00864,2020-03-14,Ahmedabad,Thaltej,23.044358647255674,72.51817290592622,Apartment,2466.0,5,4,25,6,11,1,Furnished,2.883798394645632,4.01570300817165,2.0164207416618556,16.54770648835762,79.0752706246008,8.174608551802956,24815091.0,59458.0
TXN00865,2020-10-23,Ahmedabad,Maninagar,22.987800138134745,72.60054793998253,Apartment,2017.0,5,4,10,11,16,2,Semi-Furnished,3.631390704457672,3.1747606890640174,2.419062802958571,29.375416772683327,57.36893111674567,8.120004604929349,14319201.0,32217.0
TXN00866,2024-08-30,Ahmedabad,Prahlad Nagar,23.01081831713995,72.50655820138735,Apartment,1086.0,2,1,17,5,12,2,Semi-Furnished,2.351469944674033,2.79949406226661,1.589876072372233,18.426614845631963,79.93771439428102,11.495079713389845,14202124.0,30163.0
TXN00867,2024-07-28,Ahmedabad,Prahlad Nagar,23.01902208758626,72.50157557724083,Apartment,1823.0,4,3,16,10,11,0,Semi-Furnished,2.0900015089999573,3.4855921398249414,3.1996720180460363,17.11960720267951,69.83008668297363,9.334392935883702,22408745.0,49067.0
TXN00868,2019-12-07,Ahmedabad,Maninagar,22.99122273946397,72.60440635503925,Villa,1272.0,2,3,7,1,7,1,Unfurnished,2.333467402992975,3.2656263352437533,3.203806409921635,20.142596868839924,65.32574579461941,7.831853194714702,8905044.0,19247.0
TXN00869,2023-03-26,Ahmedabad,Gota,23.097012339390865,72.54189616666979,Apartment,749.0,2,3,14,3,18,1,Unfurnished,2.3796990218346745,3.6904729521800648,2.912554619296313,16.351921571265347,93.79813061969526,8.568081324995761,4818463.0,11382.0
TXN00870,2023-01-22,Ahmedabad,Chandkheda,23.11135185677469,72.57897306429432,Apartment,958.0,2,1,20,1,17,0,Unfurnished,3.2253287644256132,3.87872620254331,3.65539204395815,21.58544646140699,72.6347058942069,9.729618903536242,6771995.0,14121.0
TXN00871,2024-07-01,Ahmedabad,Vastrapur,23.038251138532555,72.52621229737578,Villa,1544.0,3,2,7,6,17,0,Semi-Furnished,2.349442175654043,2.6906188875662953,3.331790640819266,13.843668913187559,80.37054922392471,6.05672217811016,15383781.0,37581.0
TXN00872,2025-03-11,Ahmedabad,Vastrapur,23.035918372975644,72.52574442040091,Apartment,1122.0,1,1,17,4,13,1,Semi-Furnished,1.9930409615328066,2.2913405361403822,3.170467552740343,14.970015668579055,74.30480355506678,6.637658260917781,11468881.0,26879.0
TXN00873,2021-05-15,Ahmedabad,Prahlad Nagar,23.017600184472823,72.50823454520842,Apartment,1701.0,3,2,23,6,7,2,Semi-Furnished,2.69812335591953,3.2955303780272036,1.6111762283423472,10.850447001353302,89.29247839329437,10.271070966691763,24074340.0,45770.0
TXN00874,2022-07-09,Ahmedabad,Vastrapur,23.033000269411186,72.5353976867874,Apartment,1208.0,2,3,14,10,11,1,Semi-Furnished,1.7317756299460125,3.091808758275467,2.514012738123823,9.866896511739489,72.92701949476664,8.39640800406068,12496141.0,29600.0
TXN00875,2024-04-26,Ahmedabad,Maninagar,22.99649260989381,72.60352276387407,Row House,753.0,1,1,14,12,14,1,Semi-Furnished,3.0189832257019416,3.2400761778839096,2.575595594073794,15.647150408308452,75.3821882492761,9.067224631076758,5494151.0,13782.0
TXN00876,2023-06-05,Ahmedabad,Shela,23.00090790387403,72.47119671697884,Row House,2152.0,5,4,21,1,7,0,Semi-Furnished,1.9695146845522775,3.8298120789435783,2.535246097871757,10.149522971281947,96.78619902676883,8.149965326791001,14070936.0,37384.0
TXN00877,2025-06-18,Ahmedabad,Bopal,23.031372763023167,72.46155529954137,Apartment,2604.0,4,4,13,1,5,2,Semi-Furnished,2.5036106395835414,3.2933083162904944,3.359624956090787,11.122102379726325,74.1309387682574,10.996502261682704,21235344.0,48568.0
TXN00878,2022-12-06,Ahmedabad,Vastrapur,23.036292582541183,72.52731505675561,Apartment,2319.0,4,4,20,9,14,1,Semi-Furnished,1.9576158303308882,2.5521258769705675,2.9596432719605854,16.867302777928987,75.0964112260482,10.06617230501055,24896346.0,52319.0
TXN00879,2020-07-01,Ahmedabad,Thaltej,23.047160522690188,72.51069860550554,Apartment,2681.0,5,4,25,2,17,2,Semi-Furnished,2.459583872985075,3.292333254025673,3.120366624570605,12.846452264026434,72.23597547329528,8.882690689620965,23855053.0,59190.0
TXN00880,2021-09-02,Ahmedabad,Thaltej,23.047858564786917,72.51663644079652,Row House,793.0,2,1,10,9,16,2,Furnished,2.901754935616983,3.1492376760811887,2.630924977294772,16.21134227803878,66.88565035047439,8.224859961940759,8627741.0,19321.0
TXN00881,2020-03-26,Ahmedabad,Chandkheda,23.119916538298902,72.5753057160058,Apartment,1593.0,3,4,21,9,11,2,Unfurnished,2.5293424216792415,3.2502231702695163,2.632720921529076,7.809615222267995,72.31969895268946,9.285405102687385,11344065.0,24529.0
TXN00882,2023-07-09,Ahmedabad,Gota,23.08893196184363,72.53856848755503,Apartment,1955.0,3,2,5,12,17,0,Furnished,2.3683581364199777,3.3330303584459045,2.8674908492660376,5.0,79.44289885702163,12.341556920323622,16647434.0,35479.0
TXN00883,2022-07-04,Ahmedabad,Bopal,23.027764633379157,72.46805960222108,Apartment,1677.0,3,3,16,9,16,2,Semi-Furnished,2.5941151454952305,3.7368499848158834,2.9390889925357397,8.401550872922597,82.34456395251802,9.235716825083284,13405089.0,30101.0
TXN00884,2024-08-08,Ahmedabad,Satellite,23.028485374861845,72.52127956308532,Apartment,1952.0,3,2,7,8,15,2,Unfurnished,1.9380033843448525,2.6661126645079096,2.0148318776376812,9.749878939982539,78.37775595151115,8.30973917075215,20033047.0,46663.0
TXN00885,2021-02-20,Ahmedabad,Thaltej,23.045934726839487,72.5150611295166,Apartment,2151.0,4,3,5,10,11,0,Furnished,3.7122095932320596,3.1191383361980725,2.2700761411768218,11.807032591946752,84.69377971698675,7.150261055590574,21086759.0,48047.0
TXN00886,2024-07-22,Ahmedabad,Bodakdev,23.037050413649666,72.50366678152066,Apartment,2077.0,4,4,22,4,6,0,Furnished,1.5975262207768206,2.3169803512952196,2.7490190650447333,11.198742260721811,87.78875941818893,8.391386936264531,30085957.0,67786.0
TXN00887,2025-04-19,Ahmedabad,Shela,23.001736279434965,72.46435039992038,Villa,2179.0,5,4,18,1,12,0,Unfurnished,3.821178847943695,4.445157334412016,2.2091543202436803,5.806677870034887,83.03469621858841,10.310894726928185,14898927.0,34443.0
TXN00888,2021-07-20,Ahmedabad,Bopal,23.02761085041642,72.4677562272679,Apartment,1986.0,3,2,15,10,18,1,Furnished,2.2399669769846744,2.907448323148523,2.8713649780853845,5.0,77.42331549408733,7.9055692326620886,15252405.0,37204.0
TXN00889,2024-11-23,Ahmedabad,Shela,22.999163088912383,72.46185099068263,Apartment,1169.0,2,1,15,12,14,1,Semi-Furnished,2.918961496792566,3.3787211581517007,2.4639000279802747,7.294933754089655,80.8825471824432,11.91280608570579,8293720.0,16969.0
TXN00890,2021-12-22,Ahmedabad,Bopal,23.034499272105226,72.46368260376306,Apartment,922.0,2,2,24,2,10,0,Semi-Furnished,2.5428871400224207,3.3817159976160927,2.386644316765943,11.399146376965087,88.33069743759323,7.50253583679946,6833364.0,16642.0
TXN00891,2023-10-11,Ahmedabad,Gota,23.09371407940321,72.54384543264926,Row House,2442.0,5,4,17,1,18,0,Furnished,3.0453426067098706,3.723535132077525,2.5759905693645853,12.965647980401553,73.69878843963743,9.351949497137081,18522511.0,44259.0
TXN00892,2024-10-23,Ahmedabad,Bopal,23.03202586861834,72.4707615802144,Row House,632.0,1,1,7,3,18,0,Unfurnished,2.3470914870277952,2.7208333054060376,3.331350281604782,19.274600621501676,92.38888767122997,6.660237703464173,4257627.0,11249.0
TXN00893,2021-01-17,Ahmedabad,Prahlad Nagar,23.017289258937147,72.50325553447308,Villa,2402.0,4,4,24,12,14,1,Semi-Furnished,1.9059338498765692,2.045246102461877,2.02631453095555,13.327429898201963,73.31954153570986,6.632790654467264,25642922.0,65213.0
TXN00894,2024-10-19,Ahmedabad,Vastrapur,23.03658118198944,72.53111882963354,Villa,2233.0,5,4,3,10,14,2,Semi-Furnished,2.4519385393296296,2.9493052817342056,2.956840696341488,11.987427151592112,72.95466933931785,9.07141412967014,25103671.0,54511.0
TXN00895,2020-07-13,Ahmedabad,Satellite,23.02829756102589,72.5249668953148,Apartment,2331.0,5,4,24,9,17,1,Semi-Furnished,1.9708081776638273,2.548277373149917,1.8718130468388803,21.962980024128715,80.91793583205434,9.958330909725793,28248599.0,58642.0
TXN00896,2023-08-14,Ahmedabad,Maninagar,22.998621472166587,72.60355634596495,Apartment,1628.0,3,3,6,4,9,1,Furnished,2.223376623243848,3.905917547244488,1.933469530184209,14.637826172381954,53.82952132856029,7.36642813658823,12743713.0,28799.0
TXN00897,2019-11-23,Ahmedabad,Bodakdev,23.047361115778603,72.50853187085873,Apartment,2393.0,4,4,22,3,4,0,Unfurnished,1.682664081092961,2.7850083369302063,1.995693505263004,9.469556475661562,79.33341415189273,9.109587583076742,29994625.0,69380.0
TXN00898,2024-10-11,Ahmedabad,Satellite,23.031721101473725,72.51210869960612,Apartment,1032.0,1,2,3,1,5,1,Unfurnished,1.2395069694090382,3.1264884474421044,2.4933127085636575,5.035919929249923,75.01689546099777,9.880587500747447,11659284.0,26004.0
TXN00899,2021-11-30,Ahmedabad,Thaltej,23.055864289139507,72.52121071972495,Apartment,1341.0,3,4,15,4,19,1,Furnished,2.359845191730312,3.2617671346549897,2.2784654389494206,17.11518103619415,82.61055556797567,10.444993701098769,13671173.0,33832.0
TXN00900,2019-08-13,Ahmedabad,Satellite,23.032461804991833,72.52042174807652,Apartment,1834.0,3,3,5,7,16,1,Semi-Furnished,2.162451678589323,2.480655866459856,2.2734876186481143,10.488318500809168,76.17708947973935,9.896474388688805,21303246.0,47612.0
TXN00901,2019-03-31,Ahmedabad,Shela,23.012923545601687,72.45852953860467,Villa,2679.0,5,4,2,8,14,2,Semi-Furnished,2.470406437769904,4.329158843493763,3.0885062550779905,5.0,79.99179344994452,8.962214470185724,17526239.0,42955.0
TXN00902,2023-10-06,Ahmedabad,Maninagar,23.000298622706197,72.60849221695474,Villa,2122.0,4,4,15,11,16,2,Semi-Furnished,1.5596387073532378,2.5711149700329106,3.1768423898120535,25.301399065073067,69.6452160786882,10.34801587162001,14834124.0,34947.0
TXN00903,2025-08-28,Ahmedabad,Gota,23.096550989836818,72.53235728521099,Apartment,1732.0,2,2,0,9,11,2,Semi-Furnished,2.7852843082741248,3.370080907405063,3.0570722720242003,14.208640516369407,74.65427763224659,8.418101335776605,14861288.0,27922.0
TXN00904,2019-12-17,Ahmedabad,Prahlad Nagar,23.00594373248842,72.50943772968759,Apartment,2353.0,4,4,2,7,10,1,Furnished,1.8931480126259523,2.570932294352347,1.9312614162460446,26.70719601309495,75.75745827708533,8.867977702638195,31406810.0,77046.0
TXN00905,2021-12-19,Ahmedabad,Bopal,23.02998512133965,72.4603912222125,Apartment,1036.0,1,2,0,8,14,2,Unfurnished,2.7794730074505036,2.508537878384811,2.3543796468543325,7.637565567528428,83.91208307069552,9.022094345306943,8314557.0,19113.0
TXN00906,2021-02-10,Ahmedabad,Bodakdev,23.039648544061507,72.50634699760633,Villa,1019.0,2,1,23,3,10,0,Furnished,2.4757856495598323,3.129052567755582,2.9932708879169376,5.515449342284613,83.4867973471179,9.714014910619655,14609893.0,32898.0
TXN00907,2021-11-14,Ahmedabad,Prahlad Nagar,23.012138239412025,72.51553424505347,Apartment,1101.0,2,1,10,2,4,1,Semi-Furnished,2.184813148612094,2.8278954788902912,2.1446723462727864,12.046252621617485,86.46671817098179,9.72396800628187,13602447.0,29074.0
TXN00908,2023-10-04,Ahmedabad,Shela,22.998003766306912,72.46982714042895,Villa,626.0,2,2,5,3,16,2,Furnished,2.6502791180978624,3.3713354904046766,2.912638828985266,5.88742380987334,83.93314848390533,9.021989844416202,4833121.0,9771.0
TXN00909,2020-02-26,Ahmedabad,Gota,23.091552909570957,72.53615486234956,Apartment,691.0,1,1,13,3,6,0,Furnished,2.6419559977456437,2.2259852056909573,3.443261424574745,9.393473820642221,83.8594475055975,10.231135319258305,5733788.0,12934.0
TXN00910,2022-01-24,Ahmedabad,Gota,23.088550523861745,72.54494625645363,Apartment,1124.0,2,3,2,11,12,2,Furnished,2.8376307396724223,3.299331855258875,2.9930158736099894,10.861927266773845,68.09457259497654,7.552146226988896,9129553.0,21645.0
TXN00911,2019-01-03,Ahmedabad,Shela,23.000659499420834,72.47523404733242,Apartment,776.0,2,1,25,7,11,0,Furnished,3.0637315967293524,3.943846619166151,2.3829794243652658,19.212739583648403,74.03344914949882,8.631213276664958,5273927.0,11388.0
TXN00912,2021-04-03,Ahmedabad,Bodakdev,23.046213315401847,72.5032895441691,Apartment,2484.0,5,4,24,4,7,2,Semi-Furnished,1.7060456556296157,3.9824409016635696,2.52453913274093,9.026965215105198,78.67840010050381,9.03915427417933,33111142.0,71640.0
TXN00913,2023-04-07,Ahmedabad,Prahlad Nagar,23.01061350532002,72.51439659033792,Villa,1661.0,3,4,13,8,17,2,Unfurnished,2.4585010184371674,2.254293719223851,2.510160540598389,9.753188495382046,82.92080194506767,8.865986072687603,20408204.0,43357.0
TXN00914,2022-07-28,Ahmedabad,Maninagar,22.999017825275487,72.60607615312007,Villa,1161.0,2,1,25,8,12,1,Semi-Furnished,2.783587540955067,3.1145125691417572,3.3045461361241997,25.70603085727192,75.24831394297377,9.211454554962339,8542822.0,20430.0
TXN00915,2019-02-19,Ahmedabad,Bodakdev,23.040277373857926,72.50269706167806,Apartment,710.0,2,1,15,3,10,1,Semi-Furnished,1.327274802685501,3.3703592321224165,1.7597070432041342,10.918889452476586,85.72429438431843,7.571580469022647,8906457.0,20124.0
TXN00916,2019-01-13,Ahmedabad,Shela,23.002689027431227,72.46196307298196,Apartment,1428.0,3,3,1,1,15,0,Furnished,3.5994163069255163,3.1310018675198164,2.917939526287886,14.754716150451527,80.04145400414748,12.225022896980335,10857878.0,24139.0
TXN00917,2024-06-07,Ahmedabad,Prahlad Nagar,23.008445913503625,72.50236428630052,Villa,1954.0,3,4,25,12,12,1,Semi-Furnished,2.320308660014211,2.439489770018053,2.5813100335695918,11.061002786005355,76.77191400973308,9.857756364472998,25653430.0,51028.0
TXN00918,2025-07-18,Ahmedabad,Vastrapur,23.041823831625145,72.52455686361859,Row House,2167.0,4,4,20,1,9,2,Semi-Furnished,2.5507767304384985,3.5934105772808302,2.3516050145940253,15.167684161137617,77.26937602929868,10.49798469940202,25221525.0,51568.0
TXN00919,2025-08-05,Ahmedabad,Prahlad Nagar,23.00758721429783,72.50128244340783,Row House,1290.0,3,2,4,1,19,1,Semi-Furnished,2.096648479375838,1.9630297188646657,2.0990653604311063,22.703771428932132,79.31295977376622,9.701086639916275,15692225.0,33278.0
TXN00920,2022-05-08,Ahmedabad,Bodakdev,23.040780336555102,72.50105498298521,Apartment,1468.0,2,3,16,2,5,1,Unfurnished,2.1435439954409676,3.0519789512064204,2.9486322645662537,5.0,78.73247907644162,11.34668974913534,19135248.0,40669.0
TXN00921,2024-10-06,Ahmedabad,Shela,23.003955438980963,72.4636728605776,Villa,2310.0,4,4,11,11,13,1,Semi-Furnished,3.3895741610614554,3.8804717830882347,3.546369381284916,12.926363504688386,93.30840242029225,13.0,16814774.0,34210.0
TXN00922,2019-12-18,Ahmedabad,Bodakdev,23.045382981861955,72.50609107024994,Apartment,953.0,2,1,1,4,11,0,Semi-Furnished,1.6560169879292888,2.3643918517658715,1.8919843581878115,9.960805987405317,78.76519385049957,8.61338797519146,12985007.0,30077.0
TXN00923,2020-07-08,Ahmedabad,Chandkheda,23.111835931601785,72.57953650361017,Apartment,1996.0,4,3,1,4,17,1,Unfurnished,3.0097782982502967,3.535245118003138,2.471589954540179,5.0,75.45844489762152,10.34821915383752,13119029.0,32313.0
TXN00924,2021-03-14,Ahmedabad,Satellite,23.02588803316959,72.51259632609211,Apartment,1980.0,4,4,2,11,19,0,Unfurnished,2.1576210269046796,2.8214082875835103,2.869998367573011,15.972612647644809,75.63259731214204,9.668562046882935,21606078.0,44488.0
TXN00925,2020-03-30,Ahmedabad,Gota,23.095137924973677,72.5466180961506,Villa,1184.0,1,1,19,3,13,0,Semi-Furnished,2.2735633535225066,3.6366628923129767,2.7731406481183933,15.341284341925526,78.56588362869789,8.78345474226185,9419028.0,19105.0
TXN00926,2021-01-30,Ahmedabad,Thaltej,23.049562848359617,72.51922788906073,Villa,1808.0,4,3,1,1,13,1,Semi-Furnished,2.138122157888752,3.610559472610038,2.1132758236891083,13.022118066471762,76.18486409049515,7.183096543781555,16669361.0,37496.0
TXN00927,2023-01-19,Ahmedabad,Vastrapur,23.045300784434616,72.52826622216818,Apartment,741.0,1,2,4,11,17,0,Unfurnished,2.9952005127642294,2.3293066085121112,2.0624158064002636,12.125826961512377,69.18358361019685,6.912948586520563,7457873.0,16196.0
TXN00928,2020-09-17,Ahmedabad,Maninagar,22.997870233650513,72.60549426527054,Row House,1061.0,2,3,24,10,17,1,Semi-Furnished,3.0945469479982735,2.485062492362127,3.03011692928166,12.321340099677172,68.43259683312134,6.781485933057291,7430800.0,18085.0
TXN00929,2025-09-26,Ahmedabad,Maninagar,23.00339931803905,72.60451283758572,Apartment,957.0,2,1,24,3,14,2,Furnished,2.423745825948251,4.149927938010855,2.711242702804292,14.446895299489121,59.06366604996525,7.628977064135514,7724349.0,17328.0
TXN00930,2020-05-01,Ahmedabad,Maninagar,22.997464431093988,72.6085633936649,Apartment,1717.0,3,2,24,7,13,2,Semi-Furnished,3.060204190184851,3.210814344010925,2.55629352481748,11.132382990188699,65.68820190131923,8.91212255285148,13377648.0,28163.0
TXN00931,2021-12-18,Ahmedabad,Shela,23.001837080342067,72.4665134873524,Apartment,2712.0,5,4,19,7,16,2,Semi-Furnished,2.5927016295309935,3.0625788238260823,3.7103851097414142,5.0,88.49609978230257,10.629623849718461,20069135.0,40968.0
TXN00932,2019-07-09,Ahmedabad,Satellite,23.02879563471265,72.5183585482996,Apartment,1572.0,4,3,17,12,15,0,Semi-Furnished,1.4059216115467534,3.0849418072877253,1.8698446446206858,15.887151440649527,85.95150112401204,8.061190949759059,17039187.0,38692.0
TXN00933,2019-03-24,Ahmedabad,Prahlad Nagar,23.021643969938687,72.50820142212135,Apartment,1202.0,2,3,25,1,6,2,Furnished,2.4766646193425306,2.6040943605965525,2.1133521438389775,19.26486335523755,73.9480746104121,6.920429122300433,16383107.0,39463.0
TXN00934,2022-09-17,Ahmedabad,Bodakdev,23.04172295136336,72.50625248897443,Apartment,2117.0,4,4,23,8,18,0,Furnished,1.8089560656171864,2.518319969580181,2.0113426736883633,5.0,79.4582350084471,7.27291320852581,28171540.0,68314.0
TXN00935,2021-09-25,Ahmedabad,Bodakdev,23.041736633918685,72.50767242088949,Apartment,1938.0,4,4,22,2,8,2,Semi-Furnished,1.9834189566872245,2.401697672623199,2.1290585637270385,13.834529740908541,91.28042444368471,9.94924568910279,28842291.0,64115.0
TXN00936,2020-07-10,Ahmedabad,Vastrapur,23.036397793761505,72.53027842683498,Row House,1373.0,2,3,25,11,17,2,Unfurnished,2.0428752724688892,3.3133338113959168,3.0411135471022157,18.57506684453912,72.04402245498673,10.440274122319058,16273587.0,32822.0
TXN00937,2023-05-13,Ahmedabad,Vastrapur,23.04206546976102,72.5341055771764,Row House,2594.0,4,4,4,1,7,1,Unfurnished,2.0988722462173954,2.3192314936822234,0.8580905790341071,10.294942744281713,68.19507635942344,8.594265575275488,26763668.0,64048.0
TXN00938,2025-07-13,Ahmedabad,Shela,23.007095647874998,72.46180533238358,Apartment,2222.0,4,3,17,1,8,0,Furnished,2.2744434782837795,3.1226643751335206,2.74354490313136,10.403085278784252,92.1942252773128,9.944586278022364,15182791.0,35098.0
TXN00939,2022-12-07,Ahmedabad,Shela,23.001416076588356,72.45992808215405,Apartment,2776.0,5,4,12,9,15,0,Semi-Furnished,2.146739883303721,3.219303238852603,2.5986894105211906,5.800833289156243,97.09353702344859,10.205368574980715,17430893.0,41998.0
TXN00940,2019-01-04,Ahmedabad,Thaltej,23.044733752719832,72.5120626529009,Apartment,550.0,1,2,13,7,9,1,Furnished,2.7724831465867363,3.144314102759101,2.2356171212983065,13.601205905068646,78.78499805685045,9.792230488921728,5782008.0,13088.0
TXN00941,2019-12-19,Ahmedabad,Bodakdev,23.04212593074995,72.5058911160005,Villa,2765.0,5,4,6,5,18,2,Furnished,2.869652184735234,3.0680855578455817,3.171882984192532,22.901084733023495,74.29399753523688,7.746977601182411,34774220.0,92927.0
TXN00942,2019-07-03,Ahmedabad,Bodakdev,23.03296674853491,72.51046489809623,Villa,582.0,1,2,8,5,13,2,Semi-Furnished,2.7538890744885856,2.998791867990014,1.6792607373768607,18.23532220593745,84.79284842231765,11.013242979529677,8512004.0,18970.0
TXN00943,2025-08-25,Ahmedabad,Satellite,23.028254953011412,72.51798593950058,Apartment,730.0,1,2,24,2,4,1,Semi-Furnished,2.1012839443292335,2.18591397110249,2.6467051064657325,24.803810180839783,90.80410668405972,6.156851618172833,7761857.0,19163.0
TXN00944,2024-08-25,Ahmedabad,Shela,23.005938632262538,72.46450443661102,Apartment,2657.0,4,3,1,5,19,1,Semi-Furnished,2.508858253324226,4.652632592651367,2.5996717962923577,5.0,81.38864819538739,9.416935485423304,18770351.0,41505.0
TXN00945,2021-11-03,Ahmedabad,Maninagar,22.99597786226554,72.60530209706484,Villa,1508.0,3,4,25,3,7,2,Unfurnished,3.183656248567647,3.78669356057004,3.0482816067582528,18.14619901874541,65.53527928910027,8.436745802153666,9510533.0,24980.0
TXN00946,2023-12-02,Ahmedabad,Chandkheda,23.10732065815627,72.57930742812397,Apartment,2573.0,4,4,2,6,19,1,Semi-Furnished,2.5095063426424873,3.096696159188984,3.108502659570889,8.446956834814227,95.26860063651259,7.436981691155239,17923887.0,40216.0
TXN00947,2024-06-13,Ahmedabad,Bodakdev,23.03915405151596,72.51229655777172,Apartment,765.0,1,2,15,4,18,2,Furnished,2.760040759342478,3.3388629379826993,2.136721402287206,9.867064438350486,80.82393976839664,6.196750663467222,11057610.0,25683.0
TXN00948,2019-02-21,Ahmedabad,Satellite,23.03705724774003,72.51375549212749,Row House,1524.0,3,3,25,3,9,0,Semi-Furnished,2.194485362583336,2.4709635103303738,1.2363720336443835,16.557353307866283,67.39683403103922,9.068493891577544,16750427.0,38364.0
TXN00949,2022-07-03,Ahmedabad,Satellite,23.031876122646224,72.51669850994334,Apartment,1589.0,3,3,0,12,15,2,Semi-Furnished,2.15879207391303,2.9420732674077206,2.172841523730035,13.71466723068457,75.362001206989,9.409704656964212,20267675.0,41167.0
TXN00950,2022-03-20,Ahmedabad,Vastrapur,23.045556588386237,72.52860703519498,Apartment,2798.0,4,4,22,1,5,0,Semi-Furnished,2.9729228276978144,1.648729986042275,2.2920916032752263,24.12414641815161,69.97640723585525,9.747172432518257,27398262.0,64165.0
TXN00951,2020-12-10,Ahmedabad,Vastrapur,23.04022510525606,72.52808093248123,Row House,1861.0,4,3,14,8,18,2,Furnished,2.178901476002237,1.9634419699694214,2.195952288310859,19.244665702648014,72.18558520400836,9.332278115800147,23040055.0,48292.0
TXN00952,2022-01-19,Ahmedabad,Thaltej,23.048885416703403,72.5150770178147,Apartment,1741.0,3,3,12,4,14,2,Unfurnished,3.622772421517621,3.4563103264222104,3.305574794413496,9.971251124753108,76.16001395771134,10.45226931586627,17079064.0,39832.0
TXN00953,2022-03-22,Ahmedabad,Thaltej,23.05138095831881,72.52145397810179,Apartment,2422.0,4,4,4,2,15,0,Furnished,2.8928355018011587,3.0487759691284415,2.232330542565854,10.88064229874403,81.02672653192515,7.954495209923768,23053069.0,56258.0
TXN00954,2022-05-01,Ahmedabad,Thaltej,23.051778288956964,72.5118157580727,Villa,1183.0,2,2,18,7,9,2,Unfurnished,1.8437275839430285,3.4844448811393485,2.629878364778661,14.041591483695047,76.476357787982,8.157811503499314,11066001.0,24143.0
TXN00955,2021-08-24,Ahmedabad,Bodakdev,23.037591724541706,72.50823046537201,Apartment,2112.0,4,4,9,12,14,2,Furnished,1.4088540817893849,2.010476981068047,2.1886997867446434,9.25026930522942,89.88879477625376,11.255889937448439,31817930.0,70627.0
TXN00956,2025-11-18,Ahmedabad,Gota,23.090766003860818,72.53627275387561,Apartment,1041.0,2,2,24,5,14,1,Semi-Furnished,2.7761001786842137,2.314615080488107,2.6628099135191667,18.582876397681304,85.28077656585126,8.805287540786342,7818423.0,19212.0
TXN00957,2022-02-13,Ahmedabad,Vastrapur,23.03377660525271,72.52278155959985,Apartment,2444.0,5,4,3,4,15,1,Furnished,2.581828499603871,3.115136917375554,2.791004590808288,5.0,71.03516484398605,9.333417076678284,28403044.0,63446.0
TXN00958,2020-02-19,Ahmedabad,Satellite,23.031132919108973,72.52217685389286,Row House,1761.0,2,1,17,7,18,1,Furnished,2.853340690626866,1.8216443953446437,2.2539193459244213,11.611463451147777,65.27435405086837,7.133990217342269,19622592.0,46534.0
TXN00959,2021-10-18,Ahmedabad,Bodakdev,23.044349641724256,72.51205825026092,Apartment,1208.0,2,3,10,8,18,2,Unfurnished,1.173508041775848,1.7462746806146123,2.464077149794075,8.310105908805301,75.67233429301739,7.551920344783001,14493712.0,35620.0
TXN00960,2020-06-24,Ahmedabad,Satellite,23.02829684945491,72.51890993394737,Row House,2260.0,3,2,21,6,7,2,Semi-Furnished,2.4170420283637557,2.614814346923724,2.2971922567794656,7.573147715560971,72.88316896607787,9.607124626720376,25144968.0,59309.0
TXN00961,2020-01-19,Ahmedabad,Chandkheda,23.112431955112687,72.57295288550851,Apartment,672.0,1,1,18,7,16,1,Furnished,3.323286271772218,3.2403957041856075,3.275144304178501,5.0,78.35204069115414,9.144019740125202,5387184.0,11772.0
TXN00962,2025-03-10,Ahmedabad,Vastrapur,23.036057410650304,72.53512371814112,Apartment,2181.0,5,4,20,11,15,2,Furnished,2.202308455499501,2.9523832563246275,2.4524996918375104,5.0,78.12492996868136,8.082911122144019,25841978.0,60765.0
TXN00963,2020-12-14,Ahmedabad,Bopal,23.02974571197058,72.45987349623887,Villa,803.0,1,1,2,3,19,1,Unfurnished,2.0488093087213066,4.04639386715008,2.517227190876354,18.800214649475123,77.43352878710434,8.919383889929291,6418038.0,13537.0
TXN00964,2019-01-18,Ahmedabad,Prahlad Nagar,23.01618318591037,72.50961595089309,Row House,2117.0,3,2,17,6,15,1,Semi-Furnished,2.038934133635918,2.242984962911366,3.595407538234558,9.50088787885942,75.8529217848538,8.932144390480044,25835726.0,59507.0
TXN00965,2021-07-14,Ahmedabad,Chandkheda,23.110880666382847,72.58400097824966,Apartment,2370.0,4,3,10,10,14,2,Semi-Furnished,2.626479548405434,3.372904635989706,2.335225983251352,5.0,93.62115966585351,10.566244289556659,17173366.0,39790.0
TXN00966,2023-05-21,Ahmedabad,Gota,23.09807148552593,72.54119723086482,Row House,747.0,1,1,10,7,9,2,Semi-Furnished,2.418328479424418,3.907409658797941,3.482796855053882,9.204595810964877,88.18358292797787,9.699372012278113,5428283.0,12784.0
TXN00967,2025-06-08,Ahmedabad,Prahlad Nagar,23.013432281174907,72.50772330668221,Villa,2600.0,5,4,9,12,16,0,Furnished,2.2107803082868998,2.5199951782374233,2.210177096123403,10.01043627853142,69.27118299841052,7.852261182459618,31674717.0,81316.0
TXN00968,2025-01-27,Ahmedabad,Maninagar,22.98724391155662,72.60029368988066,Apartment,906.0,2,3,15,2,6,2,Semi-Furnished,2.4143664144436343,2.6893041740057626,2.49611481113285,23.049300769171307,72.93817628742966,8.47151461115653,6266684.0,15169.0
TXN00969,2022-06-09,Ahmedabad,Shela,23.0060398360166,72.46543892787123,Apartment,1597.0,3,3,14,5,7,2,Semi-Furnished,3.060624146935121,4.571747413763379,3.2831142229333206,5.451393624274504,85.81219800948921,9.414597888335441,12076705.0,26328.0
TXN00970,2025-02-17,Ahmedabad,Bopal,23.02482333059888,72.46199016158339,Villa,2370.0,4,4,23,12,13,1,Furnished,3.443474139652102,3.495601484696839,2.957052017562813,28.551457883102387,76.4567191529219,9.749126166763764,19749663.0,49329.0
TXN00971,2023-01-28,Ahmedabad,Bopal,23.025237913730617,72.4635303484436,Apartment,2004.0,4,4,15,9,9,2,Unfurnished,2.9645039022370323,3.3648601645624563,2.431494521138113,5.0,89.69910371750284,9.128254937306473,14445289.0,32803.0
TXN00972,2019-04-08,Ahmedabad,Shela,23.00565827378154,72.46893089278043,Row House,2466.0,5,4,19,2,9,1,Furnished,3.9771035036317697,3.6544749905196907,3.1951107371009746,11.008091523716793,95.15238601324754,10.109634077896839,17598596.0,42532.0
TXN00973,2023-04-12,Ahmedabad,Satellite,23.030784758634983,72.52077843653758,Apartment,2069.0,4,4,13,10,10,1,Furnished,2.347560495229157,2.2658844441344423,2.50764684378563,18.262911344160702,76.254085535137,6.867702403837921,24455227.0,50188.0
TXN00974,2022-01-19,Ahmedabad,Maninagar,22.99403974373841,72.59853700111285,Row House,1878.0,3,4,14,7,14,0,Semi-Furnished,3.157398966241232,2.780286463435071,3.1046209140153844,9.133914288259206,67.75586329904702,7.3896583736772445,13285439.0,34722.0
TXN00975,2023-07-19,Ahmedabad,Prahlad Nagar,23.013638326982203,72.50728300542858,Apartment,2657.0,5,4,14,5,18,2,Furnished,2.4885820711595965,2.3353359162271774,2.0765682789488844,8.051774102416957,78.29387167501994,8.59825949031575,34404777.0,80750.0
TXN00976,2025-01-22,Ahmedabad,Thaltej,23.051673389291814,72.51569124276253,Apartment,1168.0,2,2,3,5,17,1,Semi-Furnished,2.5314669477980805,3.261475192508516,2.1236249548790824,20.053269297249887,73.63529014120496,8.89668558971413,11261116.0,25353.0
TXN00977,2022-10-15,Ahmedabad,Vastrapur,23.04054036565716,72.52546701285726,Apartment,784.0,1,1,10,1,16,1,Unfurnished,2.4383642881514387,2.9417809704589124,2.325413201775412,5.0,69.7480402478535,8.539295173598783,7486186.0,17550.0
TXN00978,2019-05-30,Ahmedabad,Satellite,23.03348476365646,72.52501341197043,Apartment,2514.0,4,3,10,3,13,1,Semi-Furnished,1.9365431257694348,2.7869653076832144,3.0011567052350436,19.35006881661639,65.72158592582711,10.271997053037127,28951761.0,65623.0
TXN00979,2020-10-29,Ahmedabad,Gota,23.090593493913758,72.54096017986413,Row House,635.0,2,1,7,6,13,2,Semi-Furnished,2.808212981373291,2.4699072364445924,2.5923833388589546,9.757996707606448,87.66654326631817,10.594525878108955,4870806.0,12328.0
TXN00980,2022-09-20,Ahmedabad,Bodakdev,23.041811892473234,72.50434445063159,Villa,2653.0,5,4,3,7,7,0,Furnished,2.1787483731915525,3.3870920069171038,2.81608108376002,9.148803347306412,74.44540895938964,11.452769276670022,38652687.0,93478.0
TXN00981,2019-10-17,Ahmedabad,Shela,23.006622409053847,72.46331900899015,Apartment,1521.0,3,4,3,7,7,0,Unfurnished,2.7028963259983207,3.173678036422073,3.7102943226917575,20.718328147011555,89.9007365825737,12.185406167465526,10132031.0,22083.0
TXN00982,2024-07-02,Ahmedabad,Satellite,23.028751692727727,72.51812550042463,Apartment,1315.0,2,1,15,7,14,2,Semi-Furnished,3.0641734791193893,1.8530308589168782,1.6415441514714073,8.623818872960957,65.20172926753118,6.941203394339391,13856596.0,35666.0
TXN00983,2024-12-07,Ahmedabad,Bodakdev,23.039936015958318,72.51703313422313,Villa,961.0,3,3,21,10,19,1,Semi-Furnished,2.4022779467685806,2.8781900787518007,3.201279482258895,13.02132439093035,79.47100108022474,10.123439322483263,13785070.0,27483.0
TXN00984,2024-04-27,Ahmedabad,Vastrapur,23.041677040946126,72.52589065857512,Apartment,1417.0,3,3,0,3,12,2,Furnished,2.5389152682133544,2.5061946470915504,3.420834963590407,13.887917540215893,67.9857834009407,9.560494829912132,18725444.0,38534.0
TXN00985,2024-01-22,Ahmedabad,Chandkheda,23.11257422946,72.58330761159549,Apartment,1646.0,3,4,12,8,14,1,Semi-Furnished,2.423708307749857,3.1922158584257434,2.6642751722577236,13.428040129545316,73.42906352052302,9.390198817979119,11607170.0,25650.0
TXN00986,2024-07-30,Ahmedabad,Bodakdev,23.03846913375445,72.4960687000184,Apartment,981.0,3,4,13,5,7,2,Semi-Furnished,2.127466188749398,2.3834318062265343,1.9218173561228378,8.399474426132938,88.63401272994511,10.589858724078308,14628334.0,29929.0
TXN00987,2024-08-03,Ahmedabad,Chandkheda,23.104213045148025,72.5798303324808,Row House,1356.0,2,3,0,5,5,1,Unfurnished,2.797229362657589,3.7794379255334474,2.8164725171906064,19.317859671090773,83.07535216084801,11.334647351833318,9635247.0,20461.0
TXN00988,2024-07-24,Ahmedabad,Prahlad Nagar,23.0141755782819,72.51072690490759,Apartment,881.0,2,3,19,6,12,2,Unfurnished,1.951662183596112,2.452976328424459,1.8691286241594436,5.0,76.72098885041817,8.484823989390792,10227138.0,23318.0
TXN00989,2021-10-27,Ahmedabad,Bopal,23.03099955757712,72.46124923704294,Row House,1634.0,4,4,21,5,18,2,Semi-Furnished,3.480832139060429,3.3605992557259246,3.307613096452708,5.0,80.98992410446208,9.43332642292432,13308094.0,31879.0
TXN00990,2022-10-31,Ahmedabad,Maninagar,22.99500689120193,72.60907172777193,Apartment,1110.0,2,2,7,7,12,2,Unfurnished,2.8058182074350646,2.5554220745701293,2.523058480188823,14.292641108043565,64.91938824079956,4.285422064533452,6669010.0,17552.0
TXN00991,2024-01-11,Ahmedabad,Gota,23.08486837759286,72.5489056275959,Apartment,1710.0,3,2,2,6,18,0,Unfurnished,1.6857922884037808,4.377859124972747,3.6520077794995567,11.752814511155737,88.26210259495767,7.523091614468603,11446263.0,28890.0
TXN00992,2023-02-01,Ahmedabad,Maninagar,22.997645259306452,72.59840854428523,Apartment,1683.0,2,2,0,11,14,1,Semi-Furnished,3.1439595596492698,2.6307968590628077,2.5617219011803307,16.578527412476962,69.21024655844234,9.164264732322792,13540102.0,28995.0
TXN00993,2021-04-24,Ahmedabad,Satellite,23.031085427850652,72.52263739083998,Apartment,1875.0,3,2,7,2,19,2,Furnished,2.4260945549237998,2.7150365977550197,1.9580624780681672,11.972191565853525,82.92217708606535,7.203586308387406,22686421.0,48869.0
TXN00994,2023-11-11,Ahmedabad,Shela,23.01492908101793,72.46525181174087,Apartment,956.0,1,1,13,2,5,2,Furnished,3.4423113706117574,4.539036909655933,3.6951015359617285,18.197292972704133,94.797305444133,11.452778446205931,7386911.0,14865.0
TXN00995,2023-06-10,Ahmedabad,Prahlad Nagar,23.01981680919146,72.51094936774237,Apartment,2616.0,5,4,15,9,17,0,Semi-Furnished,2.656324147948759,2.0411638333024893,2.5522063166823243,19.460001859820448,82.23976790302521,12.229685057580534,33321068.0,68735.0
TXN00996,2025-01-10,Ahmedabad,Gota,23.09529971043402,72.54032190245357,Apartment,1389.0,2,2,15,6,16,2,Unfurnished,1.9019285762428735,3.6496396115842478,2.072924633032877,18.57405441161356,78.2194713075042,9.631122689376443,10693874.0,23256.0
TXN00997,2025-01-26,Ahmedabad,Satellite,23.024586033714108,72.51699044828918,Apartment,1707.0,3,4,7,8,9,0,Semi-Furnished,1.4509229279970788,2.603729370185055,2.510784107083549,13.639692383345096,75.82580644784973,6.995219537996093,18137422.0,41636.0
TXN00998,2022-07-19,Ahmedabad,Vastrapur,23.04413237767608,72.52925547849988,Villa,2517.0,4,4,20,9,17,1,Furnished,1.9113248210738356,2.781577684021597,3.079459044302304,7.750407068236614,81.71512471393432,10.322184178364362,29600469.0,64861.0
TXN00999,2024-07-22,Ahmedabad,Maninagar,22.994651420553996,72.59726797519072,Apartment,1195.0,2,1,14,6,19,1,Unfurnished,2.6045795677324195,2.3784881458766867,3.3215217075128907,16.865333865736527,58.6272598248007,9.938584410335794,8358951.0,19589.0
TXN01000,2019-07-29,Ahmedabad,Thaltej,23.058173347681716,72.52034936548493,Apartment,802.0,2,3,21,10,13,2,Unfurnished,2.784497680640172,3.771824028740918,2.5415054641368786,24.61020626639514,66.35854833242531,7.110751547593088,7468700.0,15920.0
TXN01001,2023-01-17,Ahmedabad,Satellite,23.0276000224532,72.52322381617762,Apartment,2072.0,3,3,8,4,5,0,Furnished,2.6822790230555906,2.4618736730899498,2.5466052375164927,17.0917456126946,82.55412340951588,8.676866494836796,25822031.0,56976.0
TXN01002,2019-01-15,Ahmedabad,Chandkheda,23.109681719482527,72.58421878250923,Apartment,613.0,1,1,24,1,19,2,Furnished,3.29059335999151,3.0055448824253195,3.3757731388701746,5.0,80.26306373728096,9.671415780750557,4660973.0,11035.0
TXN01003,2021-10-01,Ahmedabad,Vastrapur,23.04279048608973,72.53390838287557,Row House,1447.0,3,4,0,2,8,2,Semi-Furnished,2.9391781639387506,2.7967250947718765,2.5976218581294335,6.983896396626637,68.51295843795394,10.04619935367849,16537188.0,38493.0
TXN01004,2021-09-10,Ahmedabad,Prahlad Nagar,23.015873484138535,72.50817957133049,Apartment,1691.0,3,2,18,2,7,2,Furnished,2.0851196961083964,1.891231071672661,1.361460851725234,5.0,76.6078918733233,8.642044669655757,23454533.0,50590.0
TXN01005,2024-10-19,Ahmedabad,Thaltej,23.049418692160582,72.51725698759874,Apartment,1276.0,3,3,21,7,7,0,Furnished,2.554729333582432,3.059877408363505,2.3666801888451445,21.559538424791985,87.81790726968083,9.063127650578378,13080945.0,30070.0
TXN01006,2022-09-27,Ahmedabad,Thaltej,23.051823512071824,72.51394229119374,Row House,877.0,2,2,7,8,14,1,Unfurnished,3.270127135659782,3.2668399636467975,3.802993144179664,13.499108451395236,71.64370474975192,10.306587280191728,8769277.0,17509.0
TXN01007,2022-02-03,Ahmedabad,Prahlad Nagar,23.01753835444973,72.5054266331935,Villa,596.0,1,2,7,4,11,0,Furnished,2.666835259036288,2.1424782039540076,2.5939018662512985,15.418990885575433,89.11913499700908,9.98120360612676,7591929.0,18410.0
TXN01008,2023-03-19,Ahmedabad,Gota,23.08628552473458,72.54808360800185,Villa,888.0,2,1,19,5,15,0,Furnished,3.008972850418333,4.289903269401136,3.191534737447506,8.621437293274045,82.43334634846717,8.321719724217036,6861546.0,17644.0
TXN01009,2023-04-14,Ahmedabad,Vastrapur,23.04168971511707,72.53660690430263,Villa,2268.0,5,4,6,1,8,0,Unfurnished,1.6977003243574624,2.029779151868921,2.092282000686266,23.333942048056972,72.73230376937464,10.06129835190255,24027643.0,51931.0
TXN01010,2021-03-17,Ahmedabad,Thaltej,23.053096941766075,72.51787523028466,Villa,655.0,1,1,14,3,14,2,Unfurnished,2.6214982684151353,3.2428429968373607,2.6436805190187225,22.879629775733093,74.17658719047189,9.540423125000432,6336672.0,14246.0
TXN01011,2019-05-21,Ahmedabad,Thaltej,23.052701721885107,72.5143837325671,Row House,1664.0,4,4,3,4,18,2,Unfurnished,3.2001915887334484,3.536665841956535,2.0566371835836783,8.659255182180742,79.80108084330952,5.9576739142219814,15495734.0,36521.0
TXN01012,2023-01-17,Ahmedabad,Bopal,23.03782972000767,72.46568870886357,Apartment,686.0,1,1,23,10,17,1,Semi-Furnished,1.8314044166588093,3.3835715482960915,2.7765859228992125,7.209257878162765,83.0147710135257,8.26738175416093,5096674.0,12264.0
TXN01013,2022-04-17,Ahmedabad,Shela,23.00056516398615,72.46658809904417,Apartment,2717.0,5,4,16,8,15,2,Semi-Furnished,2.568397138797492,2.2890306474657915,2.6820074109572487,21.984257164122567,95.84554520632071,10.434007383142196,18907970.0,37432.0
TXN01014,2024-01-27,Ahmedabad,Vastrapur,23.0368541451729,72.52424924290813,Apartment,1117.0,2,3,19,5,16,2,Furnished,2.5775419818171175,2.8476640825163018,2.2253873325357616,10.112223693762623,83.24173069618648,8.264470887260151,13610792.0,30815.0
TXN01015,2024-06-30,Ahmedabad,Bopal,23.028453473062545,72.46950484954539,Apartment,1318.0,2,1,16,1,7,0,Unfurnished,2.397111109881665,2.8539943172772473,3.398308740282179,5.49881322263911,82.34568945280574,11.792778270213297,9816781.0,22351.0
TXN01016,2021-12-11,Ahmedabad,Bopal,23.02872429239468,72.4640769642065,Row House,2501.0,5,4,24,10,18,0,Semi-Furnished,3.1537258784120734,3.189532584218454,2.3145402993921422,18.595038129222907,82.21899523881959,9.65768937620759,20590589.0,43885.0
TXN01017,2019-12-15,Ahmedabad,Prahlad Nagar,23.015374998397345,72.50774857350254,Row House,951.0,1,1,9,3,13,0,Unfurnished,1.909731451991486,2.16877806210974,2.345829311032208,11.166441445085711,92.12272845877388,9.242410579670551,10780893.0,25799.0
TXN01018,2025-02-25,Ahmedabad,Bopal,23.03916289691927,72.46424696172001,Villa,555.0,1,2,2,9,17,0,Semi-Furnished,3.3759354580970986,4.315723126646624,2.862952907740135,13.34281506350603,75.05198156253039,10.885374971065646,4735727.0,9779.0
TXN01019,2025-11-07,Ahmedabad,Gota,23.093207570080438,72.5301412192781,Apartment,574.0,2,1,10,2,7,0,Semi-Furnished,2.8808311082479254,2.999827074484902,1.5641147019258186,16.896352650769686,88.01760086209218,8.724509156552429,4258087.0,10666.0
TXN01020,2019-12-29,Ahmedabad,Maninagar,22.99300483801065,72.59821036735104,Apartment,2599.0,5,4,1,10,19,0,Semi-Furnished,2.436779815831685,2.242911012091669,2.40753083542938,9.365045402763405,67.69887308335726,6.650936955114846,18806457.0,44113.0
TXN01021,2023-08-30,Ahmedabad,Prahlad Nagar,23.019317521919866,72.5091983685378,Row House,1756.0,3,3,15,4,9,0,Furnished,2.573162941512297,2.7521707350831472,2.6217856170212634,5.0,84.6184600007345,8.539286337184947,22959222.0,57704.0
TXN01022,2020-04-02,Ahmedabad,Prahlad Nagar,23.015104264490947,72.5085586803291,Apartment,2706.0,5,4,14,11,18,1,Furnished,2.937400898642266,3.0548636782327767,2.061012193087061,18.184173085604254,77.75577389437895,9.630646126890547,36205942.0,80265.0
TXN01023,2019-08-14,Ahmedabad,Prahlad Nagar,23.013464121995803,72.50249743725479,Apartment,1523.0,3,2,1,10,17,1,Furnished,2.641285117765456,1.5945470436308982,2.8920136838789876,10.846145216001915,84.82933836031576,9.426983204035285,23000899.0,47975.0
TXN01024,2023-08-25,Ahmedabad,Maninagar,22.995594553537853,72.60537838287854,Apartment,1052.0,3,4,12,4,12,1,Semi-Furnished,3.1153114801198054,3.2520437092339645,2.588113547004868,34.09512012306223,70.28746648897472,6.655252831290172,6934079.0,17744.0
TXN01025,2020-10-31,Ahmedabad,Gota,23.095410656378622,72.53833566944112,Villa,1511.0,3,3,15,1,11,1,Unfurnished,2.4143956352164144,3.5509176689908584,2.822371355876317,9.292732240659438,87.13071882094209,10.888280439700106,11916607.0,25323.0
TXN01026,2021-10-28,Ahmedabad,Gota,23.08613393243459,72.54915814897939,Apartment,2723.0,5,4,0,1,17,2,Semi-Furnished,3.5538043448976815,3.7133536550932087,2.4741815684494743,5.0,77.647048569202,8.348192744080077,21766045.0,50383.0
TXN01027,2023-11-25,Ahmedabad,Gota,23.091112484878916,72.54175592478187,Row House,1052.0,3,4,18,3,4,2,Semi-Furnished,2.839298370712379,2.685093564098097,1.616159265809731,5.381642906059495,92.13248101635993,11.721000734782232,8543532.0,17549.0
TXN01028,2020-04-03,Ahmedabad,Thaltej,23.055571440532844,72.50861157152232,Row House,2779.0,5,4,12,3,12,0,Furnished,2.7870301408681075,3.1016292995728114,2.729167316820406,12.523682374652314,80.35817710572103,9.582420945432494,28933083.0,66376.0
TXN01029,2025-03-15,Ahmedabad,Bodakdev,23.037008893773514,72.50435958478926,Apartment,1119.0,2,2,20,6,11,1,Unfurnished,2.031718444021797,2.711983416335229,2.2925720389554365,13.236224648078489,81.16704340884408,10.036705147182115,13742159.0,30867.0
TXN01030,2024-08-09,Ahmedabad,Gota,23.082176696696333,72.54569938248326,Apartment,2594.0,5,4,16,10,12,2,Semi-Furnished,3.049283740747864,2.995453126017818,1.8027657491626465,6.809821785581328,81.48129623813378,10.331694044414819,20527157.0,43511.0
TXN01031,2019-04-28,Ahmedabad,Maninagar,22.99614885332452,72.60419416444542,Villa,962.0,1,1,3,10,18,1,Semi-Furnished,2.566297258853851,2.8375860488635296,2.555896509303927,13.450216496910617,71.65678579305154,6.802859766426572,6764704.0,16867.0
TXN01032,2025-01-09,Ahmedabad,Vastrapur,23.041738711912096,72.53638413439337,Apartment,935.0,2,1,5,9,17,2,Furnished,3.163520067515128,3.1373000576658123,1.4842680804965005,20.490228425897108,88.78209606097043,11.188909694748459,11855572.0,22895.0
TXN01033,2022-01-28,Ahmedabad,Thaltej,23.05543671153221,72.5110429157356,Villa,2460.0,4,4,23,3,7,0,Semi-Furnished,2.400592035343168,2.4052468084176826,2.250171900957522,15.177930290807979,76.36562541922521,8.947904136756716,23995673.0,53199.0
TXN01034,2024-03-30,Ahmedabad,Bodakdev,23.033103048855875,72.50638318039819,Villa,718.0,1,1,20,6,13,2,Semi-Furnished,2.491624140664612,3.2302009668850213,1.6024316487197314,12.524655732367485,80.9361970849871,6.66853147179847,9977554.0,20066.0
TXN01035,2024-09-17,Ahmedabad,Satellite,23.028809519852686,72.52072440901,Apartment,1992.0,3,4,18,4,18,2,Unfurnished,2.4691501819225037,2.255121244671145,3.232958542323244,17.842803229605753,79.52349054962973,10.515068142432428,22307070.0,47286.0
TXN01036,2020-01-25,Ahmedabad,Bodakdev,23.04360794739769,72.50559600245187,Apartment,778.0,1,1,1,8,19,1,Semi-Furnished,2.0246477685866138,2.5305662387720798,1.940660473499328,10.14624369413354,75.28448121577418,9.288301722454499,10835313.0,24062.0
TXN01037,2025-08-09,Ahmedabad,Thaltej,23.050977401628465,72.51522865976108,Row House,1452.0,2,1,5,10,11,1,Furnished,2.373114939888834,2.882546213708535,2.3172574001426764,20.668245994996404,77.66232003033996,7.853102658309261,14592973.0,34296.0
TXN01038,2022-04-11,Ahmedabad,Vastrapur,23.035812566818525,72.53271456378752,Apartment,2246.0,5,4,6,1,19,0,Semi-Furnished,2.4536696545367684,2.6202143421894277,1.3523290209869747,5.0,68.48698438140367,10.961774986646725,25780797.0,50789.0
TXN01039,2019-08-01,Ahmedabad,Vastrapur,23.039541475434202,72.53965231494708,Villa,2613.0,5,4,10,5,11,0,Furnished,3.144313488002349,2.230648522627908,1.8575990032133936,13.313361145467448,70.90909075225998,9.262565519322099,30212127.0,68331.0
TXN01040,2025-02-27,Ahmedabad,Vastrapur,23.047024297288594,72.53027755853846,Row House,2414.0,5,4,13,2,7,2,Furnished,2.4480652013921156,2.2185166038060586,2.787767528741894,21.309910162666398,69.70692770169279,10.341031592687024,28018507.0,64406.0
TXN01041,2025-05-28,Ahmedabad,Vastrapur,23.043632869723336,72.53475004749662,Villa,1438.0,2,3,11,12,18,2,Semi-Furnished,2.595406967856411,3.02892765969387,1.983135687836822,9.915823861919012,71.88863207843251,8.764591911410568,15398859.0,35658.0
TXN01042,2024-04-26,Ahmedabad,Chandkheda,23.1122973983701,72.58040036429131,Apartment,784.0,1,1,14,12,19,1,Semi-Furnished,2.60845515856071,3.396177976675508,3.1828333818044867,5.0,80.1259612603058,12.346364324363234,6208301.0,12566.0
TXN01043,2019-12-16,Ahmedabad,Bodakdev,23.040560749425268,72.51460841444964,Apartment,1985.0,4,3,22,5,9,1,Furnished,3.1006518637434217,3.607275692552082,1.2357919003155453,10.96070632407495,84.6502288499069,10.337361321149958,31564507.0,68024.0
TXN01044,2021-10-17,Ahmedabad,Prahlad Nagar,23.015023446056723,72.51326022508582,Apartment,684.0,1,2,15,6,18,1,Semi-Furnished,2.3339570704525285,2.4915061126368565,1.563736773982153,19.072478427944578,90.11961161279694,8.65428175657935,8511741.0,20405.0
TXN01045,2021-12-22,Ahmedabad,Maninagar,22.994234037876584,72.60562326154114,Apartment,1163.0,3,3,5,12,19,1,Unfurnished,2.8593055065902866,3.1639364216454102,1.623831259847501,16.948879693570937,62.408760260388576,9.819421594651095,8501967.0,18756.0
TXN01046,2019-02-19,Ahmedabad,Shela,23.003566681548776,72.47146500694373,Villa,1754.0,4,4,6,3,19,1,Unfurnished,3.2369906423821204,4.11476658631315,3.5477741979895976,10.634568195378824,76.54037997039524,10.918302668206088,11448705.0,23810.0
TXN01047,2024-01-01,Ahmedabad,Satellite,23.030929595849656,72.5267668317886,Row House,949.0,2,3,24,6,9,2,Furnished,1.667391525819328,2.552305448557918,1.3689172993156633,19.125102998636045,66.6612716008824,8.03908992751327,11916572.0,26628.0
TXN01048,2025-03-11,Ahmedabad,Bopal,23.028907132667214,72.46312790084384,Apartment,2096.0,4,4,4,4,7,0,Semi-Furnished,2.05363691811482,3.265969927398535,2.749644850645148,5.0,85.61451466150447,9.192048067694502,16106082.0,35156.0
TXN01049,2020-06-15,Ahmedabad,Prahlad Nagar,23.018096109287427,72.50491712474793,Apartment,1412.0,2,2,4,4,10,1,Semi-Furnished,2.8142942398590822,3.1548307835385927,2.9705634703267982,20.31176591081833,71.0811431371726,11.21183437176294,19167624.0,42019.0
TXN01050,2021-03-23,Ahmedabad,Prahlad Nagar,23.0121238131538,72.51096773170596,Apartment,858.0,2,3,18,9,16,2,Semi-Furnished,3.1926411646496042,2.566064484851001,2.2727388834843496,15.401432623739225,80.19615611486448,9.028822369490522,11079668.0,23029.0
TXN01051,2022-05-14,Ahmedabad,Bopal,23.03822224417504,72.46099106745594,Villa,2724.0,5,4,7,3,19,1,Semi-Furnished,2.646543666758223,2.597785267870007,2.981228163627732,15.644492217009585,85.61089513931162,8.55694326171014,20302607.0,46602.0
TXN01052,2021-02-12,Ahmedabad,Shela,23.00542678221755,72.47159394755394,Villa,870.0,2,2,8,12,15,2,Furnished,3.665138944376321,4.136228549419559,3.4769637458039426,5.0,90.81909692108621,11.123654686535929,6742170.0,14013.0
TXN01053,2025-07-02,Ahmedabad,Thaltej,23.049698376687985,72.51694772176437,Apartment,2379.0,4,3,19,5,16,1,Furnished,2.591481036829107,3.1940522930957287,2.8119954801815896,5.0,71.04152234268159,10.453059449280982,25005603.0,56963.0
TXN01054,2024-10-23,Ahmedabad,Thaltej,23.04518118882167,72.51893425559473,Apartment,864.0,2,1,14,1,12,0,Furnished,3.5427498479200716,2.5117369550139865,2.556584329146701,11.481442328293557,73.27445946211144,8.638261311944838,8365481.0,21584.0
TXN01055,2024-11-04,Ahmedabad,Gota,23.090270435195112,72.54707659668809,Apartment,1246.0,3,4,0,11,14,0,Furnished,3.049384423436038,3.4543390404929433,2.661384587472604,9.30741079821387,70.51833518893879,8.936780895686764,10400110.0,23949.0
TXN01056,2024-07-24,Ahmedabad,Gota,23.081362463592946,72.54114238414934,Apartment,2305.0,4,4,23,2,11,0,Unfurnished,1.8240509530528866,3.2749786988908727,2.4528720961735235,7.730060414117256,83.49713207204144,7.620468979918778,16672956.0,38423.0
TXN01057,2022-04-12,Ahmedabad,Gota,23.08737477058882,72.53562176305977,Villa,1337.0,3,3,11,11,11,0,Semi-Furnished,2.4782194856643827,3.255581598703429,2.599140075324118,6.350307444025706,83.77695627687555,10.098269385266601,10174896.0,24372.0
TXN01058,2024-03-01,Ahmedabad,Prahlad Nagar,23.010746132153248,72.5046498980181,Row House,1235.0,1,1,13,12,14,0,Semi-Furnished,2.2331411629349014,3.3126845571886627,1.6921382747882419,6.311037268222798,78.16562938103225,10.641583855795092,15034476.0,35548.0
TXN01059,2021-04-03,Ahmedabad,Bodakdev,23.033214251144905,72.50085464113235,Apartment,873.0,2,3,6,6,10,0,Furnished,2.665763279197138,2.7553759811496623,1.4922209114366178,5.028871306300607,82.21871066139622,8.049676763395942,11711786.0,30362.0
TXN01060,2021-05-18,Ahmedabad,Gota,23.09003278801724,72.54552314681774,Villa,2496.0,3,2,9,3,18,0,Furnished,2.591253907204416,3.2480098446231254,2.438709978500536,14.24923839931673,88.5361244242803,11.347088459842109,20699733.0,44819.0
TXN01061,2020-12-08,Ahmedabad,Bodakdev,23.039860710639385,72.50326226470148,Villa,1920.0,3,4,10,10,12,2,Semi-Furnished,3.059173898890462,2.0167383508467367,2.637987988371655,15.701016907055262,75.95919020293525,10.095507210215903,25879770.0,57881.0
TXN01062,2022-11-22,Ahmedabad,Bopal,23.032640465491387,72.46774175720705,Apartment,1529.0,2,2,17,10,14,0,Semi-Furnished,3.3749977591632074,2.677898831795997,2.56592360360244,18.62032422806242,82.67783331678338,6.922445146946432,11612193.0,29244.0
TXN01063,2024-02-18,Ahmedabad,Prahlad Nagar,23.014102175264625,72.50087738409154,Apartment,1375.0,2,3,4,9,15,1,Semi-Furnished,2.367758229154363,3.4772901638054217,2.439084515005427,8.388794175049245,73.00947479950733,10.059434345641975,18397520.0,38625.0
TXN01064,2023-02-26,Ahmedabad,Satellite,23.033559597452975,72.51737993318835,Apartment,819.0,2,2,15,10,10,1,Unfurnished,2.360828266171214,3.3218892139057483,2.6178341607445494,16.610198841922106,70.2008188174305,10.625707961744554,9481702.0,20536.0
TXN01065,2019-12-22,Ahmedabad,Thaltej,23.058092257709113,72.51615550553343,Row House,2072.0,3,4,24,6,18,1,Unfurnished,2.7836494729463257,2.5256775284113893,1.9551157339453853,11.828037700960124,70.71752716284229,8.052343059302085,19902204.0,39687.0
TXN01066,2025-04-27,Ahmedabad,Maninagar,23.004432527461336,72.60330067016423,Apartment,1340.0,3,2,12,12,15,1,Semi-Furnished,1.868343158403849,2.812236583578031,3.6389765918146133,17.10919981549371,79.51496298065922,11.098570427333627,11782479.0,25057.0
TXN01067,2020-11-11,Ahmedabad,Bopal,23.029333033841908,72.4696417985515,Apartment,2766.0,5,4,0,3,12,0,Semi-Furnished,2.4930846678192604,2.5464819987427036,2.9595871765640407,5.193170994051103,82.14348061811498,8.71394445328726,21649054.0,52629.0
TXN01068,2023-02-14,Ahmedabad,Vastrapur,23.036993795485948,72.53374247087459,Apartment,1697.0,3,2,15,5,13,1,Furnished,1.8305460518238619,1.990509898878512,2.1412292916764493,23.70797414795727,67.35182856151079,9.10726801165432,18352338.0,42991.0
TXN01069,2019-12-17,Ahmedabad,Bodakdev,23.04066486368527,72.50588807107049,Apartment,1653.0,3,3,11,3,9,0,Furnished,2.295678160645034,1.8276562908640146,2.3383184999855824,13.71758934859006,77.98725279911712,11.47347241952778,23985444.0,52510.0
TXN01070,2019-08-12,Ahmedabad,Prahlad Nagar,23.015778264225247,72.51086102954737,Apartment,1599.0,3,2,12,11,13,0,Furnished,2.048152682680544,1.9509124079623348,2.2987562094981087,18.389397492340102,77.29970487998602,9.40055165449755,22141289.0,48704.0
TXN01071,2024-07-27,Ahmedabad,Chandkheda,23.11071797344163,72.58256655315012,Apartment,1983.0,3,3,11,6,15,2,Semi-Furnished,2.2236830680209723,3.00655170663551,3.32235180106422,8.951770881448947,79.3261590417815,9.699525537581366,14354961.0,32226.0
TXN01072,2024-07-20,Ahmedabad,Chandkheda,23.110310306428463,72.58458135772213,Apartment,1993.0,3,2,14,4,9,0,Furnished,1.9827385408844853,3.1333581570251514,3.0562491926154225,10.799179164687855,78.94733934690032,9.969212117396786,15856668.0,36571.0
TXN01073,2023-07-30,Ahmedabad,Chandkheda,23.10981879682725,72.58144795871813,Row House,1445.0,3,3,18,1,19,1,Semi-Furnished,3.0718658140216584,4.141452017501295,3.3219291367916077,10.634923703767752,78.7918181866722,10.177465873633382,10460939.0,24809.0
TXN01074,2019-06-22,Ahmedabad,Bodakdev,23.038533420770964,72.50552529595926,Villa,2596.0,5,4,22,1,9,2,Semi-Furnished,2.4331905096429103,2.9896821760234835,3.0202353963459587,5.0,93.10250120834868,11.387989388728654,38789254.0,80220.0
TXN01075,2020-02-18,Ahmedabad,Bopal,23.036561906217635,72.46460321551966,Apartment,1278.0,3,2,17,3,9,1,Semi-Furnished,3.077223322281249,4.1645874258551725,2.7644644018000766,18.346879687894866,82.82142428233739,8.287516110114932,9458356.0,24646.0
TXN01076,2022-05-30,Ahmedabad,Gota,23.092839274493045,72.54640344918501,Villa,1902.0,3,4,6,4,16,1,Furnished,3.7420319755686497,3.083326573208185,3.284055977496114,13.592826676822067,82.32993055745635,9.147104318686162,16648528.0,36615.0
TXN01077,2019-06-08,Ahmedabad,Bodakdev,23.04089066555819,72.50120325221215,Apartment,1070.0,3,2,10,5,9,0,Unfurnished,1.7286024690343864,2.714796749132339,1.9487656801381332,5.0,68.23965614219077,9.025940529824299,12537497.0,31378.0
TXN01078,2023-08-26,Ahmedabad,Bopal,23.029075576274558,72.46864307860517,Apartment,1371.0,3,3,6,3,6,2,Semi-Furnished,2.361242018917645,3.3485734507802483,3.1684621325239632,5.0,79.39341114222697,7.4074648113722885,10834360.0,24260.0
TXN01079,2020-04-22,Ahmedabad,Vastrapur,23.03481690848477,72.53268394778998,Villa,571.0,1,2,13,4,16,0,Furnished,2.3526749788963146,2.110764819770907,2.286585211138968,24.29072845264735,63.804481054530584,8.403021417233823,6133451.0,13810.0
TXN01080,2024-08-29,Ahmedabad,Bodakdev,23.038134713151244,72.50506730391301,Apartment,625.0,1,2,20,9,17,1,Semi-Furnished,1.9079690878646733,2.489743384964849,2.0200517700287195,14.036841386446596,66.2697930044572,10.127777087561569,8733327.0,17184.0
TXN01081,2025-03-03,Ahmedabad,Prahlad Nagar,23.00837694028879,72.50803728721426,Apartment,2053.0,4,3,21,3,7,2,Semi-Furnished,1.9592729546438052,3.262274210811326,1.4690719396168646,10.05929584411955,90.03160728832655,8.410008943190848,25050123.0,56121.0
TXN01082,2023-08-26,Ahmedabad,Gota,23.08726176760836,72.54050631710871,Apartment,2509.0,5,4,14,11,19,0,Semi-Furnished,2.6818843550844407,4.062174108078908,2.9152749258283883,10.50252368988999,77.90421821716701,8.764285401272812,18534874.0,45744.0
TXN01083,2022-07-07,Ahmedabad,Bopal,23.02184925293479,72.46316717349802,Apartment,2584.0,4,4,2,2,15,2,Unfurnished,2.4793941994106663,2.6381538556916357,2.5761595091938765,5.0,85.87536781877347,10.465280974642836,20812315.0,43066.0
TXN01084,2021-12-31,Ahmedabad,Bodakdev,23.040327988083558,72.50559806767815,Apartment,2115.0,4,4,6,6,7,2,Semi-Furnished,2.689267425228382,2.76603502653736,2.1492279024561647,20.979126869368695,80.8567349563955,10.171049711597487,29049369.0,67801.0
TXN01085,2024-10-08,Ahmedabad,Bodakdev,23.035674665188022,72.5053823421802,Apartment,955.0,2,1,24,5,16,1,Furnished,3.036881468950124,2.0660884997729414,2.42741607997601,5.0,78.57223817279149,9.292432639513258,13927617.0,31184.0
TXN01086,2019-03-15,Ahmedabad,Satellite,23.035606775802744,72.5155424002612,Apartment,2105.0,3,3,1,9,17,1,Semi-Furnished,2.0236214651431492,2.240332384951203,2.004260462115418,12.210781715986624,63.793519426852924,10.681378710431982,24571065.0,50135.0
TXN01087,2020-10-26,Ahmedabad,Shela,23.009588551926313,72.47313660264024,Apartment,771.0,1,1,12,5,9,1,Unfurnished,2.7935980312996476,3.740124048629608,2.581010648406424,11.629346947867287,82.82810774807542,10.810589110638592,5211971.0,11172.0
TXN01088,2021-12-08,Ahmedabad,Gota,23.092238807801216,72.54530746782729,Apartment,1523.0,3,4,14,7,14,0,Unfurnished,2.617413299978498,3.2341910393057924,3.2761370212819414,5.0,85.0195684572592,8.093938551866211,10554718.0,23762.0
TXN01089,2023-05-24,Ahmedabad,Prahlad Nagar,23.01383334472099,72.51031581772232,Apartment,2757.0,5,4,12,7,18,2,Furnished,2.2258244652116947,1.7145871276136044,2.4439310816151214,6.227148182062604,67.63351205408523,7.528060621307782,38077458.0,79223.0
TXN01090,2023-01-14,Ahmedabad,Prahlad Nagar,23.009578511190558,72.50896910795545,Apartment,1771.0,3,2,0,10,18,2,Furnished,2.1171392218562035,2.8028951603309347,2.7730472558048023,14.16343216341694,64.9130651116163,8.12585116514769,24089219.0,49610.0
TXN01091,2023-02-11,Ahmedabad,Prahlad Nagar,23.008011655544408,72.50706257804694,Apartment,2441.0,5,4,5,9,15,2,Semi-Furnished,1.6903838659800794,2.3637553487172074,2.2162874568832227,8.33104669596987,80.50102615452455,7.878514848187892,28789976.0,63303.0
TXN01092,2019-11-10,Ahmedabad,Maninagar,22.999079394789042,72.60483428987469,Apartment,1739.0,3,4,10,12,15,0,Semi-Furnished,2.9266191117710187,3.5874552573794274,2.879147663219379,25.358616305972518,64.10063243122283,10.767962755505184,13834298.0,29180.0
TXN01093,2023-12-24,Ahmedabad,Bopal,23.03170985230327,72.46479518839517,Villa,1802.0,3,4,6,7,17,0,Unfurnished,3.0870732021175735,3.977606776492431,2.8819436278691577,9.198121610509762,86.22535329322984,9.160605693935281,13370768.0,31202.0
TXN01094,2019-06-30,Ahmedabad,Maninagar,22.99628475336889,72.59874923984759,Apartment,1766.0,3,2,14,2,4,0,Semi-Furnished,3.5862424954938064,3.1031160239224524,2.0925958649854435,22.955275438278242,55.476855865275425,7.515522232754864,12451425.0,28677.0
TXN01095,2024-02-29,Ahmedabad,Vastrapur,23.036689676345244,72.53386020433845,Apartment,2329.0,3,2,23,5,11,0,Furnished,2.779295419932759,2.3947295994895375,2.014604678807886,15.24610401363661,80.0280543132605,8.351199035167996,25584977.0,57428.0
TXN01096,2024-07-22,Ahmedabad,Bodakdev,23.043129815132808,72.51006124092149,Apartment,1736.0,4,4,8,8,19,0,Furnished,2.109942038070082,1.9027120192260765,2.780757038403048,10.880981676506693,84.51766155870023,9.92571910312754,23503022.0,56576.0
TXN01097,2025-02-09,Ahmedabad,Bopal,23.03063428963925,72.46736883109433,Apartment,2646.0,4,3,19,2,9,0,Semi-Furnished,2.2749647378786158,3.212305025794051,2.902032499531331,14.754747544934204,69.7422661169742,7.301696275172311,19227872.0,41966.0
TXN01098,2020-06-29,Ahmedabad,Thaltej,23.05068613116764,72.51141292933193,Apartment,1841.0,3,4,21,12,17,1,Semi-Furnished,2.2916517152849494,3.126245841668354,2.43033275741013,17.880443701487188,77.36254296027316,8.591401882808988,17172310.0,38647.0
TXN01099,2022-05-21,Ahmedabad,Chandkheda,23.108192182776296,72.57571402420895,Apartment,891.0,1,1,19,8,10,1,Furnished,2.8345002839701374,3.809091459230961,3.0159164358234047,16.44604769016937,77.73980967252704,8.024483977158454,7014846.0,14283.0
TXN01100,2019-03-01,Ahmedabad,Chandkheda,23.100914491646396,72.58221259848531,Apartment,2501.0,5,4,10,6,14,1,Unfurnished,3.1898642549604137,4.764865239114157,3.292574365065944,5.0,81.08585717020286,9.178001167981044,16134451.0,39713.0
TXN01101,2023-04-27,Ahmedabad,Maninagar,22.992611067968344,72.6046835530886,Apartment,2550.0,5,4,11,2,14,1,Unfurnished,1.905192409884342,3.818055456507807,2.5970256774995244,14.98475489953183,64.7071216539665,8.116372253149205,16277797.0,41086.0
TXN01102,2023-04-28,Ahmedabad,Thaltej,23.05284784778576,72.50950695656671,Apartment,1872.0,3,3,4,10,14,1,Semi-Furnished,2.2525135995716576,3.9021331001891237,3.178081191943016,5.092334985269176,75.20605092903779,8.080482662390837,17104695.0,40986.0
TXN01103,2024-10-07,Ahmedabad,Chandkheda,23.10655170409092,72.5769327349333,Apartment,2421.0,5,4,19,12,17,1,Furnished,2.966399172135662,3.5611449633008516,3.503981983693089,7.503507433586657,72.54881077621147,8.652943444538948,18329366.0,41847.0
TXN01104,2023-04-09,Ahmedabad,Satellite,23.035507038809204,72.52265127492848,Apartment,1289.0,2,3,10,10,11,2,Semi-Furnished,2.3804457262238965,2.5781496359681086,3.019224528922249,22.135236957261622,70.22708678038765,10.439208149650035,14762760.0,34144.0
TXN01105,2022-07-31,Ahmedabad,Chandkheda,23.115673861833237,72.57697167589085,Apartment,2124.0,4,4,19,10,18,2,Semi-Furnished,2.5484192602426785,3.197641916019375,2.1415580821969833,11.857159564090459,84.57178481410222,9.247254615311174,16204446.0,37445.0
TXN01106,2023-03-10,Ahmedabad,Bodakdev,23.04540054842737,72.49868176425059,Apartment,2195.0,5,4,21,5,10,1,Semi-Furnished,2.472170612781457,3.3089643398975874,2.9875416197188898,15.35780042031201,75.82529611268404,8.656537432215387,30000391.0,63292.0
TXN01107,2023-07-30,Ahmedabad,Maninagar,22.983821997102407,72.59912900209777,Apartment,1163.0,2,1,10,6,14,0,Unfurnished,3.1318604438502264,2.75142932371708,2.9290880094845986,10.396561179349227,53.573797886891995,9.144322652308665,8606855.0,18454.0
TXN01108,2021-03-15,Ahmedabad,Vastrapur,23.041234835128204,72.52578344244364,Villa,2075.0,4,3,17,12,14,2,Unfurnished,2.9795354171002133,2.622713088381856,2.40082022920073,8.642014838844535,73.37978257292292,8.912326907837352,21248549.0,48743.0
TXN01109,2024-11-06,Ahmedabad,Vastrapur,23.036098119733193,72.53399788667204,Apartment,1745.0,4,4,20,6,18,1,Unfurnished,2.113626300265072,2.3992162626152522,2.676155696708128,16.25875650274551,76.99835968566025,8.05426589321159,17286345.0,41909.0
TXN01110,2025-11-28,Ahmedabad,Maninagar,22.996565040620936,72.59889906117466,Villa,1367.0,3,3,3,9,16,2,Furnished,2.968374111845451,2.9521636467622723,1.771761162633878,10.785965413164279,71.20679019763062,9.047697150320579,11450648.0,26332.0
TXN01111,2021-03-01,Ahmedabad,Chandkheda,23.10090107713164,72.58016369060262,Apartment,1693.0,3,2,18,12,14,2,Furnished,3.493248068136821,4.238831004809017,3.0352485402235057,11.343602947323712,90.3161906801977,7.4370402165570075,13095324.0,31035.0
TXN01112,2025-07-23,Ahmedabad,Vastrapur,23.04860703590072,72.53182646539815,Apartment,2784.0,5,4,16,8,14,0,Semi-Furnished,2.526021378136335,3.419242851674787,2.813873422828541,21.85242441359499,80.97046814269785,8.902311848079878,26966145.0,75465.0
TXN01113,2024-09-21,Ahmedabad,Satellite,23.024218246724278,72.51501411105451,Apartment,1967.0,3,2,20,3,4,0,Semi-Furnished,3.274923763213438,2.5501372729012766,1.581167114676322,24.165863727340497,70.64365444696746,7.3527594382623,21091995.0,51216.0
TXN01114,2023-01-20,Ahmedabad,Gota,23.092057360200826,72.53608934376292,Apartment,615.0,2,1,15,4,8,1,Unfurnished,1.8856172116372556,2.797705323735969,2.559514063688461,19.700025080855163,74.95903214405817,9.206206652478912,4405860.0,9482.0
TXN01115,2023-12-08,Ahmedabad,Shela,23.009032411441055,72.46641739246033,Apartment,1468.0,4,4,18,8,18,0,Furnished,3.4671316773271523,2.584624821872805,3.120591486376226,5.0,77.97699332004578,7.158772441260596,9530722.0,24418.0
TXN01116,2020-08-04,Ahmedabad,Gota,23.088201263269283,72.54501655948057,Apartment,559.0,1,1,13,8,19,1,Semi-Furnished,2.3596759097054103,3.5011624130769516,3.0961333390639676,17.846314516318703,76.99321647440588,8.477608265152513,4302940.0,9585.0
TXN01117,2019-02-28,Ahmedabad,Vastrapur,23.03779229849418,72.538247352954,Apartment,2212.0,4,4,4,8,8,2,Semi-Furnished,2.8244838836587407,2.576338062990217,2.123165318294317,26.280050955219952,67.94582663388276,8.858197506117799,23001196.0,59492.0
TXN01118,2019-04-28,Ahmedabad,Vastrapur,23.037831737529967,72.5374715843129,Apartment,857.0,2,3,22,6,14,0,Unfurnished,2.343132366956524,2.824655926070952,2.2765114794688044,16.528784003129836,64.1186509308921,8.78934929919843,8561846.0,20456.0
TXN01119,2019-08-13,Ahmedabad,Bodakdev,23.03573467297747,72.500191488762,Apartment,1021.0,2,1,16,4,14,2,Furnished,1.965594718406658,2.6630861101249925,2.559562289215318,14.926469424276867,78.59914871735756,9.319279621093385,16290997.0,31063.0
TXN01120,2019-01-02,Ahmedabad,Prahlad Nagar,23.011135498024757,72.50218234898837,Villa,1377.0,3,3,0,1,18,0,Unfurnished,3.1720611969317556,3.2756052766526356,2.3994319248870766,6.964660465646379,73.84544669148019,8.887585309679286,16595789.0,36809.0
TXN01121,2023-07-13,Ahmedabad,Vastrapur,23.032399858400087,72.52938191886925,Apartment,2016.0,4,3,10,5,17,1,Semi-Furnished,2.758314861567712,3.2030387866880847,2.7921532940715528,21.329634015502897,74.33911043721334,11.16476554971958,23972459.0,50627.0
TXN01122,2025-09-25,Ahmedabad,Bopal,23.02691068358151,72.46455260962199,Apartment,644.0,1,1,15,9,18,2,Semi-Furnished,1.948491864870801,2.6357941001736496,4.241685370894337,15.407142319157263,83.19222506187137,9.771782362361115,5192707.0,10524.0
TXN01123,2023-06-19,Ahmedabad,Thaltej,23.05253890075672,72.51706661233126,Apartment,1530.0,4,3,10,12,19,1,Furnished,2.349325319461018,3.6790461795748968,2.721781096803368,5.477013757652001,74.96711007596926,8.920244801001484,15672625.0,36945.0
TXN01124,2023-12-02,Ahmedabad,Thaltej,23.054441186830484,72.50856115554298,Apartment,844.0,1,1,11,9,13,0,Semi-Furnished,2.8556748805886643,3.6411790881680863,2.7551507215869435,15.129610840898202,74.16075987883531,10.290804012750966,8374762.0,18000.0
TXN01125,2022-01-18,Ahmedabad,Prahlad Nagar,23.014100523110034,72.50982415458759,Apartment,1960.0,4,4,20,5,6,0,Semi-Furnished,2.2011965838573357,2.805177074142875,1.698441246898232,15.917290528506118,73.99294765729582,6.780337633505935,20893999.0,57200.0
TXN01126,2025-10-28,Ahmedabad,Vastrapur,23.03722106964931,72.5290337714202,Apartment,767.0,2,3,16,8,12,2,Semi-Furnished,2.2448643919553657,3.1668597957599416,2.569197010540273,17.386674534702653,70.00153205123306,9.141331047743535,7220558.0,20290.0
TXN01127,2020-11-03,Ahmedabad,Gota,23.08961128425573,72.5391601662556,Villa,1307.0,2,2,3,6,13,2,Semi-Furnished,3.1953051348574237,2.6631419394924674,2.4544481966969656,14.801785665024425,75.5795864247295,8.52833417351731,9945147.0,22757.0
TXN01128,2019-07-05,Ahmedabad,Prahlad Nagar,23.016504114104084,72.51133780847046,Villa,1227.0,3,4,21,2,11,0,Unfurnished,1.2157825062111294,2.995953544757064,3.041162165446612,6.925526405003129,76.93203431471997,11.233568174961174,14876860.0,31154.0
TXN01129,2024-07-08,Ahmedabad,Bopal,23.033200202682096,72.46148480895026,Apartment,2117.0,4,3,6,10,14,1,Unfurnished,2.014187974550267,2.5127801891087285,2.310945034315505,17.61381593534137,79.31976089978924,10.11321558733878,15732588.0,35361.0
TXN01130,2024-11-05,Ahmedabad,Gota,23.10075842423839,72.5449585299126,Apartment,1243.0,2,2,12,4,4,0,Unfurnished,2.8023007874973667,3.537547489662861,2.2648029570470873,15.324497509851831,73.42299762129322,12.18415687388192,9387406.0,19660.0
TXN01131,2020-08-31,Ahmedabad,Prahlad Nagar,23.0172279922077,72.50617867061958,Apartment,1299.0,2,3,10,5,17,2,Semi-Furnished,2.233950544772869,2.7782509977147942,2.0024595733136654,17.62087927678651,81.75986612133865,8.059640873130645,16256837.0,37481.0
TXN01132,2024-09-02,Ahmedabad,Bopal,23.034362643541332,72.46972560521007,Apartment,2143.0,3,2,17,6,9,1,Semi-Furnished,3.3882569384858705,3.673214007798465,2.146974340416966,6.695911693286571,79.24129385383675,10.007803499153324,16396882.0,37927.0
TXN01133,2022-12-21,Ahmedabad,Bodakdev,23.03641689490538,72.50704392677635,Apartment,928.0,2,2,15,7,13,2,Unfurnished,2.920834641417109,2.477640288481248,1.9481876164551164,16.227566625891455,75.3135315886449,11.000993623274024,12510779.0,26093.0
TXN01134,2023-02-20,Ahmedabad,Maninagar,22.984672641040753,72.6047526205504,Apartment,2312.0,4,3,12,2,5,0,Furnished,2.767666023056078,2.77269559830122,3.7701347442152224,29.981027550501963,81.03431797349576,7.861577791765227,17924990.0,40720.0
TXN01135,2020-05-21,Ahmedabad,Bodakdev,23.038273703109198,72.50373770073547,Apartment,684.0,1,1,5,4,10,2,Semi-Furnished,2.060034186418049,1.9232332852394698,2.3183275136164103,5.0,77.59539459861891,10.614084059607546,9659244.0,22865.0
TXN01136,2022-05-18,Ahmedabad,Shela,23.00606154826745,72.46702723207567,Villa,2472.0,5,4,6,10,15,0,Semi-Furnished,2.3683866688858353,4.228720058646437,3.6032036205510822,10.028059338984642,94.96576526314958,8.095955443717983,15561584.0,41936.0
TXN01137,2025-03-05,Ahmedabad,Prahlad Nagar,23.006828926067737,72.50949001235949,Apartment,1653.0,3,4,8,5,9,1,Semi-Furnished,2.8230562725693042,3.0966024477372334,2.2913341257993585,5.0,69.36777121527605,10.233501851182721,21093037.0,46017.0
TXN01138,2020-02-29,Ahmedabad,Thaltej,23.047097526048997,72.51498555757004,Apartment,2308.0,5,4,25,3,11,0,Furnished,2.7804536465017557,3.772462122192537,3.1070251703190426,5.0,75.57983966431838,7.9469340821449705,21736093.0,45154.0
TXN01139,2023-01-07,Ahmedabad,Bodakdev,23.04747293187802,72.50706100585464,Apartment,1516.0,3,2,10,12,14,2,Furnished,2.196332410971429,2.2471699944508527,1.710458611552356,8.622181180448031,77.0578677451412,10.867446849598691,23983363.0,48894.0
TXN01140,2019-04-18,Ahmedabad,Bopal,23.03107693156037,72.46738318881343,Row House,1248.0,3,3,7,9,17,1,Unfurnished,2.0202551614208035,3.3625546171423655,2.4592813287671746,5.0,90.69751240524118,9.022248753595209,9603456.0,22140.0
TXN01141,2022-04-29,Ahmedabad,Thaltej,23.045888919300157,72.51543421479137,Apartment,1831.0,3,4,10,12,12,0,Semi-Furnished,2.588128566039854,2.854251984179192,2.4224497303496584,9.983743086286637,75.8865607787582,10.887399109648161,18257240.0,40736.0
TXN01142,2019-06-12,Ahmedabad,Bopal,23.030562573968247,72.45894970756929,Row House,1955.0,3,4,17,8,15,1,Semi-Furnished,3.008835936938615,2.5551696071937977,2.4917840356427803,5.0,70.01468335494037,9.294765535980254,16198481.0,38035.0
TXN01143,2021-03-23,Ahmedabad,Bodakdev,23.04089535505428,72.50727233924528,Apartment,2714.0,5,4,11,9,17,1,Semi-Furnished,1.355204812498894,3.8149711099252652,2.3425522959675193,15.100637726202047,72.74148178085028,8.82003891308493,38764414.0,76970.0
TXN01144,2020-12-18,Ahmedabad,Bodakdev,23.03961810234793,72.50750135113128,Villa,1890.0,3,4,24,11,14,0,Semi-Furnished,1.9664640599594585,3.7365857791593013,1.6216952796506048,5.0,80.45171604057457,9.31339222518357,26256691.0,58562.0
TXN01145,2019-11-06,Ahmedabad,Prahlad Nagar,23.00324591203776,72.51191269370803,Villa,1023.0,2,3,10,3,14,0,Semi-Furnished,2.6657551554759555,2.889327353552858,2.37150024404506,15.995434933422963,86.55140044378912,10.61423350834103,13088397.0,28195.0
TXN01146,2023-05-24,Ahmedabad,Satellite,23.030405466898838,72.51140689300452,Apartment,575.0,1,1,1,8,14,0,Unfurnished,2.583385654126855,1.925683994484936,2.6068573263025105,9.974669859151838,79.31144028534649,8.048455181031096,5836292.0,14405.0
TXN01147,2019-12-11,Ahmedabad,Gota,23.088762120592573,72.53163189651002,Apartment,1446.0,3,4,19,8,13,0,Semi-Furnished,2.9448114465556197,3.1618994799824938,2.065424705695285,11.739532354625247,84.49999778014595,11.152619179837922,10648830.0,26732.0
TXN01148,2023-09-26,Ahmedabad,Shela,23.005153632337475,72.46631705433764,Row House,2086.0,5,4,18,8,9,1,Unfurnished,3.3911796376148784,3.7857666790589617,4.5215000740262115,8.405486065738932,80.38272086564444,10.416359264542487,12543585.0,29959.0
TXN01149,2021-01-06,Ahmedabad,Bodakdev,23.042586881911927,72.51105903686043,Apartment,2630.0,4,4,1,6,17,2,Semi-Furnished,2.916864415044855,3.1193828764178906,2.3487154396509764,18.71056658207912,78.2769567388321,9.528240241168168,36766920.0,78476.0
TXN01150,2022-09-15,Ahmedabad,Maninagar,23.00478725511362,72.60514241935778,Apartment,1278.0,2,3,25,2,19,0,Furnished,3.5358591814040112,3.362505356011816,2.654895278120547,28.482010574073442,66.17714298462553,6.8270524203370435,10130289.0,23080.0
TXN01151,2019-05-24,Ahmedabad,Chandkheda,23.109561691198866,72.5741286926574,Villa,2164.0,4,4,23,11,13,0,Semi-Furnished,2.8551601349826248,4.393004594433796,3.2378143259519736,25.17570534672123,72.69773779982035,6.492592673062868,13667267.0,38472.0
TXN01152,2023-06-16,Ahmedabad,Vastrapur,23.04190175204611,72.52750111599755,Apartment,1090.0,1,1,19,11,19,0,Unfurnished,2.325851359170101,2.329669483856183,2.254321252131044,17.423412871144883,77.68461381932444,10.66422590568314,10587553.0,26375.0
TXN01153,2023-12-22,Ahmedabad,Satellite,23.03049882027535,72.51161391390616,Apartment,1776.0,3,4,21,5,12,2,Furnished,2.6409854314500447,2.683381731505162,2.6470530920746946,10.049777890110427,73.35211590993012,10.459956136832972,21580034.0,45877.0
TXN01154,2022-01-07,Ahmedabad,Shela,22.999608896073475,72.4709464801571,Apartment,1020.0,3,3,8,2,4,2,Unfurnished,2.7583711143864007,4.549493094584643,2.662997748174474,6.440474030817466,88.2499709216463,8.939058676192252,6934290.0,13761.0
TXN01155,2023-06-02,Ahmedabad,Bodakdev,23.03552934937109,72.50571606176462,Row House,631.0,2,2,16,6,13,2,Furnished,1.1480037717658493,2.552575149321118,2.6411256307454587,9.520018689631028,89.33083004284472,11.051887104641107,9347243.0,21107.0
TXN01156,2023-07-27,Ahmedabad,Vastrapur,23.04361365718813,72.52656032773555,Apartment,2095.0,4,4,8,2,4,1,Semi-Furnished,2.0399484290305097,3.270578020015041,2.463917130179335,6.675283028180234,69.56039260653932,9.932333791904675,21637793.0,45280.0
TXN01157,2025-10-25,Ahmedabad,Prahlad Nagar,23.013440746489167,72.50833221568958,Apartment,620.0,2,2,18,1,6,0,Furnished,2.709888736316891,2.7452998551839123,2.000363119457761,11.764683682619461,70.4549282480706,9.75296408476159,7876682.0,17295.0
TXN01158,2021-05-08,Ahmedabad,Maninagar,22.99655310655723,72.60420426140479,Apartment,1361.0,2,3,8,12,17,0,Unfurnished,2.7359981195028795,2.7534535224676273,2.6040329359140504,19.01302436490938,68.90535408095866,9.248476058460714,9302173.0,20607.0
TXN01159,2022-09-10,Ahmedabad,Shela,23.005928293646637,72.4674180825224,Apartment,2050.0,4,4,22,6,17,0,Furnished,2.8103565154110735,3.7774071238390676,2.164036986006409,5.331869697374928,98.24923270590166,7.3870787880576785,13863234.0,34214.0
TXN01160,2019-02-25,Ahmedabad,Thaltej,23.058728442607816,72.51061533106117,Apartment,1541.0,3,4,9,9,14,0,Unfurnished,2.004306541111849,3.314980193687134,3.1003087331549457,17.573021532700782,87.55523620341067,8.961570414488225,14308995.0,31246.0
TXN01161,2022-07-10,Ahmedabad,Bodakdev,23.034211327129107,72.50232760085093,Apartment,906.0,1,2,7,11,12,2,Furnished,2.248688889516229,1.5267640827808995,1.5150970187682393,7.588132407423473,80.6092750771233,8.32419255824794,14002220.0,28975.0
TXN01162,2019-12-27,Ahmedabad,Maninagar,22.996558803561562,72.6113715342323,Villa,1364.0,3,4,21,11,12,2,Semi-Furnished,2.3750739723442096,2.961541620922271,2.3828452491091667,11.279556249845854,72.29388277017817,10.295784186108717,10407101.0,23600.0
TXN01163,2023-05-12,Ahmedabad,Bodakdev,23.038418153038425,72.50746617703638,Apartment,649.0,1,2,0,9,13,1,Semi-Furnished,1.8489283428977425,2.9098601064382117,2.691420316937679,5.0,84.17658895623944,8.220897169639933,8329744.0,17824.0
TXN01164,2025-11-21,Ahmedabad,Vastrapur,23.038076667080556,72.53317082052696,Villa,2163.0,4,3,17,1,7,0,Semi-Furnished,2.7777493818131056,2.8823095033642465,2.683196021864226,23.05830135444755,80.20391302650141,8.917853396055946,21937873.0,52800.0
TXN01165,2025-11-05,Ahmedabad,Gota,23.08373476145586,72.53505996405244,Apartment,1202.0,1,1,9,4,5,2,Semi-Furnished,3.1555079559687544,3.683180247551586,3.164340668395897,14.523480745771757,79.79883933888092,8.507613231120173,9196707.0,20685.0
TXN01166,2021-11-30,Ahmedabad,Vastrapur,23.041286271750536,72.52381081348189,Apartment,2092.0,4,3,9,6,6,2,Unfurnished,3.020065565036151,3.2828385605827894,2.737171985104177,21.82152384305266,81.9772904689233,8.89201265195501,22910110.0,46169.0
TXN01167,2020-07-27,Ahmedabad,Gota,23.09712770345746,72.5394711742484,Apartment,2086.0,4,3,6,10,17,0,Unfurnished,2.327683897246968,3.9062144775287777,3.875071497765005,9.235370953257917,82.42827740826948,9.230984866054936,13784767.0,33150.0
TXN01168,2025-01-10,Ahmedabad,Bopal,23.031445901792356,72.4654126579399,Apartment,658.0,2,1,12,3,10,0,Furnished,2.9606439540711054,3.893515422669049,3.431190920175915,8.59488797906541,93.73149811272414,10.6822319443736,5229847.0,13044.0
TXN01169,2021-09-11,Ahmedabad,Vastrapur,23.04454422890507,72.53051981582666,Villa,2268.0,4,4,4,8,14,1,Semi-Furnished,2.2264252572217353,2.8805830514395154,2.056603185275704,21.075262532287734,78.86116452034206,9.379071682874713,24218892.0,53304.0
TXN01170,2019-10-08,Ahmedabad,Chandkheda,23.10883333255613,72.58441710191086,Apartment,2534.0,5,4,3,5,17,2,Semi-Furnished,2.672459732605939,4.398396120645146,2.274402163806404,12.904393294881865,68.1485919413949,9.058692438779982,19180880.0,37976.0
TXN01171,2025-01-15,Ahmedabad,Shela,23.00308395155261,72.46482814175219,Apartment,2178.0,4,3,3,1,18,0,Semi-Furnished,2.734353205626545,4.099890172201553,2.460949399168318,18.352082958417164,91.2471642884742,9.378098269413195,15236360.0,33503.0
TXN01172,2019-04-12,Ahmedabad,Gota,23.096652840451554,72.54284595530825,Apartment,2772.0,4,3,21,8,19,1,Furnished,2.7067382527272423,4.048528194027156,2.8145582632640953,8.309043230692733,77.97924948553496,9.009369672842638,21686493.0,50626.0
TXN01173,2025-12-17,Ahmedabad,Bodakdev,23.04044615231283,72.5083701219883,Apartment,1929.0,3,4,15,12,15,1,Furnished,2.4189777669615498,3.3284970217023675,1.9598225570404746,7.527501049787102,90.21328918540236,9.33648173601053,26932583.0,59013.0
TXN01174,2019-01-20,Ahmedabad,Gota,23.091779143467377,72.54882832826186,Apartment,1635.0,4,3,8,4,6,1,Unfurnished,2.7847095752989306,3.803510643140936,3.8362835967356457,15.461608477779603,73.56586331215027,8.063781397220882,11169914.0,27867.0
TXN01175,2023-12-22,Ahmedabad,Vastrapur,23.038068941741585,72.52642120623291,Apartment,2295.0,4,4,8,6,16,1,Unfurnished,1.9909422402367492,2.537181244825092,2.412734542438201,9.968931709990057,67.53528099532008,8.186088580356737,22044833.0,50256.0
TXN01176,2024-07-21,Ahmedabad,Vastrapur,23.037496193510894,72.5349867641876,Apartment,1975.0,4,4,21,10,17,2,Semi-Furnished,2.648989357894874,2.775099672713296,2.3949756510431683,9.269980215627811,71.81223114085002,9.910595420596291,23745934.0,50653.0
TXN01177,2020-09-16,Ahmedabad,Shela,23.012844379542077,72.46397528537264,Apartment,2698.0,4,4,15,2,7,2,Furnished,1.9756931582503099,3.503022710976389,2.9673419256732476,5.0,79.54489106801273,9.71898309164896,20665830.0,44199.0
TXN01178,2025-05-11,Ahmedabad,Gota,23.095566735093602,72.5401149321298,Apartment,1160.0,1,1,20,10,14,2,Furnished,2.1222375251655934,3.6555626271999766,3.0668861498746014,15.510465123115592,70.89375124314265,9.00365414619499,9812679.0,21711.0
TXN01179,2024-07-17,Ahmedabad,Shela,23.012997612191118,72.45798708077281,Apartment,898.0,1,2,1,8,12,2,Furnished,3.81397908144015,4.18798353002985,3.230942047622902,17.01006356572951,100.0,8.587635072591361,6675855.0,16463.0
TXN01180,2020-12-19,Ahmedabad,Prahlad Nagar,23.01564740098447,72.50962319501528,Apartment,695.0,1,2,4,7,19,0,Furnished,2.2535987191460793,3.2559165836627213,2.4154811899384487,9.941250476313117,69.56111854797061,9.883834444089295,8934834.0,20379.0
TXN01181,2021-01-19,Ahmedabad,Satellite,23.026033501820955,72.52152491820688,Apartment,836.0,1,1,11,8,16,2,Furnished,2.634299306117976,2.197256507391532,2.851919975792362,22.569667495015622,74.94575195584189,10.228720007245283,10451468.0,26267.0
TXN01182,2019-12-27,Ahmedabad,Gota,23.093392695002176,72.53601759979107,Villa,1415.0,3,3,14,1,17,1,Semi-Furnished,3.25964777456547,3.5912747193965373,3.1449223237976702,21.487225932974468,79.90360353742938,8.098445465837646,9573529.0,25464.0
TXN01183,2022-03-18,Ahmedabad,Shela,23.010390502005254,72.46247773253249,Apartment,2071.0,4,4,0,3,5,1,Furnished,3.2898534602448253,3.9509017485064097,3.3796235934564285,12.269001333043647,96.12667872098194,8.938860458013343,15572908.0,33931.0
TXN01184,2021-01-30,Ahmedabad,Shela,23.00468992888894,72.46355864254609,Apartment,2349.0,5,4,16,7,7,2,Furnished,2.9586170827785,3.492366922462468,3.1367388264760097,7.456391388665244,87.57813992939354,7.683132370338447,16610230.0,39571.0
TXN01185,2020-06-22,Ahmedabad,Prahlad Nagar,23.013243304813003,72.5054875313563,Villa,1779.0,4,4,10,11,12,0,Furnished,3.1205689934071144,2.725425366006431,3.314450169285099,6.883929641916204,80.19499975598589,7.727061002601716,22655088.0,54208.0
TXN01186,2019-06-30,Ahmedabad,Prahlad Nagar,23.016074228085433,72.50408489296925,Row House,2298.0,4,4,18,8,12,1,Furnished,2.614579729942468,3.304844087682188,2.5490530659937582,14.30112231366239,70.06286631664564,12.43752740931292,32317246.0,67704.0
TXN01187,2021-08-23,Ahmedabad,Prahlad Nagar,23.016064827970183,72.50776787197434,Villa,2022.0,4,4,8,9,9,2,Furnished,1.8424658649749521,2.1058377889838633,3.1046366145240234,7.227287275857545,81.18625679704489,10.013705700038754,29618420.0,55759.0
TXN01188,2025-10-17,Ahmedabad,Gota,23.09318328814815,72.53887059204443,Apartment,2568.0,5,4,5,7,10,2,Unfurnished,3.1166413497438756,2.6944621205061363,2.798065613020703,26.536432764279418,85.45349522397002,9.957429089881124,18165712.0,39729.0
TXN01189,2025-09-19,Ahmedabad,Gota,23.08973128879722,72.5411336900582,Row House,1211.0,4,4,7,3,6,1,Furnished,3.0210083550212063,2.90273840662617,2.748500410086143,19.281008641003154,73.11362616440613,11.117221836984191,10086622.0,24963.0
TXN01190,2022-02-17,Ahmedabad,Prahlad Nagar,23.018080301451153,72.51388741031472,Apartment,1876.0,3,2,10,9,12,2,Semi-Furnished,2.1562910665764146,3.203020162957494,2.195899606803067,16.167808074234443,88.78092040506388,10.495650668012987,24680808.0,51843.0
TXN01191,2022-08-10,Ahmedabad,Bodakdev,23.0336406327502,72.5073402504426,Row House,1633.0,4,4,25,12,12,0,Semi-Furnished,1.7452437473974827,2.7938589984568827,2.405962317045513,7.017672635674327,84.57856726004383,12.063503432918214,24194436.0,45550.0
TXN01192,2023-07-27,Ahmedabad,Chandkheda,23.112827114670043,72.58002917762659,Apartment,2418.0,4,4,15,3,13,1,Furnished,2.269657100716503,2.8844282514669013,1.9981724208561153,13.85950281928754,83.55532061928432,10.07685533306048,17819399.0,44892.0
TXN01193,2020-02-08,Ahmedabad,Maninagar,22.992001497466955,72.59881817533307,Apartment,1621.0,3,4,2,7,16,2,Unfurnished,2.13593542508363,3.5078907315597436,2.2872741313700216,22.29153336766604,63.579925406037226,12.379793847616723,14584530.0,26547.0
TXN01194,2019-01-02,Ahmedabad,Chandkheda,23.11089813205905,72.5794472810405,Apartment,2308.0,4,3,16,6,19,2,Furnished,3.6552677606372814,2.9844017644928558,3.2634916344701903,10.562614371907213,86.43304500673965,8.651241050123671,16433467.0,36201.0
TXN01195,2022-06-18,Ahmedabad,Thaltej,23.05395707453368,72.51874468826725,Apartment,1070.0,3,2,24,11,18,0,Semi-Furnished,3.3602771108456566,2.465578591497295,1.8913037049376578,16.902451410696095,83.49797221395924,9.598848983524526,9530008.0,24383.0
TXN01196,2020-03-23,Ahmedabad,Vastrapur,23.045430596531638,72.53066864260195,Apartment,1274.0,2,2,7,9,16,0,Unfurnished,2.162040139305013,2.504531626181064,2.0302428326890474,7.602417686930678,68.99662234065444,11.369424524996715,13482477.0,26870.0
TXN01197,2023-06-20,Ahmedabad,Prahlad Nagar,23.019080100894627,72.51018385238211,Villa,601.0,2,2,9,8,19,2,Semi-Furnished,3.301303427133547,2.419438558893581,2.7173357182530493,22.969943119215706,73.95710357231196,10.051798311524959,7372077.0,17467.0
TXN01198,2023-11-20,Ahmedabad,Shela,23.000067167652585,72.46337156557045,Apartment,2780.0,5,4,8,6,11,1,Unfurnished,3.6187439882540664,3.6331982176724713,3.244096787396494,5.595553757936904,87.27468456661724,9.867397242417397,16554619.0,39620.0
TXN01199,2022-08-21,Ahmedabad,Gota,23.093625904400707,72.53790331320671,Row House,1304.0,3,2,8,2,13,2,Furnished,2.711495754099784,3.657043916947969,3.3531950186004096,13.28706867915426,82.55853832162475,10.996013033218253,11161884.0,25508.0
TXN01200,2023-08-11,Ahmedabad,Gota,23.085952480203343,72.54084341552857,Row House,1781.0,2,2,17,3,17,1,Unfurnished,2.4539275931184443,3.116533932465492,3.45800524229853,7.248909640084435,83.18607049196156,7.96253776030868,12181483.0,30479.0
TXN01201,2019-03-10,Ahmedabad,Bodakdev,23.03548449459149,72.50609073781368,Apartment,576.0,1,2,12,1,7,1,Semi-Furnished,2.498717054492573,2.8953961721665893,1.6137125547883926,15.991837695748908,77.41046856515544,7.80450957355088,7606580.0,18688.0
TXN01202,2022-05-22,Ahmedabad,Satellite,23.024183306902376,72.51727210291884,Apartment,2085.0,4,4,20,6,10,1,Furnished,2.60681786582711,2.5787184551763174,2.0882891585414027,5.546079607102357,74.67402641735904,8.578660407543952,24835543.0,58615.0
TXN01203,2020-09-21,Ahmedabad,Gota,23.09768566130786,72.5424758765553,Apartment,1915.0,4,4,23,4,12,1,Unfurnished,1.6759850354474268,3.1705554020269453,2.8553132623916917,7.7668573875579145,91.94605671060037,12.182797978175799,15283266.0,30077.0
TXN01204,2025-03-23,Ahmedabad,Bodakdev,23.03834169938448,72.50622152647988,Apartment,1140.0,3,3,23,12,18,0,Semi-Furnished,2.1006804407311668,2.1701955417466987,2.7070612805806324,5.0,73.65906508963842,9.799344815370807,14489085.0,32238.0
TXN01205,2025-03-23,Ahmedabad,Bodakdev,23.036733964196433,72.501662460634,Apartment,2753.0,5,4,17,2,13,0,Furnished,1.8869951998958454,3.545250684063543,1.630937561110672,7.50159605766663,80.49183722670861,9.55987798925486,37853897.0,80718.0
TXN01206,2020-03-19,Ahmedabad,Maninagar,22.986071007478596,72.6057911346341,Apartment,2775.0,5,4,25,4,4,2,Semi-Furnished,2.3485966448359408,2.892604312755164,2.5253425769573274,10.268988304024408,73.11966548718061,7.607382239842312,20084008.0,47472.0
TXN01207,2021-07-19,Ahmedabad,Thaltej,23.05038800230182,72.50993040436016,Apartment,1642.0,3,4,20,12,18,1,Furnished,2.9524860439626157,3.9649694082818687,2.6120435061144307,21.314400308290516,80.42547119699924,8.437852164929122,16320987.0,37691.0
TXN01208,2023-10-17,Ahmedabad,Maninagar,22.99503440188425,72.60384472266222,Apartment,750.0,1,1,17,6,11,0,Semi-Furnished,3.2829415125288377,3.4029119406695565,2.4257221675855596,17.79984383714082,69.92783713667902,8.067537552014995,5250226.0,12356.0
TXN01209,2019-10-22,Ahmedabad,Maninagar,23.001382889934362,72.59599179230693,Apartment,865.0,1,2,8,5,16,1,Unfurnished,3.141632225335828,3.610747174641208,2.6115866790987576,15.890139881670558,58.92514181366504,7.109310126562952,5493895.0,12981.0
TXN01210,2022-04-25,Ahmedabad,Maninagar,22.999281491536944,72.609827909253,Apartment,2568.0,5,4,18,12,13,2,Semi-Furnished,2.4309139742719195,3.186632465702249,2.5559219462198377,25.96515354750109,59.83639743903175,11.249825700517338,18511878.0,44916.0
TXN01211,2023-05-01,Ahmedabad,Shela,23.000693594006986,72.45819473970609,Apartment,2476.0,5,4,16,5,12,2,Semi-Furnished,3.0761938491648606,3.6167618500698566,3.057870097998671,17.103368382127428,90.79431417719992,8.676118811205127,17035042.0,36767.0
TXN01212,2021-10-01,Ahmedabad,Bodakdev,23.039773694169178,72.50419732417288,Apartment,561.0,1,1,12,11,18,2,Semi-Furnished,1.7884042561293496,2.56363924755666,2.5077255155969027,7.920102093471906,81.65125026978707,7.874915774514582,7886648.0,16864.0
TXN01213,2025-03-11,Ahmedabad,Prahlad Nagar,23.017458752978033,72.50247790276974,Villa,1798.0,2,2,3,5,16,1,Furnished,2.326701271779462,2.220962148990186,2.0595910575755707,9.2547479357043,84.12121224873651,12.444851221937505,26582804.0,57676.0
TXN01214,2019-09-26,Ahmedabad,Bopal,23.035416171549198,72.46472309065888,Apartment,2524.0,5,4,13,3,16,1,Unfurnished,2.053199503475078,3.0216167318633897,1.8559397805797264,5.0,85.01692573976388,9.892330706283474,18512814.0,45175.0
TXN01215,2023-04-29,Ahmedabad,Bodakdev,23.041910701188453,72.500102382647,Apartment,1203.0,3,3,2,1,15,0,Semi-Furnished,1.8671639082469154,2.893551211290706,2.1036017208854623,13.167597292329898,91.14887054872035,8.952784748879061,16345513.0,40733.0
TXN01216,2025-01-18,Ahmedabad,Vastrapur,23.03914489775782,72.53056180194933,Apartment,1640.0,3,4,25,1,15,2,Semi-Furnished,3.059471042861028,2.947854421634303,3.26422430292144,23.32732469915314,79.10254152796335,8.846791318821088,19292645.0,40019.0
TXN01217,2020-10-29,Ahmedabad,Bodakdev,23.03917642250392,72.51067913643783,Row House,2043.0,4,4,20,12,18,1,Semi-Furnished,2.9703898646287366,2.4990124055674334,1.9638422089621863,18.04789667071097,83.63839513585467,10.692310608999579,29599423.0,57851.0
TXN01218,2022-01-31,Ahmedabad,Prahlad Nagar,23.004259351383872,72.50405933604637,Villa,2505.0,5,4,23,6,10,0,Furnished,2.588467410825752,2.0467443075152727,1.917227041631628,5.0,80.10202934443518,10.509786486633224,33999969.0,76197.0
TXN01219,2023-03-28,Ahmedabad,Vastrapur,23.035309160980542,72.53098867422565,Apartment,700.0,1,2,16,9,9,1,Furnished,2.759219045759602,2.2879584150140904,2.313222167332928,18.1993126929241,76.04518656339638,8.83457151732337,8063651.0,18067.0
TXN01220,2023-04-24,Ahmedabad,Gota,23.085005048735745,72.53384586307486,Villa,989.0,2,3,5,5,17,0,Unfurnished,2.022380079293511,4.335574176770881,2.6327001668849728,5.299274935514571,78.67219520163611,7.895192438913854,6448338.0,17482.0
TXN01221,2025-03-25,Ahmedabad,Maninagar,22.99659585705084,72.60069383922604,Apartment,582.0,1,2,4,10,16,1,Unfurnished,1.880936130016098,2.792642952211869,2.160520232253238,19.76523479113912,64.31703944238859,6.181670616077308,3750634.0,9282.0
TXN01222,2020-10-24,Ahmedabad,Vastrapur,23.035279520233196,72.53087100369103,Apartment,2511.0,4,3,9,12,16,2,Furnished,2.376588083868125,2.8656093043161626,2.1997144567688918,15.976809842474497,78.29311073834737,10.810058234574315,32401580.0,61554.0
TXN01223,2024-01-02,Ahmedabad,Gota,23.092516209873377,72.53716712496502,Villa,786.0,1,1,5,11,12,2,Unfurnished,2.543768513485648,3.8077786356649126,2.7257799270149077,6.784857823647772,77.93222916216251,8.17284463269922,5814208.0,11990.0
TXN01224,2025-07-30,Ahmedabad,Satellite,23.03023323214986,72.51688243668973,Apartment,576.0,1,2,13,6,12,2,Furnished,2.3922245731838485,2.4370258533875266,2.003255034172794,11.852337073215907,78.59206503148701,8.106477429130221,6750056.0,14047.0
TXN01225,2025-08-15,Ahmedabad,Bodakdev,23.041985268113987,72.50846425314418,Apartment,2624.0,3,3,25,1,11,2,Furnished,2.4491963503804324,2.948534824188792,1.9557863439414926,5.0,87.7367442996133,12.167800537562606,41906490.0,84974.0
TXN01226,2025-12-24,Ahmedabad,Chandkheda,23.109902876240646,72.57840187224623,Apartment,1738.0,3,2,6,6,18,1,Unfurnished,2.550357590701825,3.6255596600074744,3.357239277258422,20.78794051736694,84.98288545774992,8.927739540150347,11779726.0,27696.0
TXN01227,2025-06-17,Ahmedabad,Bodakdev,23.033213267964886,72.50593856077663,Villa,2420.0,5,4,23,7,7,2,Unfurnished,1.8112916030188695,2.549677794753201,2.68304219633127,5.0,81.6674455336367,9.692059862798807,30793635.0,67250.0
TXN01228,2021-04-02,Ahmedabad,Bodakdev,23.039029608233157,72.50713020744071,Row House,1595.0,3,3,23,11,17,1,Semi-Furnished,1.3990612243079816,3.3376799814346816,3.2091601210238716,5.0,82.41888148904832,8.359495827198334,20645788.0,47775.0
TXN01229,2019-06-17,Ahmedabad,Chandkheda,23.10906053922912,72.57654376410026,Apartment,1759.0,3,4,18,6,15,2,Semi-Furnished,3.281753567675255,3.5187570606143934,3.0024280871401436,10.865287829016907,68.01832243896999,6.532158502272354,11695830.0,29431.0
TXN01230,2022-08-04,Ahmedabad,Thaltej,23.052590095819436,72.50477845956101,Apartment,922.0,2,1,21,7,8,1,Semi-Furnished,2.75519254205087,3.8818546009507773,2.485926184329192,20.21246882523911,72.17395705269574,7.551891999063317,7832627.0,20438.0
TXN01231,2021-08-17,Ahmedabad,Maninagar,22.997704172496626,72.60773951044244,Apartment,2720.0,5,4,15,1,7,1,Semi-Furnished,2.5749428964872587,3.333375826384874,3.2573206027230914,16.925867675385504,74.49861217154074,8.889336251565721,19735195.0,43710.0
TXN01232,2022-07-13,Ahmedabad,Bopal,23.02692217813278,72.46700811251095,Villa,675.0,1,2,4,12,14,0,Semi-Furnished,3.375355167206022,2.6950233008684608,3.898878822075993,7.056032220354549,88.07122827387073,8.483028292484521,5317300.0,12551.0
TXN01233,2021-01-22,Ahmedabad,Vastrapur,23.042182887981028,72.52922211475469,Apartment,1263.0,2,1,21,6,7,2,Semi-Furnished,2.042935163490595,3.268804905710833,2.0765750670420213,22.252066616468525,69.3243542943285,10.209106660866928,14344577.0,30219.0
TXN01234,2023-06-05,Ahmedabad,Thaltej,23.043605877096937,72.51167842572237,Villa,2529.0,4,3,0,5,5,1,Semi-Furnished,2.3943184245652147,2.8259101993924287,1.941340498011917,10.765530578707644,77.65326019111872,11.615660412453682,26866131.0,52908.0
TXN01235,2025-02-23,Ahmedabad,Bodakdev,23.04373922751381,72.50680570485167,Apartment,1206.0,2,2,8,10,19,0,Furnished,2.083447455922665,3.7858683920420066,2.882538809830095,18.711751978019088,81.09338633297835,7.142264870681371,15724676.0,39780.0
TXN01236,2022-07-26,Ahmedabad,Prahlad Nagar,23.01467582509921,72.50514852445441,Apartment,1504.0,3,4,15,11,18,2,Semi-Furnished,2.2950064944645145,2.9462157817035535,2.537305075840487,12.2415126033005,77.47621014558146,9.116235757474463,18461812.0,40475.0
TXN01237,2023-04-04,Ahmedabad,Shela,23.004559319154925,72.46885761958144,Apartment,2528.0,5,4,21,9,14,2,Furnished,3.273226065884999,2.891003316966951,3.927769800697507,21.295718276684447,90.83528457277995,10.891474782847157,19841216.0,41254.0
TXN01238,2023-06-20,Ahmedabad,Bodakdev,23.036137563500052,72.50700023201941,Apartment,718.0,1,2,20,5,15,0,Semi-Furnished,1.7668810648367166,1.463042870875433,1.7594710030178708,11.465319103900157,84.96617790316843,10.051986508760715,9928433.0,20876.0
TXN01239,2024-01-28,Ahmedabad,Satellite,23.031563141161104,72.52124807896305,Apartment,2774.0,5,4,11,11,19,2,Semi-Furnished,2.405136533675813,2.7496533384703845,1.8603172509995936,19.66433915529403,71.03328089560034,10.40777562038159,34075957.0,71736.0
TXN01240,2025-02-15,Ahmedabad,Vastrapur,23.039058892254225,72.52638179628758,Row House,1412.0,3,4,2,12,14,1,Unfurnished,2.7016435116329482,3.361558788132135,2.280990940472237,16.200616947008168,69.69662265674482,8.533745544572879,14788518.0,31268.0
TXN01241,2023-01-24,Ahmedabad,Satellite,23.036496719809282,72.51351179054446,Villa,2303.0,4,3,13,2,18,2,Semi-Furnished,2.6667226153967287,2.147396357345854,2.7327005955387875,20.52383360002165,82.82610134683219,10.349858180372904,27881463.0,62476.0
TXN01242,2019-10-07,Ahmedabad,Vastrapur,23.03857270690612,72.5286820670918,Villa,2708.0,5,4,19,2,17,0,Unfurnished,2.5614955036653466,2.2077286773070157,1.5644970982149746,15.148760079368973,60.781301415083405,8.842245636981161,25785970.0,62133.0
TXN01243,2022-08-10,Ahmedabad,Bodakdev,23.044447519427255,72.51315335897664,Villa,2498.0,4,3,15,10,17,1,Unfurnished,2.4970332254231997,3.7888814543664,1.4161668441871127,6.8575219977971775,78.86772663840499,11.423486130569959,34620719.0,72701.0
TXN01244,2024-05-29,Ahmedabad,Bodakdev,23.033412539301946,72.50562075655805,Row House,1361.0,2,2,3,2,7,2,Furnished,1.614169990371943,3.1263954699682492,2.290707732892151,7.641349047670329,70.02074476218945,8.361337168338613,20879840.0,43074.0
TXN01245,2020-10-13,Ahmedabad,Bopal,23.028142749049845,72.46771877241059,Apartment,757.0,2,2,20,8,11,2,Semi-Furnished,2.727119528687627,3.6029025833090302,3.295099614440569,14.094376031536061,86.8172753094187,8.602372559393313,6078165.0,13151.0
TXN01246,2020-11-10,Ahmedabad,Chandkheda,23.106688903922077,72.57877175156095,Row House,1904.0,4,4,19,9,14,0,Semi-Furnished,2.5688884448463205,3.459539586800859,2.203662994868745,5.0,80.37845131044973,12.331998625117649,14154871.0,31368.0
TXN01247,2024-05-29,Ahmedabad,Maninagar,22.99854095206837,72.60142092646497,Apartment,1139.0,2,2,14,12,18,1,Semi-Furnished,2.5548431868342005,3.058413172716404,3.44392898382873,12.48590874654528,70.33323221234488,6.084278727308323,7540481.0,18348.0
TXN01248,2022-03-15,Ahmedabad,Prahlad Nagar,23.008278478895658,72.50505147021809,Row House,2794.0,4,3,16,11,13,2,Semi-Furnished,2.542586710376477,2.579542100964293,2.897526111725637,9.52171649557645,79.4250963181612,7.094092337010307,33434755.0,71430.0
TXN01249,2023-11-29,Ahmedabad,Bopal,23.03685421915292,72.46831002533186,Villa,1829.0,3,3,13,7,8,2,Furnished,2.777122040580663,2.965616044695255,2.7586237117122776,11.37865102827211,88.16602374154084,9.467836341780966,15934847.0,36139.0
TXN01250,2025-02-11,Ahmedabad,Gota,23.086736616985622,72.54613813637638,Villa,1931.0,3,4,17,4,14,0,Semi-Furnished,2.742282245570804,3.535923016354777,2.9071941091350366,9.420822116567821,87.47458578547186,9.826138989168248,15507533.0,33848.0
TXN01251,2022-06-05,Ahmedabad,Bodakdev,23.03850401622808,72.50834506473642,Row House,2793.0,5,4,2,5,10,1,Unfurnished,2.3603219215340987,2.3451033299928263,2.1150873335583293,13.576849084955555,74.68587637405396,9.199033429462771,38259878.0,80817.0
TXN01252,2022-01-27,Ahmedabad,Gota,23.083637699101605,72.53864987241106,Apartment,1369.0,3,2,22,4,9,1,Furnished,2.3912048330232007,3.9125836230358964,3.301686573081017,5.0,84.5648882784356,10.290144325911404,11010499.0,24586.0
TXN01253,2020-01-09,Ahmedabad,Vastrapur,23.04013492879899,72.53104941212129,Apartment,1619.0,3,4,8,3,16,0,Unfurnished,1.7237461305463326,3.062401667512754,2.6328371289566013,18.740614169685443,73.02647917261058,7.873282236460708,14617568.0,35491.0
TXN01254,2025-03-13,Ahmedabad,Satellite,23.022696356575842,72.51420521645882,Villa,1224.0,2,2,3,11,17,0,Semi-Furnished,2.268591059376818,2.6340100190797178,1.653122993066964,10.3652768086283,83.02858941198565,10.804667814709562,14969403.0,32977.0
TXN01255,2020-12-08,Ahmedabad,Gota,23.091675157636278,72.54307156924594,Villa,1660.0,3,4,22,2,6,0,Unfurnished,2.968937161577498,3.3215680215647283,2.257126442029796,5.0,77.30101328245476,11.026395226646443,11053445.0,27912.0
TXN01256,2020-07-21,Ahmedabad,Maninagar,22.990301462092347,72.59498469262165,Apartment,1010.0,1,1,9,1,11,0,Unfurnished,3.0510337683847224,3.588285366366213,3.0569834951213695,24.528003121473247,76.68081213743365,4.948662481529592,6216584.0,17254.0
TXN01257,2022-04-16,Ahmedabad,Bodakdev,23.042322037925135,72.5075407768212,Villa,2733.0,5,4,19,8,19,1,Unfurnished,1.7477830718456553,3.0362431455204035,2.63400530092734,5.0,67.07754632463828,11.264290294149358,38160207.0,74665.0
TXN01258,2023-11-05,Ahmedabad,Bopal,23.031265863628164,72.46694857310331,Apartment,1747.0,3,4,4,6,9,0,Furnished,2.515649282577041,2.9932811676900446,2.5889936900787904,5.0,74.71202326470987,10.61416441996207,15155381.0,34739.0
TXN01259,2025-09-24,Ahmedabad,Thaltej,23.055705866648495,72.5220918122166,Apartment,1687.0,3,2,10,9,12,1,Unfurnished,2.481513379794513,2.5228714118435436,2.7804824133060126,17.560255028026575,71.6243921082494,8.703263514495793,15667005.0,34656.0
TXN01260,2021-12-25,Ahmedabad,Maninagar,22.99004591037204,72.59835285304929,Row House,622.0,2,3,1,8,19,0,Furnished,2.628712561067645,3.3744005509382777,1.9951242329597436,15.456444434594012,70.8617576149653,8.796706318131616,4950167.0,11453.0
TXN01261,2022-05-24,Ahmedabad,Chandkheda,23.10795558040243,72.58818795552915,Apartment,631.0,1,2,23,3,18,2,Semi-Furnished,2.7840029876324746,3.0354687159143703,2.5844909120181963,11.039542173404437,83.39338067060936,9.65873122818001,4673717.0,10221.0
TXN01262,2022-01-04,Ahmedabad,Vastrapur,23.0423539438138,72.5243179772809,Apartment,2782.0,4,4,10,11,12,0,Unfurnished,2.435747694931552,3.304779033373371,2.030777987953085,10.946699632481252,74.89532799806938,8.938359414328964,27198128.0,65013.0
TXN01263,2022-06-13,Ahmedabad,Bopal,23.03419726613945,72.46435193746443,Apartment,1580.0,3,2,24,9,14,1,Furnished,2.223719988636462,3.4834601082383316,3.180626273704638,5.0,85.12023814051524,8.47349830894758,12141544.0,31645.0
TXN01264,2022-10-27,Ahmedabad,Thaltej,23.046307550114456,72.5050035366418,Apartment,1037.0,2,3,3,5,12,2,Semi-Furnished,2.9410334659502237,2.9921211674795427,2.739065861821709,15.01651021978167,82.1710828208952,9.18090450343375,11101791.0,22225.0
TXN01265,2020-05-10,Ahmedabad,Thaltej,23.053578851359113,72.52002892880078,Villa,1795.0,3,2,10,12,13,1,Unfurnished,2.5115920371310683,3.898768393523185,2.869074458166517,10.704834877535147,80.73027816102422,8.577370754262232,16327511.0,35097.0
TXN01266,2022-11-08,Ahmedabad,Satellite,23.03066276498095,72.51972650800352,Apartment,1877.0,4,4,18,2,19,0,Semi-Furnished,1.557631617301419,2.5054339227200226,2.585149424804813,14.561317432564127,72.28027190751756,6.485312701725858,20028160.0,45470.0
TXN01267,2025-08-31,Ahmedabad,Bodakdev,23.046211821639695,72.50700116547931,Row House,2418.0,4,4,4,1,10,0,Semi-Furnished,2.8634747243571192,1.5172784641578738,2.4817378118387694,12.824466054145404,68.4159415450265,9.114201997711044,32116140.0,70008.0
TXN01268,2023-10-20,Ahmedabad,Maninagar,22.99583108826244,72.59743073843251,Apartment,1342.0,3,3,5,6,18,2,Unfurnished,3.111825821194094,3.639199560742408,1.8832400170012413,9.778848936353327,72.59317810016253,11.160666239956587,9394706.0,19826.0
TXN01269,2019-04-19,Ahmedabad,Gota,23.08953418008514,72.54243249159666,Apartment,2530.0,5,4,21,2,11,1,Furnished,2.9527585475203866,4.149073390554693,2.6555352789730353,15.552153352085275,81.12762820860074,8.271723729705645,19020008.0,47400.0
TXN01270,2023-07-01,Ahmedabad,Thaltej,23.049822510561793,72.51442459426589,Villa,898.0,1,1,16,11,11,0,Semi-Furnished,3.233574287460922,3.1236628254894634,2.4476018674402664,8.53376323901417,77.97539161790762,6.7892761064564455,8128701.0,18737.0
TXN01271,2020-07-26,Ahmedabad,Bopal,23.029367945053913,72.46573627128308,Apartment,2627.0,5,4,0,6,10,0,Semi-Furnished,3.118720308694099,3.3386141547538006,2.6592167667904594,11.200942547410525,85.9424842110808,11.25370051906788,22442602.0,48820.0
TXN01272,2020-05-10,Ahmedabad,Shela,23.001767572546978,72.46713775861073,Apartment,1900.0,4,4,10,9,14,2,Furnished,2.144053485249126,3.3181087437390686,2.3064534256470837,9.728218132944052,91.90813515497467,8.682298769382694,14402763.0,30087.0
TXN01273,2025-08-19,Ahmedabad,Chandkheda,23.109322364243774,72.57647358879963,Apartment,1894.0,4,4,18,11,13,1,Unfurnished,2.7496721317758217,2.9248291575891714,2.6844303833807017,11.396418128241825,74.45105794412117,8.428686388599463,12051585.0,29963.0
TXN01274,2019-03-07,Ahmedabad,Gota,23.08924322232063,72.5340794618811,Apartment,2387.0,4,4,4,10,10,2,Unfurnished,3.239004692357016,3.5416932432258696,2.165576375269258,8.257725963316616,85.06143425447779,8.330271522224875,16958721.0,39124.0
TXN01275,2021-08-30,Ahmedabad,Chandkheda,23.114305808683554,72.57567611908027,Row House,815.0,1,1,0,9,19,1,Semi-Furnished,4.17017573600587,3.4853262288185025,2.649911599067803,5.063544487875653,87.48887030869787,6.422352989976126,5583093.0,14049.0
TXN01276,2023-06-06,Ahmedabad,Bodakdev,23.037928013579833,72.50911139374567,Apartment,1614.0,3,3,11,1,11,1,Unfurnished,2.530669314015629,2.77380800242369,3.0669877445227973,18.27465098982304,98.6567179452168,9.854358873939281,20595143.0,48083.0
TXN01277,2022-10-04,Ahmedabad,Maninagar,22.992646171128236,72.60091127789082,Apartment,966.0,3,4,7,3,16,1,Furnished,2.1779778216598884,3.586345316975659,3.133641522547623,17.07218732451846,76.13737641621995,10.68259158294882,7920757.0,18075.0
TXN01278,2021-05-04,Ahmedabad,Satellite,23.027192295521807,72.51488627929132,Villa,1214.0,2,2,22,6,7,1,Semi-Furnished,1.1671934546550533,2.373503617792452,1.6288882891650973,10.64228580477949,59.39316150278279,10.827517190817082,13799532.0,32268.0
TXN01279,2020-04-09,Ahmedabad,Bopal,23.035458809751155,72.46020334312006,Apartment,2292.0,5,4,7,8,12,1,Furnished,1.9451200866279124,3.2176354395535354,2.7561784035785637,6.774336588126514,84.54132609511434,10.75537881831547,21590177.0,46640.0
TXN01280,2024-01-20,Ahmedabad,Vastrapur,23.03682767074365,72.53609599240438,Apartment,2448.0,5,4,25,9,17,0,Unfurnished,2.3750200308941465,3.014944008279532,1.8393298952192665,21.155550399519875,66.12598352879733,6.514233387184767,21995782.0,56998.0
TXN01281,2025-06-30,Ahmedabad,Shela,23.00399783096869,72.46378913799063,Apartment,2319.0,5,4,7,6,19,0,Unfurnished,3.271844150616154,3.310119269559838,2.719619425096891,19.44882160953634,91.73548779657435,8.969423396699248,14359875.0,34441.0
TXN01282,2020-08-12,Ahmedabad,Vastrapur,23.03591911456615,72.53423416763385,Apartment,2195.0,4,4,8,1,14,1,Semi-Furnished,2.6887490111510717,1.9416145343957913,2.7865280944812247,23.221469221617422,83.87881833361,9.045623509381448,22284512.0,55651.0
TXN01283,2021-12-15,Ahmedabad,Thaltej,23.053567235935812,72.52038827355577,Row House,1924.0,4,4,23,7,12,0,Unfurnished,3.1703016009838425,3.693374693936417,1.7517162775288246,13.43016085849588,71.31222830919612,9.14123897184019,17489910.0,42803.0
TXN01284,2024-01-29,Ahmedabad,Bopal,23.031957618200646,72.4656845660642,Apartment,1117.0,2,3,0,5,13,0,Furnished,3.0127424264782956,2.805209186226618,2.1016914206156687,12.470120184231984,82.85124873759055,11.430677441519578,9459061.0,23877.0
TXN01285,2023-06-25,Ahmedabad,Prahlad Nagar,23.00845436510191,72.50865068061023,Apartment,834.0,2,1,7,3,8,0,Furnished,2.9227857557816375,3.0356722834357037,1.9600547879224015,5.089182046869782,75.04309566169633,9.54115960690064,10710800.0,23608.0
TXN01286,2020-04-24,Ahmedabad,Bodakdev,23.03415540071515,72.50552474167591,Row House,1867.0,4,3,14,12,17,0,Furnished,2.821385949499317,2.8238587484982625,1.2814671178801063,5.0,84.65222163020944,8.542133327190733,24733906.0,60390.0
TXN01287,2024-09-03,Ahmedabad,Prahlad Nagar,23.00919993612008,72.50192822525065,Apartment,1949.0,4,3,2,4,17,1,Furnished,1.8981099464516955,2.633624424063854,1.8215882549332498,14.03355973209525,75.03120434685268,10.224976523712703,26846234.0,59443.0
TXN01288,2021-09-13,Ahmedabad,Bodakdev,23.043017343189753,72.50424864099885,Row House,2328.0,4,3,17,11,18,0,Unfurnished,1.9348581607952067,2.9754087945009875,2.340928604449764,6.601443805455122,85.70693686153557,8.40029756841434,28030607.0,68167.0
TXN01289,2022-12-27,Ahmedabad,Gota,23.087258672704355,72.54034187130613,Apartment,2255.0,4,3,22,2,13,0,Semi-Furnished,2.829235731221978,3.4109584958538206,3.0000163305384833,6.340332452402972,91.85573066130955,10.258771852907289,16801717.0,38174.0
TXN01290,2024-11-17,Ahmedabad,Shela,22.999568660756776,72.46451231846498,Villa,1294.0,2,2,18,6,14,0,Semi-Furnished,2.49526899200902,3.447658592088076,2.3312292594331527,5.0,89.23406929644212,9.991841523731544,9417270.0,19974.0
TXN01291,2022-06-30,Ahmedabad,Satellite,23.028387438791018,72.5225137852269,Villa,2044.0,4,4,19,3,8,2,Semi-Furnished,2.6741558505261462,3.209868885115982,2.480769319866807,20.558722703115663,72.17425835552464,8.362935147602077,24760087.0,48667.0
TXN01292,2022-01-08,Ahmedabad,Gota,23.090020219724842,72.5384180241554,Apartment,2591.0,5,4,16,10,13,2,Furnished,3.269352633148636,3.5042298149982014,3.286702941053273,5.0,82.32127832487257,11.620118553462982,20086227.0,52714.0
TXN01293,2024-07-11,Ahmedabad,Bopal,23.036451308055742,72.46913815368384,Apartment,2433.0,4,4,3,4,11,1,Semi-Furnished,3.0864690619473905,3.3708252700459087,2.9742961469499196,13.013613281103728,76.87814402525706,9.35897744878459,21118489.0,45873.0
TXN01294,2019-07-04,Ahmedabad,Bopal,23.030742321309642,72.46848944836646,Apartment,1952.0,3,4,7,4,16,2,Semi-Furnished,3.3218510273647928,1.9875173668213855,2.771214145655637,5.0,88.10062458138282,8.538302645004302,14631120.0,33533.0
TXN01295,2019-10-28,Ahmedabad,Vastrapur,23.04198748630957,72.52810046701964,Row House,1344.0,2,3,5,10,14,1,Furnished,1.9990191965187747,2.0449038180753902,2.5995369017846706,20.343695483144305,77.25170678801865,10.186115915990019,15270327.0,35723.0
TXN01296,2023-09-29,Ahmedabad,Bopal,23.03473066575228,72.46528903020611,Apartment,2513.0,4,4,17,12,14,0,Semi-Furnished,2.738567720151352,3.1976788611593996,2.0539778008339518,5.0,86.44855589324389,8.436288689028203,19557494.0,46931.0
TXN01297,2023-06-20,Ahmedabad,Gota,23.093000177543445,72.53843631143381,Apartment,847.0,1,1,7,11,13,2,Semi-Furnished,2.444285347461573,3.8153216262444585,2.1833446811630504,12.28930580763295,85.96405077854388,9.241831303480609,6180075.0,13730.0
TXN01298,2022-11-12,Ahmedabad,Shela,23.00323271637401,72.46543658527241,Apartment,742.0,2,2,7,10,18,0,Unfurnished,2.414847259909547,3.917419443268868,2.580816617544337,5.0,85.06075115249354,7.885048035779304,4636937.0,10934.0
TXN01299,2022-04-14,Ahmedabad,Bodakdev,23.038366458293936,72.50907042420903,Apartment,2256.0,4,3,18,1,8,0,Semi-Furnished,1.7259850858625512,3.271725744347751,1.050109140896371,19.946549655160286,74.8003922251772,7.289013120188711,28788583.0,69806.0
TXN01300,2024-04-04,Ahmedabad,Bodakdev,23.046784199979392,72.50586616263192,Apartment,989.0,2,1,20,12,18,2,Furnished,2.7074044658918743,2.0399546214163458,1.9530236106924272,17.120947353141275,85.29627811693823,9.801275519669657,15168327.0,32482.0
TXN01301,2024-11-25,Ahmedabad,Gota,23.097405935390253,72.5398856342084,Villa,1482.0,2,3,22,4,14,0,Semi-Furnished,2.991909634759463,3.0590108477287976,3.3438355151380357,5.0,92.43633519453194,8.07361831066496,9943599.0,25900.0
TXN01302,2023-06-27,Ahmedabad,Prahlad Nagar,23.011097382071053,72.50977684411654,Apartment,769.0,1,1,0,5,19,2,Semi-Furnished,2.2781613528399194,3.821164672694595,2.362701255296975,15.880871924763067,81.24300786916675,10.69445211763287,10710358.0,21445.0
TXN01303,2021-11-19,Ahmedabad,Shela,23.007165283845424,72.46426962925777,Apartment,2135.0,3,4,16,7,13,1,Semi-Furnished,3.014828621886253,3.6384125705936667,3.1352323280750096,5.831460535017284,91.28104914933891,7.085277107561662,15006903.0,33897.0
TXN01304,2024-05-07,Ahmedabad,Maninagar,22.994863052731027,72.60392186838801,Villa,557.0,1,1,15,1,19,2,Semi-Furnished,3.052301831326698,2.3532666851982684,1.9638128150786618,21.65482260633128,72.36755563625066,7.549149095593717,3746419.0,9423.0
TXN01305,2021-11-01,Ahmedabad,Gota,23.088751820740768,72.54347241428627,Villa,2214.0,4,4,11,3,19,0,Furnished,2.996375976477571,3.9945358721905015,2.8294488991207483,5.0,81.53070449077627,9.272042424294979,17938242.0,38399.0
TXN01306,2020-06-03,Ahmedabad,Gota,23.081036700843857,72.54039059635173,Villa,1904.0,4,4,15,9,9,1,Furnished,2.7629770288907305,3.3151039668572517,2.948116735314626,6.88275185537327,78.86865281461313,8.803407305642729,15055876.0,35103.0
TXN01307,2020-12-27,Ahmedabad,Thaltej,23.049841429545257,72.50767158824848,Apartment,1911.0,3,3,7,12,17,2,Unfurnished,3.1863679656261366,2.74152120104476,2.476251395069122,23.57215064945821,78.24249905241356,9.35766900169402,17649538.0,40901.0
TXN01308,2019-11-27,Ahmedabad,Bodakdev,23.036542435779594,72.50636088091416,Apartment,2745.0,5,4,12,3,10,1,Semi-Furnished,2.0005800701960648,2.993208180083835,2.8467237906342557,5.0,93.70590964180633,7.993327356576639,36027864.0,82727.0
TXN01309,2019-06-02,Ahmedabad,Vastrapur,23.043600653070563,72.52888905975064,Apartment,1534.0,3,2,0,3,17,0,Furnished,2.5370283528579107,3.3619443968250007,2.4901440252922793,13.553309088218398,74.13267517707105,7.793468322026415,16782185.0,37997.0
TXN01310,2022-11-22,Ahmedabad,Bopal,23.030516882202736,72.45675865901585,Apartment,1428.0,3,4,0,2,18,1,Semi-Furnished,2.8387015869148415,3.217539145898097,2.7155326846912353,9.627701354360848,78.31770258461637,9.432908273377564,12455714.0,25092.0
TXN01311,2023-12-03,Ahmedabad,Bodakdev,23.039325597059655,72.50702613452495,Apartment,753.0,1,2,22,2,16,1,Semi-Furnished,2.6646815191213515,2.583390998471744,3.0759282786830378,14.98012379145896,83.57973774674565,9.473735437342993,10181626.0,22649.0
TXN01312,2021-01-14,Ahmedabad,Satellite,23.02762595495172,72.51332473991478,Apartment,1533.0,3,4,13,11,18,0,Semi-Furnished,2.3094724689944677,1.6347039383108708,3.1950698334958303,8.643478318868198,67.68546928294955,9.049047719503209,15933026.0,38693.0
TXN01313,2020-02-11,Ahmedabad,Chandkheda,23.114600956471925,72.57656947174097,Apartment,2785.0,5,4,6,4,7,2,Furnished,2.378547208912423,3.8042831939920987,3.1575160755450242,5.0,84.94994650008594,9.28403300570222,20668069.0,48666.0
TXN01314,2022-09-07,Ahmedabad,Thaltej,23.05429024697198,72.51262288955985,Apartment,2369.0,4,4,1,5,18,2,Furnished,2.6657324132418427,2.7943663632369944,1.947708997209415,16.970789293165478,79.27208320977404,8.640871241221639,26584748.0,54533.0
TXN01315,2019-12-25,Ahmedabad,Bopal,23.028635686977953,72.45429169527728,Apartment,2086.0,4,4,11,7,13,1,Semi-Furnished,2.692775097345554,2.6704108791188874,3.4253143964701596,5.915579422016373,89.95731864991126,10.675494333848508,17271870.0,36271.0
TXN01316,2021-03-17,Ahmedabad,Maninagar,23.003512304548806,72.60031948978039,Apartment,1729.0,3,2,4,5,18,1,Semi-Furnished,3.1784936340119794,3.1156742984104118,3.6316607909070093,14.72559897069166,64.39958844623784,8.802401320670642,13992385.0,29658.0
TXN01317,2022-03-29,Ahmedabad,Thaltej,23.04614421585252,72.52338961631271,Villa,1424.0,3,3,14,10,16,0,Semi-Furnished,1.880827040235395,3.008514045769842,3.047806018563352,16.485323273965232,64.60968170297741,7.455864935531851,13255189.0,33905.0
TXN01318,2025-10-03,Ahmedabad,Shela,23.009823950035628,72.46019488595086,Apartment,796.0,1,1,4,5,10,1,Semi-Furnished,2.9944991297619357,3.6700471973608453,3.0054158153944557,5.404356628118046,87.04787494568225,9.188490811799975,5473392.0,12495.0
TXN01319,2022-02-14,Ahmedabad,Shela,23.006266495171705,72.46806953907611,Row House,1024.0,1,1,17,10,13,2,Unfurnished,2.6848890561076133,3.9913322228064327,3.074957357118089,10.727042771041486,91.41707594469158,9.015093403321696,6433082.0,13427.0
TXN01320,2020-10-08,Ahmedabad,Thaltej,23.041834709536122,72.51310004065311,Apartment,1579.0,2,3,7,11,11,2,Unfurnished,2.516550310139235,3.8697032490314545,2.7013912868955887,26.06521606331203,72.07722004057753,9.423026804327227,14490382.0,32754.0
TXN01321,2023-03-19,Ahmedabad,Maninagar,22.993870324387373,72.59620802637616,Apartment,1985.0,5,4,9,3,15,2,Semi-Furnished,2.673426589223835,3.955084904013435,3.1827413518883896,23.7306928426663,73.59472621930527,8.237726980201735,14034088.0,35419.0
TXN01322,2025-07-08,Ahmedabad,Gota,23.08741784381456,72.53517751833297,Villa,1338.0,2,2,5,12,14,1,Furnished,2.6109340291103154,2.9997666403037213,2.923981716551969,7.278457253017869,82.67055042210222,8.893332937056446,10440009.0,24922.0
TXN01323,2025-09-26,Ahmedabad,Prahlad Nagar,23.010030218927994,72.50966439470353,Row House,1657.0,4,3,17,2,11,0,Semi-Furnished,1.147243998317724,2.406605181920722,2.5892801820943556,5.2703177068929765,80.26193562459414,9.730404769519197,19066676.0,46598.0
TXN01324,2025-02-24,Ahmedabad,Vastrapur,23.033905667516613,72.53248441203587,Apartment,890.0,2,2,13,6,9,2,Semi-Furnished,2.9032168293130747,3.09161907799072,2.7498392292768026,25.680949334583893,68.7059558867349,8.391029295759546,9517327.0,20126.0
TXN01325,2024-04-16,Ahmedabad,Bopal,23.029129846045944,72.46533980490119,Row House,1485.0,3,4,2,9,18,0,Semi-Furnished,3.139937557087088,3.59968981006645,2.0722860589908283,10.863599867960197,78.551373243199,8.550400173539307,12516137.0,26897.0
TXN01326,2024-09-09,Ahmedabad,Gota,23.091359490275323,72.54286126996072,Apartment,1791.0,3,3,21,1,9,0,Unfurnished,2.6671827139188435,2.533916896749664,2.329017026175686,18.236001151629715,87.90793379866862,10.717795235985136,12067069.0,27954.0
TXN01327,2022-07-15,Ahmedabad,Maninagar,22.997789024432983,72.60368496915457,Apartment,2380.0,4,4,15,7,8,1,Semi-Furnished,3.1291081514316357,2.6666238605409385,3.2868331198157796,10.477675706269851,56.708202489371516,10.03543633511104,17763666.0,43886.0
TXN01328,2021-09-04,Ahmedabad,Thaltej,23.050975249996267,72.51605359535638,Apartment,1793.0,4,4,10,8,11,2,Semi-Furnished,2.909100297816508,3.1852320727835406,2.4150199994559784,5.0,78.6401578698363,10.30008078651545,17848120.0,41842.0
TXN01329,2019-08-26,Ahmedabad,Bodakdev,23.042344751182696,72.50376180027395,Apartment,2321.0,4,4,13,3,9,1,Furnished,2.184485597354675,2.9102836429998784,2.8894389319124096,8.030529438187251,83.59334368305863,10.202387244773764,33389309.0,79341.0
TXN01330,2022-12-27,Ahmedabad,Satellite,23.030407015506107,72.51229205970078,Apartment,651.0,1,1,0,9,11,1,Semi-Furnished,2.648459445117447,2.312375426293414,3.2404401910769884,9.828592101659208,79.13659482001214,7.10828168812621,6760326.0,17886.0
TXN01331,2022-08-28,Ahmedabad,Gota,23.088303613077997,72.53832399796092,Apartment,2186.0,4,4,9,5,18,0,Unfurnished,3.006983462865495,3.6450889981473793,3.430044293165585,6.647329982616286,77.18803720481154,9.32124769854079,15330624.0,34587.0
TXN01332,2021-10-03,Ahmedabad,Thaltej,23.053209540619722,72.51391917791835,Apartment,833.0,2,1,16,7,9,2,Unfurnished,2.820223581203273,2.912822961573135,2.6022597048497675,14.52014402967157,78.28950220937668,11.142009129701202,8192712.0,16640.0
TXN01333,2024-07-15,Ahmedabad,Shela,23.000773689380054,72.46290289648145,Villa,1733.0,3,3,20,9,9,1,Semi-Furnished,2.9160179181641164,4.2839876015243945,2.421144146330721,19.902814755113383,89.48126740371477,9.61731408375143,11801536.0,24641.0
TXN01334,2019-02-06,Ahmedabad,Satellite,23.03562877456606,72.52169988287761,Apartment,1370.0,2,2,23,9,11,0,Furnished,1.661856268866277,2.769529821606517,3.042143366118702,12.228190307745887,71.42071806521093,7.451907570170757,15844332.0,36947.0
TXN01335,2023-06-29,Ahmedabad,Maninagar,23.00105018890627,72.59842427025887,Apartment,1564.0,2,3,5,12,17,2,Semi-Furnished,1.8782452566985728,3.545156173887719,2.7107645558658686,20.295848481051664,62.398181683959,9.488274235329081,12552990.0,26400.0
TXN01336,2025-05-05,Ahmedabad,Thaltej,23.047139676865946,72.51216658184839,Apartment,1654.0,4,4,21,7,16,0,Unfurnished,2.5458662838960135,2.509940367874199,1.1015849213437894,28.24549977715736,58.33881953240166,9.154931493299518,14948865.0,35405.0
TXN01337,2024-05-30,Ahmedabad,Bopal,23.03894193692612,72.45904048175731,Row House,2445.0,4,3,15,6,17,2,Unfurnished,2.6007008252443438,3.498535317844569,2.807724515967512,13.156548990147769,86.18515132049531,10.602445968994637,18706759.0,42459.0
TXN01338,2021-06-07,Ahmedabad,Thaltej,23.04568185792028,72.51311146376972,Apartment,1665.0,2,3,14,7,11,2,Unfurnished,2.4420104085800554,3.025332657300629,2.3375226373901503,21.07613454860779,73.2201187920962,8.914242673480745,15189795.0,33850.0
TXN01339,2021-07-18,Ahmedabad,Shela,23.0083930393005,72.46330565504641,Apartment,2471.0,5,4,7,2,13,2,Unfurnished,2.888359619247208,3.6245080446595797,3.2081878354971254,10.816334487468382,84.9768913805318,10.010655791377411,15683250.0,34916.0
TXN01340,2025-02-14,Ahmedabad,Prahlad Nagar,23.01562751037415,72.50981136580357,Apartment,2120.0,3,3,3,6,19,1,Unfurnished,2.679706902547126,2.7834792924210103,2.8854538472849285,16.81919336799914,90.76346593801621,6.418807823405891,22331476.0,52869.0
TXN01341,2023-10-21,Ahmedabad,Gota,23.07821034773605,72.53970886697671,Villa,1200.0,3,4,19,9,16,1,Semi-Furnished,3.279530796057364,3.6196076450612455,4.052954230245701,8.590178369246631,85.31898386375875,9.380921213717585,8998631.0,21860.0
TXN01342,2021-11-08,Ahmedabad,Bopal,23.03227264852768,72.46542660816908,Apartment,2030.0,3,3,5,9,19,2,Furnished,2.9278665962369113,3.9507745170990023,2.8753297053844613,14.398382158288959,79.96395083644106,9.668331223391464,17405271.0,38547.0
TXN01343,2024-03-23,Ahmedabad,Maninagar,22.9963637485744,72.59188387946509,Apartment,1164.0,1,1,17,9,9,2,Semi-Furnished,2.1662453784275484,3.243741852523033,2.8123578597637433,16.76737588341126,64.87630154024683,8.303304917654419,9336300.0,19380.0
TXN01344,2019-12-04,Ahmedabad,Bodakdev,23.041915753722723,72.4970215583893,Apartment,1294.0,2,3,18,6,9,0,Furnished,2.0929637431635766,3.6145595227940537,1.9378572066577682,26.049448278289297,86.99269172430593,11.034501092553876,18181380.0,43470.0
TXN01345,2023-02-01,Ahmedabad,Maninagar,22.99208960666893,72.60413328781166,Row House,2064.0,4,4,13,11,18,0,Semi-Furnished,2.340415542760791,3.397941771797007,1.8429736027921981,15.163968888897571,65.12274714854863,6.280405213138508,14238535.0,36412.0
TXN01346,2020-03-13,Ahmedabad,Satellite,23.027497913470487,72.51745599425789,Villa,2781.0,5,4,3,11,19,0,Furnished,2.5321179434606065,1.7876460434626322,2.362908182788162,17.506981969313102,70.40641249379948,9.413283446301989,35473293.0,72188.0
TXN01347,2023-06-17,Ahmedabad,Vastrapur,23.03622252884257,72.53206917694743,Row House,619.0,2,2,18,10,18,1,Furnished,2.54737309215736,1.8452415834254592,2.954392986231303,16.11805124845659,69.56433884380104,9.71030864938827,6676841.0,14480.0
TXN01348,2021-07-18,Ahmedabad,Chandkheda,23.108864254023878,72.57691076888987,Apartment,603.0,1,1,2,12,17,0,Furnished,3.7013597437639403,4.615748131709137,3.131527214330457,8.950851094409032,85.45150970631165,9.763250145996997,4510936.0,10076.0
TXN01349,2024-04-22,Ahmedabad,Chandkheda,23.10975849661556,72.57917392808689,Apartment,2689.0,5,4,22,12,18,0,Semi-Furnished,2.3994970747662934,4.059915420236146,3.5729380917368685,5.0,75.79604319877811,11.591829566696308,20013382.0,44541.0
TXN01350,2021-06-27,Ahmedabad,Prahlad Nagar,23.019125467885676,72.5118406404357,Apartment,648.0,1,1,6,8,8,2,Semi-Furnished,2.3922077322728224,2.2326762688182074,2.7099430005905334,11.38471312349582,78.10059258177641,8.803773601606219,8707300.0,16942.0
TXN01351,2023-01-26,Ahmedabad,Chandkheda,23.113338639904306,72.57995113248408,Apartment,787.0,1,2,20,1,12,0,Furnished,2.834027352092074,3.887956505936792,3.4652712913323263,6.073069749386705,74.10808951324293,10.279079705656477,5376076.0,13384.0
TXN01352,2021-10-22,Ahmedabad,Prahlad Nagar,23.013694087045394,72.51297848402717,Villa,1684.0,3,2,1,2,13,1,Semi-Furnished,1.5594964697438454,1.8986940835003294,2.0398680127310276,12.151145699620749,74.66190911194053,9.195659832572188,21362841.0,46229.0
TXN01353,2019-05-20,Ahmedabad,Bodakdev,23.040258582086654,72.50892349248431,Apartment,679.0,1,1,21,9,16,1,Furnished,1.6579029332746544,2.7467264456519205,2.151468888059281,10.177676808044332,84.62130073630121,8.13425542969565,10280927.0,20762.0
TXN01354,2022-07-30,Ahmedabad,Vastrapur,23.042077171423415,72.53271717152268,Apartment,2410.0,4,4,16,12,16,1,Semi-Furnished,2.725179950424092,2.431896979788853,2.0686407419415804,18.174952707399893,75.77406148578591,10.636347637096932,29284226.0,60707.0
TXN01355,2022-10-07,Ahmedabad,Satellite,23.031195069139883,72.52003254156588,Apartment,1653.0,2,2,11,1,12,0,Furnished,1.6878799713352555,2.317766389943451,1.593285641131465,12.237459087476514,70.51426205926306,9.868643628590544,19978221.0,42753.0
TXN01356,2024-04-11,Ahmedabad,Bopal,23.03115866124846,72.46686370595313,Apartment,1503.0,2,3,10,9,10,2,Unfurnished,2.8479786486473686,3.4067198636527616,2.5299890308710062,5.5364191767775095,81.8615906120016,9.403306246452072,12422837.0,24947.0
TXN01357,2025-04-27,Ahmedabad,Chandkheda,23.116915283123866,72.57510955488301,Apartment,1371.0,3,3,10,3,13,1,Furnished,2.768421454453559,4.216521775438321,2.9819470477938483,10.642247554417372,77.93001385599467,10.23469631302799,10464355.0,23088.0
TXN01358,2019-11-11,Ahmedabad,Shela,23.000446026679757,72.46169818764962,Apartment,2071.0,4,4,24,1,7,2,Unfurnished,2.5902307817199657,2.6306580554224346,3.2704122383176264,5.0,84.7902722106543,10.480585055641328,13622041.0,30253.0
TXN01359,2020-11-27,Ahmedabad,Maninagar,22.9973002836897,72.5982656557172,Apartment,1845.0,4,4,7,3,19,0,Unfurnished,2.430838243288072,3.342765086054988,2.9897208774590216,32.560201655718686,57.18177793381997,10.015837461768943,12478472.0,29093.0
TXN01360,2021-04-01,Ahmedabad,Gota,23.08734292268962,72.5381850316709,Apartment,1575.0,3,2,4,12,19,0,Furnished,2.990274016052801,2.608918446976108,2.870129326726571,5.0,90.68465023893977,11.104932443834622,13130485.0,28261.0
TXN01361,2024-11-10,Ahmedabad,Gota,23.08373045867987,72.53938900314462,Apartment,1009.0,2,1,5,7,10,0,Unfurnished,2.8051023461963713,2.7327832849112874,3.0091343324189106,15.280741128462086,84.03113683750999,10.068949009545822,6572765.0,17742.0
TXN01362,2020-08-29,Ahmedabad,Bopal,23.02760359258144,72.46643837082217,Apartment,901.0,1,1,2,3,4,1,Semi-Furnished,2.879369390236942,2.4776573778000266,3.0899724064296725,5.0,82.47561384622696,9.584667495293667,7727112.0,16416.0
TXN01363,2019-07-06,Ahmedabad,Prahlad Nagar,23.011432081275462,72.51089781791066,Apartment,2451.0,4,3,18,9,14,1,Unfurnished,2.1751229859638714,3.3070447502873526,2.2974184187340496,5.625209252215409,88.57468978767545,12.011202208474394,31257059.0,68759.0
TXN01364,2023-10-26,Ahmedabad,Thaltej,23.05805472987879,72.51714279659721,Villa,2518.0,5,4,16,9,14,0,Furnished,2.796305076987847,3.010713422459632,2.4603750783859466,14.030470400341958,75.98910183141862,9.683829025743021,25795823.0,55485.0
TXN01365,2023-10-06,Ahmedabad,Satellite,23.02718359084987,72.51361363337334,Apartment,2354.0,4,3,17,3,6,2,Semi-Furnished,3.0770370607418656,2.950688717704719,2.285050048966516,17.105752510537446,65.97811669751317,9.90330566739526,30019677.0,61495.0
TXN01366,2025-01-31,Ahmedabad,Shela,23.00318979256709,72.45681158493382,Apartment,1209.0,2,3,9,1,5,1,Unfurnished,2.931415463666322,4.855168019519455,3.511457645805431,13.260589458547553,88.30744323308072,13.0,8350395.0,17027.0
TXN01367,2020-10-06,Ahmedabad,Thaltej,23.048379659328827,72.51661807075294,Apartment,771.0,2,1,13,1,4,1,Semi-Furnished,3.108351626073957,3.0411098527282445,2.0504979617933516,18.743334631992237,66.67083225329102,7.793052537160161,7417992.0,18028.0
TXN01368,2024-12-11,Ahmedabad,Vastrapur,23.039062435115163,72.5351116506483,Apartment,2388.0,5,4,13,4,11,0,Semi-Furnished,1.9275694689753804,2.9360121206011836,2.7983420884381256,12.392188728696741,77.99426068504064,8.603925894766057,23950463.0,55904.0
TXN01369,2020-11-15,Ahmedabad,Bodakdev,23.04027570182611,72.50932908866112,Apartment,2541.0,4,4,22,10,17,1,Furnished,2.804444751808194,3.380436099087481,1.801462993753636,10.906068212849853,80.24003569055955,8.678214355085997,37319619.0,80212.0
TXN01370,2020-05-31,Ahmedabad,Gota,23.089759474475322,72.53333050508623,Apartment,927.0,2,2,18,8,19,2,Semi-Furnished,2.81604992776629,3.513660070110961,3.243038102083224,15.823303180783556,82.4561310510757,11.454042464548587,8194098.0,17104.0
TXN01371,2023-01-22,Ahmedabad,Bopal,23.032721459686773,72.46647814253369,Apartment,2751.0,5,4,6,9,9,2,Furnished,2.311480015897822,3.520295193258926,2.4060842682589763,5.0,88.56218397282531,11.872483501756225,27172137.0,55351.0
TXN01372,2020-07-18,Ahmedabad,Prahlad Nagar,23.015468490730413,72.50810731141675,Apartment,2037.0,3,3,15,8,11,1,Unfurnished,1.6264805506182158,2.8838898754740585,2.014682870003889,15.012970270956789,80.76919490554727,10.466814661443278,23838684.0,57166.0
TXN01373,2025-06-23,Ahmedabad,Thaltej,23.051368474093437,72.52421068852911,Apartment,2034.0,4,4,24,1,9,1,Semi-Furnished,2.793906828298328,3.9337973250004117,1.93618082341323,12.760252254655734,85.9624716062253,8.823422991625725,20634020.0,42825.0
TXN01374,2024-06-22,Ahmedabad,Bopal,23.032809648640015,72.46284486392094,Row House,1114.0,2,3,7,2,5,1,Unfurnished,2.4664607851903724,3.561804160740144,2.378690714900651,11.163196333202617,75.74639574752207,10.211315572184166,8139361.0,19181.0
TXN01375,2021-02-09,Ahmedabad,Gota,23.092660402780886,72.54294984612541,Apartment,1183.0,3,2,13,2,19,0,Semi-Furnished,2.983590657238193,3.5689806060056277,4.042666121427112,8.432426547375332,77.11661039764725,9.176350966947458,8335028.0,20235.0
TXN01376,2019-10-08,Ahmedabad,Gota,23.094136487015856,72.53704995208236,Apartment,2108.0,4,3,7,4,5,0,Furnished,3.604495946622698,2.36540195658337,3.0017746760681625,12.086151732136159,77.44353407272195,9.631451426467171,17619996.0,40291.0
TXN01377,2022-11-25,Ahmedabad,Thaltej,23.048752047137356,72.51445250523143,Apartment,2608.0,4,4,17,12,18,2,Unfurnished,2.414533075278091,3.1861050915371583,2.698117868000698,17.038425613888176,74.97084639596942,10.041482273576522,27409772.0,57807.0
TXN01378,2019-06-04,Ahmedabad,Thaltej,23.055056527625077,72.51765035904656,Apartment,2622.0,4,3,4,11,14,2,Unfurnished,2.495657105035304,3.007474584815723,2.6390795719277556,7.186575403229236,81.34197697299295,9.092872076437509,25148534.0,56941.0
TXN01379,2024-09-16,Ahmedabad,Chandkheda,23.10526788016306,72.581089396347,Apartment,1711.0,4,3,3,2,5,1,Unfurnished,3.179510970911611,3.5558099520224276,2.681487353162911,9.275683022315484,84.00668487598543,10.849372913420927,12321266.0,27129.0
TXN01380,2021-09-03,Ahmedabad,Gota,23.08890813399851,72.54206749978728,Villa,1713.0,4,4,8,9,17,2,Unfurnished,2.11867105173849,3.3499061934200225,3.2136502876816175,12.227797157475718,80.05740704882312,10.784310752805247,12639562.0,25962.0
TXN01381,2025-05-21,Ahmedabad,Vastrapur,23.043782774436238,72.5236256942004,Apartment,1880.0,4,4,8,2,4,1,Semi-Furnished,2.4813580131377324,3.0889842776849195,3.33154086147906,17.787114838040484,74.76641416533333,8.070316469775479,21595543.0,47597.0
TXN01382,2022-05-18,Ahmedabad,Satellite,23.03205491197518,72.51435230679097,Apartment,2315.0,4,4,0,11,17,0,Semi-Furnished,2.302883186942882,2.851219437258059,2.439368815759124,16.555540153095784,77.32973515903528,10.21320435929266,27828111.0,53183.0
TXN01383,2025-12-07,Ahmedabad,Thaltej,23.052775886023102,72.5136940773057,Villa,1454.0,3,3,12,6,16,2,Unfurnished,2.6731950534196165,2.454617616593506,2.491698499034958,16.785245674480535,70.03248764721454,7.460802761167397,12691402.0,29751.0
TXN01384,2024-11-11,Ahmedabad,Satellite,23.03540127225435,72.52175747107519,Apartment,2786.0,5,4,11,5,18,0,Furnished,3.1949877868967813,2.658727967435995,1.3375295535939338,14.881974124684154,82.30287049313365,8.197721288673238,33668152.0,70208.0
TXN01385,2023-03-25,Ahmedabad,Prahlad Nagar,23.010447674316126,72.50320356749904,Villa,1720.0,4,3,12,10,14,2,Semi-Furnished,2.4654724593920663,2.639812562396559,1.8302025873662635,7.245819895514481,74.18575964677109,10.105508047592844,20897440.0,48456.0
TXN01386,2025-10-08,Ahmedabad,Satellite,23.025946200775053,72.51805486886754,Apartment,2431.0,4,4,22,4,19,0,Furnished,3.0297821945719385,1.9973208049006548,2.754622764396135,15.839143523945586,75.70277127093182,7.442271090869935,30104454.0,70417.0
TXN01387,2024-11-20,Ahmedabad,Shela,23.001556691796853,72.4708678739919,Apartment,1367.0,2,2,20,1,18,2,Semi-Furnished,3.4303096871625227,3.557515832239411,3.106828970018666,11.128470300105482,75.9882649870087,10.230738059182272,9234070.0,20773.0
TXN01388,2019-09-29,Ahmedabad,Maninagar,22.996997658133008,72.60417385392265,Apartment,2435.0,4,4,6,1,12,1,Unfurnished,3.178842381459376,3.233059215149058,3.328215201360347,15.016571900488135,68.44509724860723,11.751645739329923,18794064.0,38213.0
TXN01389,2023-07-06,Ahmedabad,Chandkheda,23.104392255810083,72.58372779276108,Villa,1944.0,3,4,5,3,11,1,Furnished,2.3026846300958987,4.175337428402068,2.377279982304399,5.500750315493594,91.24075441028562,9.10861168876122,14174912.0,31473.0
TXN01390,2025-01-12,Ahmedabad,Bopal,23.02994221565306,72.46171388081184,Apartment,805.0,1,2,3,4,6,1,Semi-Furnished,2.165819854171028,3.9097395824740913,2.264130162822443,11.98328380954218,79.80077248105155,8.134824607061205,6151712.0,16819.0
TXN01391,2021-02-26,Ahmedabad,Thaltej,23.048969530245927,72.51360471684889,Row House,2418.0,4,4,9,8,17,1,Semi-Furnished,2.472598587943796,3.1575068731836406,2.1373465847868744,15.60004042038651,79.25708830501924,9.860056939745396,23739019.0,56178.0
TXN01392,2025-12-07,Ahmedabad,Bodakdev,23.04107468037541,72.50869532180242,Apartment,1297.0,2,3,4,3,14,0,Furnished,3.038899106352911,2.6965255064064495,2.2149624991281778,5.0,81.09826673188608,11.956761719226323,18583090.0,47077.0
TXN01393,2024-04-11,Ahmedabad,Bopal,23.029170992438342,72.46681228601531,Row House,1507.0,3,2,13,6,10,1,Semi-Furnished,2.7565752431429784,3.0368865446239677,3.029966695445737,12.36107105129064,86.83763909021283,10.544591579862967,13247416.0,28592.0
TXN01394,2020-10-02,Ahmedabad,Shela,23.00818610541359,72.46463392521956,Villa,689.0,2,1,1,3,9,2,Semi-Furnished,2.3548656774467136,4.120416714126993,2.4327439843702403,5.0,96.73763357475848,11.167613923928549,5036923.0,11229.0
TXN01395,2022-11-29,Ahmedabad,Chandkheda,23.106254811333688,72.57521509630229,Apartment,1136.0,2,2,18,8,16,0,Unfurnished,2.7930372629707936,4.502309697256432,3.8898343065042713,13.6350079985608,79.33040607199798,7.407648346296824,6753856.0,17698.0
TXN01396,2019-06-21,Ahmedabad,Shela,23.005799243499666,72.46701777648904,Row House,1720.0,2,3,23,8,14,0,Semi-Furnished,2.910645339686819,3.252363902428892,3.169752038419262,5.0,83.92147566896024,9.524157895962068,11331064.0,28931.0
TXN01397,2021-03-11,Ahmedabad,Maninagar,22.999152030304224,72.60093700375191,Villa,2550.0,4,4,19,2,18,1,Semi-Furnished,2.4126923461915744,2.889997321153653,2.78932031798951,15.966108448064261,83.074976267165,10.467343272652146,18826805.0,43992.0
TXN01398,2023-10-15,Ahmedabad,Satellite,23.03088015618915,72.52573181214969,Apartment,813.0,2,3,20,9,9,2,Semi-Furnished,1.9414684913632954,2.2533341277878427,2.9279929980180945,18.392513928859692,84.59937916697268,8.697333394809023,9277796.0,21781.0
TXN01399,2024-10-13,Ahmedabad,Gota,23.088244038520543,72.54313488257252,Apartment,2549.0,5,4,22,7,7,0,Semi-Furnished,2.5376944467638087,3.06524572451064,2.8127227388691804,10.763340630383606,91.4297721108507,9.369588815060377,19471849.0,49565.0
TXN01400,2019-05-21,Ahmedabad,Satellite,23.033301401439605,72.5194061730996,Apartment,1780.0,4,3,17,5,10,0,Furnished,1.952856355470055,2.0706670895749903,2.3432222777746126,5.0,62.74538441955251,10.494737893905471,21620869.0,47786.0
TXN01401,2020-06-04,Ahmedabad,Prahlad Nagar,23.00401301892361,72.50745975318746,Row House,1894.0,3,4,24,11,17,1,Semi-Furnished,2.2786111694987707,2.5700907322174125,2.4271873044631906,24.309606666875247,75.81305903150748,8.864654603976057,22907070.0,54075.0
TXN01402,2019-09-19,Ahmedabad,Gota,23.09136453777401,72.54058722103431,Villa,1848.0,3,4,22,5,6,2,Furnished,2.66482631463766,2.9314203792271716,2.9088344600431775,8.682543866309402,74.45201131694073,10.87589299268069,15793699.0,34982.0
TXN01403,2022-05-11,Ahmedabad,Gota,23.088504760551498,72.53013863476214,Apartment,570.0,1,1,23,3,12,2,Unfurnished,2.9187016355603683,4.009524882948167,3.4322909106907025,12.101992013566965,77.23082205265804,12.149043773913807,4214162.0,9371.0
TXN01404,2023-06-19,Ahmedabad,Thaltej,23.046690934466753,72.51555345263212,Apartment,640.0,1,1,14,11,11,2,Unfurnished,2.2754272736146968,3.492483950813784,1.9546785128703277,10.179738484801936,69.85673339441689,11.268691162080925,6108040.0,12431.0
TXN01405,2023-02-09,Ahmedabad,Chandkheda,23.10812903132781,72.58258895237611,Apartment,1689.0,3,3,8,4,11,2,Furnished,3.2198757965341027,3.5281632971084207,3.1619019625305365,16.25739544008337,88.36166410395455,9.431571553987302,12495020.0,29304.0
TXN01406,2022-02-03,Ahmedabad,Prahlad Nagar,23.011106201791073,72.51568212826889,Apartment,1073.0,2,2,19,11,15,0,Semi-Furnished,2.637667328539684,2.231024873881876,1.2234239684303956,5.0,87.24113632723453,9.519800403601074,12371039.0,29638.0
TXN01407,2025-10-05,Ahmedabad,Thaltej,23.054809629479866,72.51602637846521,Villa,1463.0,3,3,11,5,13,2,Unfurnished,2.4869114410630866,3.6254240780971214,2.5404666629034276,19.814978646362235,65.45839782802483,10.749042474585137,12887042.0,32065.0
TXN01408,2023-07-10,Ahmedabad,Satellite,23.032685959741453,72.51931593306429,Villa,969.0,2,2,10,5,9,1,Furnished,2.470962485933973,2.070280450688134,1.9540877522443412,27.704653260688985,76.21975559993322,7.780548521393479,11677368.0,26368.0
TXN01409,2019-08-19,Ahmedabad,Satellite,23.027580325601033,72.5198846644116,Apartment,2051.0,3,4,8,7,7,0,Semi-Furnished,1.9647678834430518,2.6288895399967966,2.2127325005155822,9.338772989639253,88.60960554897851,7.848726187101928,22083077.0,51184.0
TXN01410,2023-11-15,Ahmedabad,Shela,23.005909103265477,72.46894545396688,Apartment,2154.0,4,4,6,8,14,0,Unfurnished,2.729839656646337,3.362484578800217,3.215173111042425,21.057367897845417,97.65151681573109,11.391294721438575,13580274.0,34125.0
TXN01411,2022-07-18,Ahmedabad,Vastrapur,23.041381874331382,72.53097819109976,Apartment,2335.0,5,4,15,9,18,2,Furnished,2.563864116181152,2.984735485498898,2.033926640644393,16.93726363842809,70.77928059238135,8.694754605451779,26522015.0,64077.0
TXN01412,2022-12-12,Ahmedabad,Maninagar,22.991111629014387,72.60417864426094,Apartment,1810.0,4,3,3,5,19,2,Furnished,1.433008655287993,3.2790906808027387,2.8604018992001343,16.844594520917532,59.49298289164544,8.399923730797004,15598372.0,32373.0
TXN01413,2020-05-11,Ahmedabad,Prahlad Nagar,23.01851971327125,72.50363247566496,Apartment,780.0,1,1,3,10,18,2,Unfurnished,2.557508287552819,2.602001239681768,2.4229983601398972,13.006766391920019,75.33513495475837,9.946714543417999,9247259.0,21482.0
TXN01414,2019-04-11,Ahmedabad,Vastrapur,23.038871256169106,72.5230952223155,Apartment,630.0,2,1,7,8,9,0,Furnished,3.174608180651913,3.016798729525032,2.4281802139059647,15.969026184940175,78.79979827447885,8.833266307737357,6778474.0,16383.0
TXN01415,2025-02-18,Ahmedabad,Satellite,23.027459342189147,72.51896023686767,Row House,693.0,1,1,2,4,17,0,Semi-Furnished,2.4204392997321973,2.5412725851260487,2.2870605637381316,11.97336250750383,82.1793274346085,8.798682241004906,7674937.0,19781.0
TXN01416,2020-04-15,Ahmedabad,Prahlad Nagar,23.009011044910398,72.50428039054721,Villa,1439.0,3,2,7,11,16,1,Semi-Furnished,1.919445459687441,2.8695205100815184,2.6229554349294895,14.035731310932704,76.49133559234272,9.01464998119618,18747118.0,40779.0
TXN01417,2022-09-25,Ahmedabad,Satellite,23.03271075498937,72.52072429230807,Villa,716.0,1,2,5,4,6,0,Furnished,3.222402193733243,1.9794177040320067,2.0489467783982174,16.535021831707187,77.44283122937372,8.655458016200567,7841750.0,19332.0
TXN01418,2023-08-28,Ahmedabad,Bodakdev,23.04050739038798,72.51000093748465,Apartment,2402.0,4,4,21,11,17,0,Unfurnished,1.7476965888984803,2.3663984963721063,1.491761738888402,12.86867442122989,84.39803057053638,8.376299431759874,29909415.0,71088.0
TXN01419,2024-03-17,Ahmedabad,Chandkheda,23.106995509959773,72.59159403727439,Apartment,1807.0,3,2,14,8,14,2,Furnished,3.1662159324549197,3.2530322933914486,3.753137222394356,9.628316452971815,76.55795524882096,8.257607073335727,14608137.0,30179.0
TXN01420,2023-10-06,Ahmedabad,Shela,23.00515539874236,72.46460252204338,Villa,1932.0,3,3,11,10,13,1,Furnished,2.0888838590646883,3.003975915380283,3.01714778813964,24.42602033515442,88.23679864253046,10.811673253116755,13617498.0,28820.0
TXN01421,2023-12-01,Ahmedabad,Thaltej,23.052883618849762,72.51901844347223,Row House,885.0,1,1,12,5,15,1,Furnished,2.5465174165302886,3.4086957230712027,2.074084829401811,19.06840812900164,75.02861698446151,8.30643372998074,9713207.0,19847.0
TXN01422,2021-10-12,Ahmedabad,Thaltej,23.04620662492833,72.51285911518467,Apartment,2251.0,5,4,6,9,14,0,Furnished,2.997955654520468,2.9179028850999673,1.4457347693681377,16.28142109690092,80.45125865175504,7.658165226558543,22032495.0,55547.0
TXN01423,2023-10-12,Ahmedabad,Prahlad Nagar,23.0047816004004,72.51025810660622,Apartment,1658.0,4,4,12,7,14,0,Unfurnished,2.3292153103639115,2.7471019382828086,2.022008266433212,13.888898886158815,72.33190380107389,10.13053832707211,19629122.0,38268.0
TXN01424,2023-03-15,Ahmedabad,Satellite,23.028217172972674,72.51308151394848,Apartment,2749.0,5,4,14,4,7,1,Furnished,2.713408954319316,2.2887502237613413,2.8103560523162963,11.704099012381633,73.24757335259282,9.401460938254388,33624911.0,75356.0
TXN01425,2024-07-19,Ahmedabad,Chandkheda,23.11419053950842,72.58428498304099,Row House,744.0,2,3,8,6,10,0,Semi-Furnished,2.83353542328602,3.049422867645542,2.2013085473155325,11.299653839044383,79.39605908410515,4.710468168834495,4369430.0,12764.0
TXN01426,2022-06-16,Ahmedabad,Maninagar,22.99687390021565,72.60065023255837,Apartment,2343.0,4,4,17,7,16,2,Semi-Furnished,2.856657099967742,2.2521440859887227,2.239711689823528,6.715925126061723,66.03877156074988,9.847546341941497,18386608.0,39957.0
TXN01427,2022-04-30,Ahmedabad,Prahlad Nagar,23.012700977592832,72.50400615990613,Apartment,2252.0,4,4,7,12,19,1,Semi-Furnished,2.109515578410996,2.3852873739848985,2.862287462627222,10.205512224392702,63.977630218319284,9.783575540680665,26523235.0,70010.0
TXN01428,2022-09-01,Ahmedabad,Prahlad Nagar,23.012444616606547,72.50734345888834,Apartment,1927.0,3,2,18,11,18,1,Furnished,2.3827337469356826,2.9074973120886938,2.2093348965402324,17.03709459021751,73.60376433010997,8.044424949853786,25400779.0,56933.0
TXN01429,2025-11-05,Ahmedabad,Maninagar,22.997440811884225,72.59583199184087,Apartment,2691.0,5,4,18,1,12,0,Furnished,3.0458028119169276,2.6273200513381543,2.325450323425278,9.275933476469369,66.73050143549554,8.694692080579587,21147020.0,50181.0
TXN01430,2021-11-11,Ahmedabad,Maninagar,22.99329152070575,72.5989515492397,Apartment,1632.0,3,2,19,8,8,2,Semi-Furnished,2.623292322990281,3.0042474214066046,3.3842981482643864,10.334066285176975,63.16386402672446,10.384487533520415,12731104.0,27983.0
TXN01431,2024-02-21,Ahmedabad,Shela,23.005782740614507,72.46406008794203,Apartment,2661.0,5,4,20,9,13,2,Semi-Furnished,2.8801209052584085,3.763557590206857,3.3630079605501595,8.302810763579295,75.09013210249935,7.6232263121632755,18829155.0,36155.0
TXN01432,2020-10-28,Ahmedabad,Gota,23.087536247842912,72.54326850997546,Apartment,2799.0,5,4,0,1,15,1,Semi-Furnished,2.1033692238261583,3.843380992356024,2.97027950862128,12.068432104168508,91.23802902785783,9.728639106498493,23002514.0,47099.0
TXN01433,2022-04-23,Ahmedabad,Bopal,23.035019512439717,72.46176996461028,Apartment,2479.0,5,4,15,10,18,1,Semi-Furnished,2.457538896697445,3.994750609264751,2.978701652932788,16.916678013843985,83.28083205157964,13.0,22510467.0,43088.0
TXN01434,2021-02-19,Ahmedabad,Thaltej,23.05371115477315,72.51282726053182,Apartment,2453.0,5,4,2,12,16,1,Semi-Furnished,1.9352957351149433,3.0200671883018613,2.4405142469381143,14.261489887853417,78.79390815450013,9.74801371723149,24202879.0,52869.0
TXN01435,2019-07-17,Ahmedabad,Maninagar,22.999147893201993,72.60156955355778,Villa,1884.0,3,4,1,2,7,2,Furnished,1.9918014663964012,3.5370332613740145,1.7465270659793446,17.67789241732389,68.12692989471611,9.453220801429215,15695552.0,34869.0
TXN01436,2022-09-13,Ahmedabad,Gota,23.08818056571816,72.5390102230796,Apartment,1362.0,3,2,9,3,19,0,Unfurnished,2.230452109443765,3.2651086179832243,2.5891594143940395,7.629407184130202,82.53343284071609,10.321514276574934,9492108.0,21718.0
TXN01437,2024-04-22,Ahmedabad,Shela,23.005131788893124,72.47111160854752,Apartment,1097.0,3,4,8,6,14,1,Semi-Furnished,3.1160941292605955,3.460496186807586,3.0463771871006013,8.769919689026107,77.5094309112578,10.660464731010311,7405025.0,18455.0
TXN01438,2023-12-17,Ahmedabad,Bodakdev,23.03654266843713,72.50657071681457,Villa,995.0,1,2,7,4,9,1,Semi-Furnished,2.2056597385298993,2.926955087044537,1.9168424472499994,5.0,75.07747447756175,9.368451493057048,13899938.0,27170.0
TXN01439,2025-12-09,Ahmedabad,Gota,23.086296015710577,72.53696755840555,Apartment,573.0,2,2,9,4,9,2,Furnished,2.722021709458725,3.3560348947594125,2.8317820805795577,6.580003671055814,88.91593543437958,8.650632016533688,4785586.0,10436.0
TXN01440,2019-01-19,Ahmedabad,Shela,23.002173297944456,72.46284968538289,Row House,2379.0,4,3,2,5,15,2,Furnished,3.32068789366114,2.964407720380888,2.5349162540188583,6.32290100794763,94.18745393133996,10.12276466994054,18562531.0,42964.0
TXN01441,2021-07-08,Ahmedabad,Vastrapur,23.044736867013487,72.52984473882451,Apartment,967.0,2,2,12,12,12,1,Furnished,2.921823301884528,3.8488420724980728,2.449830877734746,22.413605613968457,74.41254424326281,11.96487878079865,11896200.0,26520.0
TXN01442,2020-08-02,Ahmedabad,Gota,23.089896369339787,72.53629162867854,Villa,1281.0,2,2,6,10,12,1,Semi-Furnished,2.3948365968631053,3.7605765342483353,2.2919732038542056,11.149770774937533,70.29100716639839,11.372932002847838,10382173.0,23818.0
TXN01443,2024-08-13,Ahmedabad,Vastrapur,23.035791401527806,72.5319372131024,Villa,2423.0,4,4,4,4,15,0,Unfurnished,2.586543785723929,3.421832785221881,3.199051003107094,11.880158186090878,69.45031413510826,9.177316055188552,22736019.0,56803.0
TXN01444,2020-01-24,Ahmedabad,Chandkheda,23.10633459454752,72.57703007234649,Apartment,1188.0,1,2,1,7,17,0,Furnished,2.7124362814467364,3.603813397810759,2.841868367103775,14.044354516058856,85.0138127413478,10.655828398941376,9254157.0,22281.0
TXN01445,2019-05-11,Ahmedabad,Maninagar,22.99322961183932,72.6035869351137,Villa,751.0,1,1,2,3,4,1,Semi-Furnished,2.2703770744588456,4.285695219732107,2.614381808431561,19.04905022538625,68.05557807148188,10.525776520902168,6225201.0,11579.0
TXN01446,2024-02-21,Ahmedabad,Bopal,23.024213512549743,72.46147887611997,Apartment,2614.0,5,4,18,10,17,0,Semi-Furnished,2.3257534531330823,3.3921066213291415,2.8682801583613773,9.633965714419102,71.36784041699124,8.042147110299451,18459436.0,49037.0
TXN01447,2023-03-24,Ahmedabad,Bopal,23.033163255936962,72.46863132038104,Row House,2418.0,4,4,19,1,12,2,Unfurnished,2.8821873414913686,2.5986938556310326,2.8851992658056917,5.050500621531988,87.33847401804286,9.6410897348919,18173123.0,42824.0
TXN01448,2025-05-05,Ahmedabad,Vastrapur,23.040110202896756,72.52965238361402,Row House,2405.0,5,4,12,2,8,2,Semi-Furnished,2.6000068319045417,2.346524062419986,3.4139929064915777,14.785250143130112,67.97550535719375,8.810005865124811,25229891.0,58552.0
TXN01449,2019-04-23,Ahmedabad,Prahlad Nagar,23.01336646619777,72.50391568619472,Row House,1690.0,3,3,20,6,7,0,Furnished,1.6018980089835662,2.6492645763454403,2.106413429436297,7.245851310621683,79.25460056504987,9.338407254232477,21319114.0,49336.0
TXN01450,2020-02-02,Ahmedabad,Thaltej,23.047644557582064,72.5230910192515,Apartment,2425.0,4,4,14,3,12,2,Furnished,2.1081574558049847,2.989677814820322,3.512906261618249,16.59471985444738,80.24329700439374,7.3272764842368225,23891043.0,57071.0
TXN01451,2021-03-27,Ahmedabad,Prahlad Nagar,23.016365928615684,72.51147268403841,Apartment,2325.0,4,4,12,9,17,1,Furnished,1.8618228024851808,4.0463365828843605,2.4999352890477584,8.796028307028926,81.78500176061576,9.447202510700086,31959697.0,71406.0
TXN01452,2019-11-30,Ahmedabad,Gota,23.091971366034254,72.53302885124266,Apartment,1636.0,4,4,5,10,10,0,Semi-Furnished,2.690304876545106,2.239941125884313,3.6222745835993138,17.514721849772936,86.33992748921666,7.180307169837869,11499629.0,28346.0
TXN01453,2024-09-05,Ahmedabad,Chandkheda,23.112022867926257,72.57576670988456,Apartment,568.0,1,2,24,2,8,1,Unfurnished,2.754008297112634,4.892907398233869,2.478889077792267,15.640707802824519,92.07387769804063,9.616255817384898,3856444.0,9078.0
TXN01454,2021-05-22,Ahmedabad,Thaltej,23.05163964570039,72.51605405396324,Apartment,1147.0,3,3,3,7,13,1,Semi-Furnished,1.9809835055300962,1.8072556580240304,3.104155252455032,12.619643132561723,75.34445000180575,10.31617931230063,12286162.0,25075.0
TXN01455,2019-01-14,Ahmedabad,Chandkheda,23.115367997067757,72.57532911072244,Apartment,2737.0,4,4,6,10,15,1,Semi-Furnished,2.6165205291582625,4.31339442447965,2.905815926312752,25.62767920338424,78.2620666053459,9.986757482287304,20090366.0,45407.0
TXN01456,2021-12-28,Ahmedabad,Vastrapur,23.04144492847641,72.52627116977348,Apartment,1361.0,3,3,21,6,19,2,Semi-Furnished,2.565582256956835,3.4083903317857156,2.495522031622525,7.540250830271113,75.34054037827937,8.385985746476697,16029988.0,30237.0
TXN01457,2019-12-17,Ahmedabad,Bopal,23.025739237385217,72.4621218319938,Villa,2371.0,4,4,23,7,17,1,Unfurnished,3.3442104721876853,3.6496415471675476,3.0596559936005985,5.204200105287487,95.25455385973062,10.761066636582347,17896697.0,40307.0
TXN01458,2021-11-18,Ahmedabad,Bopal,23.030868450861448,72.4575197029557,Apartment,1433.0,2,2,15,5,14,2,Unfurnished,2.7871099126667125,2.419131967673809,2.8535669316051724,7.677618327280973,73.0863999604525,9.715253315599238,11199899.0,23887.0
TXN01459,2025-01-19,Ahmedabad,Satellite,23.035877492853423,72.51383396446955,Apartment,643.0,2,2,23,9,17,0,Unfurnished,2.50544721688684,2.8503446490937137,2.430068446082341,24.55734324852638,75.07621964464968,8.05279975979295,6035605.0,15576.0
TXN01460,2021-12-16,Ahmedabad,Thaltej,23.051242907722024,72.51522582226617,Apartment,1878.0,3,3,0,10,13,1,Semi-Furnished,1.7658253523644607,3.354123818941751,2.7586188702598324,5.242727604235247,79.624010813189,7.806372749838719,18480761.0,43678.0
TXN01461,2021-05-02,Ahmedabad,Vastrapur,23.03761646277811,72.53197090912087,Apartment,938.0,2,1,21,11,15,1,Furnished,2.6123796414819886,2.7958485887061646,2.6596633363861013,5.0,81.84109757739634,9.133702056695606,10944083.0,24693.0
TXN01462,2019-11-03,Ahmedabad,Prahlad Nagar,23.02328551905022,72.51259909036047,Apartment,824.0,1,1,10,11,13,2,Unfurnished,1.9272781851861247,1.5429380213903248,1.7665362294542097,15.267309660355624,74.09278060527863,9.861038464068738,9756720.0,23801.0
TXN01463,2022-06-29,Ahmedabad,Bopal,23.03002659280607,72.46730808768375,Apartment,2121.0,5,4,0,5,18,0,Semi-Furnished,2.2398344603031477,2.732476775516318,2.712079608895146,5.0,79.26596723699996,7.61695774937208,15575936.0,40261.0
TXN01464,2019-06-11,Ahmedabad,Prahlad Nagar,23.009890447255508,72.5103664365364,Apartment,888.0,2,2,20,8,18,0,Furnished,1.6063265233666058,2.7783768569130736,2.261666501558671,5.0,79.14791662158285,9.515916153345263,11716450.0,26801.0
TXN01465,2024-06-09,Ahmedabad,Satellite,23.039402453935764,72.51462734058909,Villa,802.0,2,1,24,6,11,2,Furnished,3.0477129578515205,1.5224512796056833,2.6186120920582785,26.96142110683474,75.7473982675908,9.134306382326036,10137381.0,22100.0
TXN01466,2020-06-19,Ahmedabad,Bopal,23.031932564017918,72.45899653760345,Villa,2625.0,5,4,13,4,19,1,Unfurnished,3.160835931406067,3.9442873022691214,2.931893632623741,6.607706610069586,80.9656792332234,9.671384557728643,21760536.0,43248.0
TXN01467,2022-06-18,Ahmedabad,Shela,23.002638139273394,72.46069157156548,Apartment,1712.0,3,2,1,3,5,2,Semi-Furnished,2.5162027064621615,3.253113491855327,3.2282920649340667,8.646716680322578,82.7893381619811,9.995304568015671,13393539.0,24652.0
TXN01468,2020-01-11,Ahmedabad,Bodakdev,23.037846741781262,72.50524419067249,Apartment,1268.0,2,1,16,10,14,0,Unfurnished,2.3350623105466397,2.1175221722852617,2.040569575451502,12.02751367846046,89.68756175354906,11.08684963335447,18045081.0,36636.0
TXN01469,2022-01-24,Ahmedabad,Prahlad Nagar,23.005385945778226,72.50467420588623,Apartment,2142.0,4,4,13,1,19,0,Furnished,2.0737961646625926,3.162892930645744,2.5259179356213832,9.958157044137664,75.35955898616294,11.739470567486277,26940602.0,65644.0
TXN01470,2020-06-11,Ahmedabad,Bopal,23.033163154050516,72.46965188507666,Apartment,910.0,2,3,12,9,18,1,Unfurnished,2.4887923960616063,4.000873378681153,2.3575216332944056,20.89859169031062,72.23630791997188,8.235040551764671,6520403.0,16377.0
TXN01471,2024-05-08,Ahmedabad,Shela,23.007026495288773,72.46605003759453,Apartment,1519.0,3,3,16,5,19,1,Semi-Furnished,3.578373102481728,3.4092279702904276,2.7961142642225965,5.0,82.14388145400538,12.125903010535257,11544727.0,22361.0
TXN01472,2023-09-22,Ahmedabad,Satellite,23.026848249923393,72.52036319928993,Apartment,2735.0,5,4,1,5,6,0,Semi-Furnished,1.5445979255237476,1.6924693254432168,2.6234291679488098,27.586805609867135,69.30467070101267,6.288051126722406,29678931.0,75346.0
TXN01473,2025-04-23,Ahmedabad,Thaltej,23.052607638530418,72.51507891327647,Villa,1946.0,4,3,14,12,15,0,Semi-Furnished,2.042540165135209,2.054574355350089,2.4249026877382365,18.093382323974886,77.118943265939,8.304990036240364,17118728.0,45148.0
TXN01474,2021-12-03,Ahmedabad,Satellite,23.033661105508983,72.52130073773505,Apartment,2430.0,4,4,13,11,15,0,Semi-Furnished,2.716372641283523,3.210395763706787,2.2812476870167218,16.157983439670666,73.24216214618893,8.669789630565635,26783710.0,67473.0
TXN01475,2025-09-15,Ahmedabad,Vastrapur,23.03980086934735,72.5357653483515,Apartment,1077.0,2,1,18,7,16,0,Unfurnished,2.6266685169553607,3.204465182081896,1.5396664995190865,13.978564979412075,64.95151344768922,9.88970229196637,9532122.0,25223.0
TXN01476,2022-03-01,Ahmedabad,Vastrapur,23.04179878976559,72.53096813202953,Apartment,1177.0,2,2,1,12,12,1,Unfurnished,2.446459111920863,3.085384871403679,2.8322067261558677,17.30988943842835,60.778471744588494,7.415278074856841,11906984.0,28455.0
TXN01477,2024-07-14,Ahmedabad,Satellite,23.02909785471676,72.51878702902046,Apartment,1213.0,2,3,17,3,7,0,Furnished,1.6085051219858786,2.5900239579856668,2.259018764878004,21.855397441222888,79.21198708028568,8.681764415659421,13953244.0,29522.0
TXN01478,2024-03-15,Ahmedabad,Prahlad Nagar,23.01451807782882,72.50636597065375,Apartment,876.0,1,1,0,3,6,1,Unfurnished,1.8385716563541088,3.128153083617487,1.1312303790487923,13.846112794865753,76.90292141089496,11.937933444336132,11557368.0,23553.0
TXN01479,2025-02-15,Ahmedabad,Bopal,23.03227242114836,72.47115924700965,Apartment,2349.0,3,3,21,4,10,2,Semi-Furnished,3.3465998832874333,3.359799471359356,2.616908784471704,7.250582626149528,97.38164105920268,9.287395724931768,17693574.0,44634.0
TXN01480,2019-07-01,Ahmedabad,Gota,23.084853068350476,72.53555689830833,Apartment,2519.0,5,4,6,3,6,1,Furnished,2.586804536034551,3.011427401208784,3.08241306094124,5.180989546323897,75.19458742978608,8.905253546435143,20728932.0,45427.0
TXN01481,2021-03-28,Ahmedabad,Satellite,23.030666255151957,72.51814350949815,Apartment,2170.0,4,3,9,10,15,0,Semi-Furnished,1.5224313213893987,1.9363883143250034,2.60302475682603,15.568474051779374,64.73589422888968,10.210012839620877,24092805.0,54521.0
TXN01482,2021-08-21,Ahmedabad,Vastrapur,23.040652132699073,72.53127678236169,Apartment,579.0,2,3,15,4,4,2,Semi-Furnished,2.702421982013087,2.5460781878321574,2.537070996840261,5.899250112333204,63.23817777298791,8.79511555801749,6499216.0,13416.0
TXN01483,2020-10-04,Ahmedabad,Thaltej,23.0519945329458,72.52214434973347,Apartment,1220.0,2,2,6,11,18,0,Unfurnished,3.023294758894694,3.0944709431356823,2.1180129957681797,13.242751551190523,84.35549266537927,8.746658554074074,10750250.0,23544.0
TXN01484,2022-10-09,Ahmedabad,Maninagar,22.991859226334977,72.59698794753186,Apartment,1786.0,3,3,0,10,18,0,Unfurnished,2.219548223607052,3.6187573111116094,2.140919661567655,13.337300753754427,70.67327461271307,7.051284675194534,12174786.0,29829.0
TXN01485,2024-03-19,Ahmedabad,Shela,23.009258903467536,72.47254348667104,Apartment,2285.0,4,4,9,4,10,0,Furnished,3.4693457596018735,2.5750682439400676,3.238174090506553,9.612371780404906,83.31797407450387,8.595579530094016,16653752.0,41805.0
TXN01486,2020-08-14,Ahmedabad,Bopal,23.026798042964572,72.46776150008027,Villa,1085.0,2,2,17,4,7,1,Semi-Furnished,2.863156305776862,3.349103899521852,2.3901973910256054,10.428867186144757,80.44145112430613,7.991753259807664,7751835.0,19384.0
TXN01487,2022-08-26,Ahmedabad,Bodakdev,23.039010770528268,72.50770069728553,Apartment,1713.0,4,4,0,11,15,1,Semi-Furnished,2.192574473767567,2.836733600456611,1.3155392764768072,5.0,75.41091570463868,8.749066373953077,24329281.0,51860.0
TXN01488,2021-12-28,Ahmedabad,Chandkheda,23.10740739341882,72.57411340820947,Apartment,1134.0,2,2,20,12,12,1,Semi-Furnished,2.840123014172694,3.6888930483842546,3.1002357238738103,6.672884366337934,83.13833407303554,10.29273805531253,7914887.0,17672.0
TXN01489,2020-10-14,Ahmedabad,Satellite,23.036126525840224,72.5173065178052,Row House,792.0,2,1,1,7,19,0,Semi-Furnished,2.231373664058861,2.2781584684033525,2.930990343336189,9.07427294612566,73.35746999007804,9.671983651349944,8711698.0,19646.0
TXN01490,2021-06-11,Ahmedabad,Bopal,23.03011325718404,72.46867883686642,Row House,2459.0,4,4,25,10,14,1,Semi-Furnished,1.9224831937618938,3.6522743815373437,1.8843521439388482,5.0,98.12251447941395,9.585682684345603,20043143.0,43207.0
TXN01491,2025-11-03,Ahmedabad,Thaltej,23.05172674050794,72.51888327584795,Apartment,612.0,1,1,8,10,18,1,Unfurnished,2.3855398578625846,2.448832544670024,2.5754534784630096,5.772322653284815,82.7411156842657,7.343816634281413,5312836.0,12618.0
TXN01492,2022-08-26,Ahmedabad,Thaltej,23.042663382186532,72.51885966755141,Apartment,2002.0,3,2,1,5,8,1,Furnished,3.388166954002992,3.0926971276865074,2.365276387660658,24.85799110794178,83.10895003898811,10.788742134926613,22166286.0,45735.0
TXN01493,2020-12-18,Ahmedabad,Gota,23.092833026951375,72.53594224025335,Apartment,816.0,2,1,3,9,13,1,Furnished,2.0969415941272964,3.5794325536365443,3.1080278700312736,10.162074681664045,96.75880583102251,8.816290685949081,6352777.0,14738.0
TXN01494,2019-04-21,Ahmedabad,Bopal,23.02657158622212,72.47270634511216,Apartment,2662.0,5,4,25,2,14,2,Semi-Furnished,2.6671190358344266,3.6584022942247536,2.990706460571053,5.0,72.928963700389,10.506404896086533,21575505.0,45257.0
TXN01495,2025-02-06,Ahmedabad,Vastrapur,23.037579049574415,72.5329703823921,Villa,1790.0,4,4,21,7,10,1,Furnished,2.228117332718114,2.683140260299605,2.6749415591097687,19.20993859696225,74.16365400034445,8.84697856181867,20875231.0,46709.0
TXN01496,2021-06-29,Ahmedabad,Bodakdev,23.038054264097447,72.50561697065544,Apartment,1641.0,3,2,23,8,17,1,Furnished,1.85865110969109,4.284089781142061,1.0433167838150152,11.726438157796998,80.91706126796409,9.510461956346726,24500383.0,53072.0
TXN01497,2024-07-22,Ahmedabad,Gota,23.090175424145205,72.5455894344556,Apartment,1768.0,3,3,1,8,15,0,Semi-Furnished,2.549266673990303,3.4281201804147687,2.947946895543127,5.0,76.58913988250733,8.42834101154988,13075077.0,29328.0
TXN01498,2025-10-30,Ahmedabad,Chandkheda,23.110258352910954,72.5842680375798,Villa,686.0,1,1,23,5,15,0,Furnished,2.5979859614132144,3.586454050163676,2.7266961267526324,7.222232892339059,76.02016701733073,9.546448888299219,4893570.0,11169.0
TXN01499,2024-08-21,Ahmedabad,Maninagar,22.993103444210778,72.60003713695718,Apartment,1242.0,2,1,7,3,8,0,Furnished,2.8558506237688728,3.9737629513290136,2.40333670366471,17.344613606919726,67.20873909073258,7.32961119627411,9222499.0,22621.0
TXN01500,2021-08-08,Ahmedabad,Thaltej,23.052350304041564,72.51318848979493,Row House,852.0,1,1,16,2,10,1,Furnished,2.3736152011552916,2.9825059691102895,2.1669970840428716,26.347206648969,83.2552747476424,7.420566056322644,8436359.0,19407.0
TXN01501,2022-02-02,Ahmedabad,Bopal,23.025215894384488,72.46114164250423,Villa,780.0,1,1,20,10,17,1,Unfurnished,3.900159562653454,3.6148536483211826,1.5941313724005428,5.0,76.13680245585843,9.788014201029304,5932632.0,12902.0
TXN01502,2019-09-09,Ahmedabad,Bodakdev,23.03797791889967,72.50402017473318,Villa,2188.0,5,4,8,9,19,1,Semi-Furnished,2.003360529492914,1.925367988899758,3.2272973867003034,5.0,83.71030491884542,7.506203847250895,28301978.0,70703.0
TXN01503,2019-08-10,Ahmedabad,Bodakdev,23.04126624961758,72.50578726090204,Apartment,1741.0,3,4,16,9,11,0,Semi-Furnished,2.060268390966924,3.0851019780695217,2.96660831686655,5.834754795978365,77.72432256894649,12.545828444269842,24005559.0,53659.0
TXN01504,2022-03-01,Ahmedabad,Shela,23.013874748698587,72.46689057636227,Apartment,2039.0,5,4,3,1,11,1,Furnished,3.1598547295831776,3.769904682625552,2.652171290887647,14.351888719664295,86.17535193137172,12.17808785369476,17396804.0,35314.0
TXN01505,2022-02-13,Ahmedabad,Vastrapur,23.043325837678037,72.53280774489606,Row House,1266.0,2,1,4,1,7,0,Furnished,2.529211407588106,3.128838390650893,2.7718618591118047,19.900386298771192,67.05273216337275,9.261269537045509,14056633.0,33962.0
TXN01506,2022-03-18,Ahmedabad,Thaltej,23.050341100359866,72.51205317487906,Row House,980.0,1,2,22,3,18,0,Semi-Furnished,3.4227635070957256,2.973503569969125,2.515608604073448,7.253958653885109,68.86037059828354,8.608582821661786,8558361.0,20332.0
TXN01507,2020-06-13,Ahmedabad,Shela,23.005903171802714,72.46401313138108,Apartment,2333.0,3,4,22,3,12,1,Furnished,2.917694449001573,3.354797218428143,3.0357437003028487,17.620779367539903,85.35870877805442,10.014986063311,17498074.0,38789.0
TXN01508,2025-11-08,Ahmedabad,Bodakdev,23.041509765940827,72.4977699167741,Row House,692.0,1,1,4,3,7,1,Unfurnished,2.2060014820381815,2.7336664438534886,2.6427295004839957,14.74810940726968,84.26502151810834,7.409270547804613,8804556.0,19729.0
TXN01509,2022-04-15,Ahmedabad,Bopal,23.019419314419967,72.46365065890231,Apartment,1617.0,3,4,9,5,10,0,Unfurnished,3.090798895029464,3.0876029099011553,2.8356168517304168,12.92325984450951,87.80663836924876,8.68264076012817,11268590.0,27604.0
TXN01510,2019-02-25,Ahmedabad,Bodakdev,23.036984945150124,72.50279893863896,Villa,1209.0,3,2,16,9,13,0,Semi-Furnished,2.607035616020647,3.144226009012498,2.5875228851109986,7.48239667521996,90.35994916599837,9.785913823690874,16516195.0,33687.0
TXN01511,2024-02-22,Ahmedabad,Shela,23.00610127136564,72.46872007616214,Apartment,1888.0,4,4,7,10,14,0,Unfurnished,2.9002872867880525,3.4912098641252176,2.9279224006994684,11.22682635360174,74.06659362389453,9.035972036122384,10910429.0,25721.0
TXN01512,2024-09-29,Ahmedabad,Satellite,23.027110604760068,72.51206598637943,Apartment,990.0,2,1,21,10,12,0,Furnished,2.7420503000633687,2.6909440982375976,2.1242899099968775,10.704075135048969,77.70545394837201,7.899863386955058,12200159.0,26535.0
TXN01513,2019-11-27,Ahmedabad,Satellite,23.03610271267537,72.51991865728112,Apartment,1613.0,4,3,24,5,9,2,Unfurnished,1.881424812983711,2.2795775367323228,3.1810054355324775,7.852366861451073,77.78798363424634,8.895204427362891,17573624.0,40951.0
TXN01514,2022-02-12,Ahmedabad,Maninagar,22.994915476887957,72.59520736730255,Apartment,713.0,1,2,22,9,12,2,Unfurnished,2.625835863539462,3.2108944561188393,2.910965555078071,25.79425597025502,67.22449705357045,10.910906807819106,5525292.0,11769.0
TXN01515,2025-03-09,Ahmedabad,Thaltej,23.05384542379667,72.51835052524197,Villa,2342.0,4,3,19,3,11,2,Semi-Furnished,1.9780583931905835,3.3942917557875063,2.8536248698701394,10.421939060120103,80.00563805522606,9.661412709729383,23753551.0,49749.0
TXN01516,2020-06-06,Ahmedabad,Bopal,23.036204888945548,72.46146887823535,Row House,2214.0,3,2,6,1,9,2,Semi-Furnished,2.4999983225516482,2.8331904176499685,2.7693443627794196,9.305696052249848,80.12171362207324,10.919483881158285,18052811.0,44165.0
TXN01517,2022-07-16,Ahmedabad,Prahlad Nagar,23.009644361675214,72.50630063148628,Row House,987.0,1,1,7,10,17,2,Semi-Furnished,2.221826036706927,2.8955989713103314,2.0213017909420974,14.345335743641485,69.6700195533854,9.282656890021702,12874968.0,27769.0
TXN01518,2023-08-07,Ahmedabad,Maninagar,22.993206410895624,72.60620757096032,Apartment,1703.0,4,3,19,8,12,2,Furnished,2.5343443972628115,3.606902185248046,3.529786547059077,9.918948058895491,78.74048306267834,8.69389045209249,12826823.0,30800.0
TXN01519,2021-06-01,Ahmedabad,Shela,23.009336188199722,72.46140543979044,Villa,1147.0,2,1,16,5,6,1,Furnished,3.378396381767038,3.7654665044078106,3.578844052128823,11.32046081579285,87.8626563708214,9.92492317908646,7957372.0,18882.0
TXN01520,2020-08-25,Ahmedabad,Thaltej,23.045500920582114,72.51792832738991,Villa,962.0,2,3,2,12,18,2,Semi-Furnished,2.3651620395385624,3.3102467317935784,2.425249912332493,8.037260662567586,73.35117939775071,8.96708693086502,10019112.0,20247.0
TXN01521,2022-02-04,Ahmedabad,Thaltej,23.048506985044906,72.52044889699094,Apartment,2635.0,4,4,18,4,5,0,Unfurnished,2.9619207934358074,3.37400713428429,3.1188634907668757,19.578918473928503,67.18791289979929,9.765452256965625,24496721.0,54807.0
TXN01522,2023-02-19,Ahmedabad,Maninagar,22.995286178984635,72.6080384844617,Apartment,1470.0,3,3,14,1,9,0,Semi-Furnished,2.3011037441062223,3.4533809040148697,2.1931665500267146,7.002966744589035,63.19629224701424,8.914198740729933,10466694.0,26645.0
TXN01523,2024-07-15,Ahmedabad,Satellite,23.03761562611814,72.51816972397833,Villa,1069.0,2,1,20,4,7,1,Unfurnished,1.7831120563987515,2.5796799858694333,2.174201404251564,15.707479586701686,78.21039386390655,7.232851720116836,11741307.0,27601.0
TXN01524,2025-06-04,Ahmedabad,Satellite,23.035024673004976,72.51575418357437,Apartment,885.0,1,2,11,12,14,1,Furnished,2.1522253615873614,2.39416992374982,2.3314976544674546,14.44306998366515,66.26875706520559,10.719725668622878,11063289.0,23109.0
TXN01525,2021-12-01,Ahmedabad,Gota,23.083536154332304,72.53893902394059,Apartment,1568.0,4,3,22,8,10,2,Semi-Furnished,2.7547260122817563,3.366617388882845,3.500029826622041,16.681535362267695,82.24148519089475,10.525987194652803,13889825.0,26896.0
TXN01526,2024-01-24,Ahmedabad,Satellite,23.022611807452186,72.52332860108793,Apartment,1911.0,3,3,14,11,16,2,Semi-Furnished,2.2547021487739904,3.56582621204498,2.8605349351538902,8.060948728742865,90.41791724002591,8.797790692947167,24066068.0,51032.0
TXN01527,2024-07-09,Ahmedabad,Shela,23.00131048436525,72.46087992171601,Villa,2764.0,5,4,11,6,7,0,Semi-Furnished,2.3476721800862013,4.852875683706452,2.5633123433170564,5.0,93.75164681973543,10.472673898307212,18355232.0,40607.0
TXN01528,2025-06-04,Ahmedabad,Bodakdev,23.03497474016391,72.50970097218263,Villa,1688.0,3,3,13,7,17,2,Semi-Furnished,2.292554552987623,2.655431824568353,2.3992032799070513,5.6297223538426255,74.92976032683531,10.254882476288202,23487692.0,53581.0
TXN01529,2024-01-02,Ahmedabad,Gota,23.09155970037574,72.5395847709289,Apartment,1364.0,2,2,19,2,8,1,Furnished,3.1659921409927945,2.917441607404424,2.4368910901629053,15.176753929117215,74.813154720538,11.207700971966723,12267242.0,23203.0
TXN01530,2021-03-13,Ahmedabad,Vastrapur,23.045217861524236,72.52752817209152,Apartment,555.0,1,1,23,3,16,1,Semi-Furnished,2.4961370009625616,2.3406408169807706,1.8406889905565071,25.589510908958935,77.32422966289886,10.86148488782488,6254750.0,14163.0
TXN01531,2022-09-04,Ahmedabad,Vastrapur,23.037187189329394,72.53738535064808,Villa,2688.0,5,4,21,1,19,0,Furnished,2.1439177042971327,2.8012029824330527,2.3016818443759575,15.596635487729865,68.79791544544202,9.135366897615993,30286749.0,69941.0
TXN01532,2021-03-05,Ahmedabad,Gota,23.1014750759041,72.53271450842985,Apartment,1607.0,4,4,17,4,15,2,Semi-Furnished,2.7561114657799357,3.833498751990173,2.7502907379905355,6.51808055456987,78.70504961119786,9.694125807465078,11558701.0,27289.0
TXN01533,2021-06-08,Ahmedabad,Gota,23.09383952159833,72.5452170388023,Apartment,1149.0,3,4,15,6,14,0,Semi-Furnished,2.43237890328444,3.322235249876498,2.7023947352116915,8.57618499633864,83.41769749963773,10.569926050520854,8981073.0,20442.0
TXN01534,2025-10-01,Ahmedabad,Gota,23.093474120036337,72.53806340700896,Apartment,2372.0,4,4,9,5,8,0,Semi-Furnished,2.2264306696244245,2.697661476534291,2.500670911360152,14.307386378930527,78.98525730059174,8.688494359203784,16734733.0,44002.0
TXN01535,2025-12-17,Ahmedabad,Maninagar,22.992421936514013,72.6021261889205,Apartment,2291.0,4,3,13,11,12,2,Semi-Furnished,3.755598385278522,3.234417733034747,2.720561748674279,17.64499397643691,57.33757681056302,9.141675160169601,18604578.0,40905.0
TXN01536,2022-09-26,Ahmedabad,Thaltej,23.04297499288836,72.51157576402028,Villa,2313.0,4,4,23,7,13,1,Furnished,2.323896452553658,1.7338082881309838,2.424684807409002,27.66894666277139,72.49512516433727,10.1635409616161,24580682.0,56331.0
TXN01537,2024-03-07,Ahmedabad,Vastrapur,23.032755860970962,72.52514276821228,Villa,2688.0,5,4,22,6,19,2,Semi-Furnished,2.6822039145987446,3.1180921417339573,2.758190990253535,16.550500326568546,70.67586973601864,8.483540261887738,28670591.0,64551.0
TXN01538,2020-03-09,Ahmedabad,Prahlad Nagar,23.01321837293631,72.5030137827951,Apartment,1655.0,2,3,10,11,19,1,Furnished,2.872490893951528,1.870119960178645,1.813141686984641,5.0,80.52852073224298,10.868740121964363,22410417.0,48254.0
TXN01539,2021-05-26,Ahmedabad,Bodakdev,23.039639718437826,72.50690635744674,Apartment,2088.0,4,4,20,10,13,1,Semi-Furnished,1.5699593499971023,2.722244172214978,2.144441339287279,6.372030720720714,89.12073507419338,7.7357690353377055,26694013.0,70462.0
TXN01540,2024-09-29,Ahmedabad,Prahlad Nagar,23.004385368953812,72.51234517892159,Apartment,1486.0,3,3,18,1,9,0,Semi-Furnished,2.190064533142496,3.4445107558555064,3.09860563140169,17.527577619334778,70.84510121424641,8.473405815952823,18330309.0,44535.0
TXN01541,2019-08-14,Ahmedabad,Shela,23.007083099087538,72.45953373046076,Villa,1088.0,2,1,17,10,12,2,Furnished,2.6402898267469794,4.24640282537585,2.3203979143293987,10.196030285922522,91.24049603905344,10.163759304956042,8746427.0,17325.0
TXN01542,2019-04-09,Ahmedabad,Maninagar,22.9933767436737,72.5974583293584,Apartment,2326.0,4,3,12,10,11,2,Unfurnished,3.055931406749143,3.5255484870949565,2.617974330916296,18.606630227731323,65.74975632294517,8.376764801795865,15902304.0,36948.0
TXN01543,2023-06-26,Ahmedabad,Prahlad Nagar,23.00655670495315,72.50906033380248,Apartment,2064.0,5,4,25,6,16,1,Semi-Furnished,1.8920171224660904,2.611918327792412,2.4986598039100203,10.631736374858932,73.56593812465131,7.268665290901493,24512686.0,59971.0
TXN01544,2025-12-09,Ahmedabad,Chandkheda,23.1105765472075,72.5735264465341,Row House,907.0,1,2,3,1,14,2,Furnished,2.3513517008945435,3.4548980064397417,1.8444215694292596,11.655105866127025,89.42576711332393,10.076942296170483,6740085.0,15165.0
TXN01545,2020-07-20,Ahmedabad,Maninagar,22.98736543812413,72.6071423728912,Apartment,966.0,1,1,23,11,19,2,Semi-Furnished,2.3435501343332565,2.5237864527071494,2.897277549467827,26.29761301261449,64.36213200356853,7.517044918037583,6753888.0,17750.0
TXN01546,2021-03-14,Ahmedabad,Satellite,23.029223887442196,72.51946961427012,Apartment,2249.0,4,4,6,3,9,1,Furnished,1.938418313052846,2.8337334827670198,2.1473344652322774,14.60980094036856,69.95579499231013,10.922696166556223,29649897.0,62783.0
TXN01547,2019-10-12,Ahmedabad,Gota,23.090939385946534,72.53646129007784,Row House,1319.0,2,2,2,1,16,0,Semi-Furnished,2.133112692902656,3.1966494897936735,2.9739552876025095,14.914530881837264,73.57540905741462,8.514002850706575,9902300.0,23749.0
TXN01548,2022-01-06,Ahmedabad,Prahlad Nagar,23.01033021492831,72.5032550206263,Apartment,1186.0,2,2,11,7,10,2,Semi-Furnished,1.655668372987868,3.1352504074267804,2.600673708710698,18.18960038523519,77.55083301686018,9.2281381649972,14995297.0,37216.0
TXN01549,2024-05-26,Ahmedabad,Maninagar,22.995842267303896,72.60585601524578,Apartment,1204.0,3,2,1,9,10,0,Semi-Furnished,2.9524884853371365,3.952365818164918,2.8755991530966143,16.928283119531812,58.79703440487151,9.632223486623854,8467554.0,21492.0
TXN01550,2024-09-22,Ahmedabad,Vastrapur,23.043273229003425,72.5339500362796,Apartment,1061.0,2,1,0,4,18,2,Furnished,2.2657678421207343,2.9155611737225877,2.197071596175749,6.583486752870073,77.01620504356374,9.203355393900571,13988268.0,28564.0
TXN01551,2024-09-19,Ahmedabad,Bopal,23.027555248761505,72.46918766008287,Apartment,2179.0,5,4,18,10,16,2,Furnished,2.900949161557644,2.7144859135107007,2.436069561553575,9.345650145246008,84.6757540275929,10.185124911018242,18251098.0,42638.0
TXN01552,2019-09-27,Ahmedabad,Chandkheda,23.112715319833416,72.57635179896788,Apartment,2391.0,5,4,15,4,10,2,Furnished,3.3979628464271356,3.9034563628522823,2.8342030303871186,5.0,82.05082535059806,9.542640573300718,18613627.0,36313.0
TXN01553,2021-01-29,Ahmedabad,Maninagar,22.995332725777878,72.60402194445851,Villa,1875.0,3,3,23,6,13,2,Semi-Furnished,2.3989378073427576,2.690386033948595,3.497935562781565,20.78131790833867,69.394377416934,9.59966939419338,14897569.0,30479.0
TXN01554,2019-08-18,Ahmedabad,Thaltej,23.049948273421588,72.50618992315047,Row House,1638.0,3,4,0,4,10,1,Semi-Furnished,1.2586154695590934,2.7177280495256406,2.8583703506690705,13.652398435128783,66.26828409556764,8.723788019604942,17516136.0,36970.0
TXN01555,2019-02-26,Ahmedabad,Chandkheda,23.111517199754662,72.5817571897905,Apartment,1270.0,2,3,19,5,9,0,Semi-Furnished,2.4775457665144573,2.9370012185726813,3.1798568117248824,15.094450769228983,80.78951707232996,9.97466593457589,8740510.0,21177.0
TXN01556,2021-07-27,Ahmedabad,Gota,23.08835775387023,72.54162632694072,Apartment,1066.0,4,4,6,5,14,2,Furnished,3.2197330489619658,3.349624673254845,3.3436830716254633,7.907906731586378,84.76025479523553,6.6951766167146225,8331148.0,19488.0
TXN01557,2021-09-30,Ahmedabad,Maninagar,22.99935191668266,72.5991847072909,Apartment,730.0,2,2,22,4,9,1,Semi-Furnished,2.4514671101531067,2.9100354045491637,3.13871860193293,16.304939650054365,61.224942955565105,8.995929533416597,5681764.0,12212.0
TXN01558,2020-07-10,Ahmedabad,Maninagar,22.9903771360752,72.59932510636695,Apartment,1289.0,2,2,1,6,9,1,Unfurnished,2.288453460033578,2.826997792257662,3.0392106158490186,26.045523271156426,70.32543049262095,8.430560598686698,9534664.0,22939.0
TXN01559,2024-03-31,Ahmedabad,Gota,23.088224643466386,72.53901315980771,Villa,1791.0,3,2,13,7,13,0,Furnished,3.24123309949572,2.848040508863804,2.7829147616774046,5.0,79.82682683555736,9.654524006571137,15009942.0,33528.0
TXN01560,2025-06-03,Ahmedabad,Satellite,23.034758750142835,72.52739766450112,Villa,1352.0,2,3,6,6,15,2,Semi-Furnished,2.496145587136036,2.558914067639143,2.2740586989001788,6.55505758865907,63.41954698463557,9.168920157951732,15245985.0,35330.0
TXN01561,2025-11-04,Ahmedabad,Bodakdev,23.043467838055857,72.50253215400187,Villa,794.0,2,3,21,10,15,1,Furnished,2.604887499637663,3.1427824054864733,2.5686582346501283,7.207508495945274,87.57610482926195,10.177854783279527,11267421.0,27240.0
TXN01562,2025-07-31,Ahmedabad,Thaltej,23.05185216284413,72.50820795290508,Apartment,809.0,2,2,15,10,10,1,Furnished,3.066222777561033,3.56534876435065,3.1780171523923633,7.5799175569828225,82.11249577862773,10.31065900153365,8396774.0,20076.0
TXN01563,2024-10-25,Ahmedabad,Gota,23.087543848536058,72.53864826584034,Apartment,1035.0,1,1,10,7,16,2,Semi-Furnished,3.1281114748094363,3.5877380163584083,3.3676215344892544,5.131555929758527,80.15558458156681,9.618097619146488,8347124.0,18346.0
TXN01564,2021-07-18,Ahmedabad,Thaltej,23.044078735168874,72.51311382924217,Apartment,2506.0,5,4,16,7,11,0,Semi-Furnished,2.7369582352845274,2.8221907763466114,2.7013337235904675,17.290091521128563,71.54304034453259,9.064550551668361,22467017.0,55645.0
TXN01565,2023-04-30,Ahmedabad,Gota,23.08908579497211,72.54008535419459,Apartment,2074.0,4,3,16,3,11,1,Unfurnished,2.72683131536728,3.1586342738917095,3.1383883943228517,9.602638954634273,84.73472168299708,10.072699262154684,14907811.0,36039.0
TXN01566,2023-08-07,Ahmedabad,Shela,23.004241263944838,72.4570062855708,Apartment,2033.0,5,4,4,10,19,1,Furnished,3.1927131610673136,3.3886045371964655,3.236443685093746,13.63831377543123,87.96979307542698,9.964977899444515,14451385.0,34930.0
TXN01567,2023-09-02,Ahmedabad,Chandkheda,23.104889470579327,72.58137082298445,Row House,2200.0,5,4,3,7,12,1,Furnished,2.4579950411360096,2.7124023812017684,2.702672066336022,18.663465064118093,82.79366352595471,8.440571128160224,17073143.0,39318.0
TXN01568,2024-05-29,Ahmedabad,Thaltej,23.04752690366119,72.521953133138,Apartment,2230.0,5,4,14,6,14,2,Semi-Furnished,2.528865186839699,3.8731945195366917,2.090080748592368,12.790560569185608,68.79320220078912,7.292199786907057,20445319.0,46140.0
TXN01569,2023-02-04,Ahmedabad,Shela,23.003031516741007,72.46493899709616,Apartment,1506.0,3,2,25,9,12,0,Furnished,2.6557491181071398,4.016460252478985,3.9155842874419005,5.0,84.81037176373435,9.195985588303483,10292590.0,24229.0
TXN01570,2024-09-25,Ahmedabad,Satellite,23.029159436002438,72.52908365284213,Apartment,2650.0,5,4,9,2,16,2,Semi-Furnished,3.0465358214195626,2.7312463272859957,2.755814746921216,23.06140151373524,78.51815603500297,9.317260395178792,32872477.0,64993.0
TXN01571,2021-03-01,Ahmedabad,Satellite,23.026481035319172,72.51880743425129,Apartment,1291.0,3,3,9,9,9,1,Semi-Furnished,2.2149176517427565,2.5476942445652107,2.170073271699425,5.0,63.42682137717235,10.090469368300228,14485719.0,30825.0
TXN01572,2019-11-27,Ahmedabad,Bopal,23.02959607599543,72.462099285866,Villa,1849.0,3,3,8,9,10,0,Furnished,1.7493498087902557,3.51057002760932,2.291457773241771,5.0,86.7628778269854,9.567734003619272,15090739.0,33718.0
TXN01573,2023-09-29,Ahmedabad,Bopal,23.0361862157249,72.46535343094911,Villa,2217.0,5,4,6,2,17,2,Furnished,2.240740767873548,2.2202345224717748,3.4604959825251282,5.089193472784256,76.81515171845433,9.631760547256782,21258716.0,46772.0
TXN01574,2025-10-24,Ahmedabad,Chandkheda,23.11031018857518,72.58887331373907,Apartment,900.0,1,1,14,7,15,1,Unfurnished,2.7008619501964675,3.3151226094282666,3.037402652946576,8.670824942444865,77.1140780995919,9.933432239969049,6268993.0,15060.0
TXN01575,2022-05-29,Ahmedabad,Chandkheda,23.113308303787097,72.57522235685398,Apartment,2778.0,5,4,9,8,17,2,Semi-Furnished,1.8689857663083105,4.060710467130322,2.0111668897060295,16.57327570304185,75.33000036587386,12.141214960310805,21773214.0,44932.0
TXN01576,2019-07-13,Ahmedabad,Bopal,23.03097514877493,72.46326365209835,Row House,766.0,1,1,12,3,15,0,Furnished,2.9648926362892567,3.2952192767646373,4.046496348861236,13.752880466431668,86.61597742758758,9.216944843028882,6287454.0,14786.0
TXN01577,2020-10-30,Ahmedabad,Bodakdev,23.036793771723364,72.50103095731025,Apartment,898.0,1,1,18,12,16,2,Semi-Furnished,1.8936159492403486,2.1634322606338405,2.746875751664023,17.03832958436501,78.78005361941042,9.453714933935288,11591597.0,28033.0
TXN01578,2019-09-11,Ahmedabad,Chandkheda,23.10666823601208,72.57318524891545,Villa,2292.0,3,2,8,12,19,1,Unfurnished,2.9230819450573837,4.072158079925644,2.5251039285965966,12.396306965030062,76.24269508458089,10.129756966836151,16282681.0,32707.0
TXN01579,2023-04-14,Ahmedabad,Thaltej,23.050534636507205,72.50780626884297,Villa,2276.0,5,4,0,7,15,1,Semi-Furnished,2.7036952418329045,3.4962829361474923,2.290389027897526,20.46608713694769,73.65675628718286,7.8251073811971,22404165.0,54051.0
TXN01580,2022-12-30,Ahmedabad,Bopal,23.03159511097746,72.46141962099306,Apartment,1606.0,3,3,14,7,10,0,Unfurnished,1.9723498436445306,3.612635025333266,2.9798814716662863,5.0,85.63010689267493,11.155463199734086,12730015.0,25769.0
TXN01581,2021-08-18,Ahmedabad,Chandkheda,23.11125679957016,72.58171658017376,Apartment,2787.0,4,4,19,7,12,1,Furnished,2.4938647084095824,3.573982393165553,3.2852408805458637,12.26120114024144,96.93558953731369,6.97462847273911,20046194.0,46015.0
TXN01582,2024-02-25,Ahmedabad,Bodakdev,23.037119238565086,72.50457432698998,Apartment,1291.0,2,3,12,7,9,0,Unfurnished,1.892481137740464,3.000406996596049,1.944642866805342,6.947786027260651,86.29648916176421,8.378739238427526,15259427.0,37832.0
TXN01583,2021-11-27,Ahmedabad,Vastrapur,23.03765813618633,72.52600278184006,Apartment,1706.0,3,4,1,6,11,2,Semi-Furnished,2.7029286454351062,2.5443291260099254,2.014839509279682,17.961149406633517,80.75271869847666,8.17814601346097,19384680.0,39023.0
TXN01584,2020-06-12,Ahmedabad,Chandkheda,23.106120035630624,72.57647525136159,Villa,727.0,1,2,13,12,12,2,Unfurnished,3.172131924043026,3.4524641066844204,2.6253965682369964,14.990378510145227,86.63606263360062,11.31674245332846,5548601.0,11367.0
TXN01585,2022-07-13,Ahmedabad,Chandkheda,23.109158075567287,72.58179914627773,Apartment,1841.0,4,4,25,7,19,2,Unfurnished,3.9304137363626666,3.3833131962463674,2.767709959035949,6.830964805555643,78.02105407258844,7.9976817500412745,11807018.0,26824.0
TXN01586,2022-05-22,Ahmedabad,Gota,23.091294509650623,72.53582497109068,Villa,1699.0,4,4,18,5,15,1,Furnished,3.353401202341214,4.125503440528084,3.092053208949618,6.2829668933501654,77.5506454886741,8.342345345398405,14677646.0,31210.0
TXN01587,2019-12-06,Ahmedabad,Satellite,23.031157108604813,72.52280683771717,Apartment,1678.0,3,4,20,2,7,0,Furnished,1.99708528108134,2.9487176038767036,0.5933997015838632,9.48592882748031,81.41722233365792,6.456492149051039,19346290.0,43477.0
TXN01588,2023-02-07,Ahmedabad,Vastrapur,23.033579970532013,72.5242633034299,Apartment,2299.0,3,3,2,6,12,0,Furnished,2.165954586673272,3.949680743799504,2.612504881552182,8.033391964628034,77.9995658800961,8.66542009389276,26462017.0,62710.0
TXN01589,2021-02-14,Ahmedabad,Prahlad Nagar,23.00705368082516,72.5103105291648,Apartment,2335.0,4,4,1,3,19,1,Unfurnished,1.8541181841258905,3.1279294661708175,2.789197418654546,9.414066884819912,73.74660602052049,11.865469581864504,31855021.0,66093.0
TXN01590,2020-07-23,Ahmedabad,Chandkheda,23.10489225552958,72.567399553798,Apartment,662.0,1,1,23,12,14,2,Furnished,2.8822956037460816,3.358148841195969,2.9039818055869375,5.0,78.2558261102615,9.02480566567693,4902141.0,10713.0
TXN01591,2023-12-12,Ahmedabad,Maninagar,23.004452961887672,72.60605031374874,Apartment,1505.0,1,1,7,2,16,1,Semi-Furnished,3.1044408217162207,2.6557626124920657,2.7421282405785625,20.22957543021175,73.04962603354751,7.451130501647803,10802700.0,25265.0
TXN01592,2022-06-09,Ahmedabad,Vastrapur,23.03847601603369,72.53682452160963,Apartment,907.0,3,3,2,2,18,2,Unfurnished,2.7974355958182557,3.1187956842583517,2.422334917544996,10.646113643578149,69.58334023744654,9.38519345023641,9616814.0,22495.0
TXN01593,2024-01-31,Ahmedabad,Prahlad Nagar,23.01152092474767,72.5098397767792,Villa,1736.0,2,2,2,1,6,0,Furnished,2.1513267280615653,2.1225725680677616,2.687813929641814,5.0,76.20358564398514,8.251676247375928,23715224.0,58175.0
TXN01594,2025-05-20,Ahmedabad,Vastrapur,23.03676494229029,72.54074454242549,Apartment,832.0,2,1,2,12,14,2,Semi-Furnished,2.5471304944478113,2.792669161007567,2.1924817152651572,16.84795747003967,85.6856038554779,11.10455171777339,9900860.0,19931.0
TXN01595,2023-09-01,Ahmedabad,Shela,23.007105565301778,72.46369886505988,Apartment,1514.0,3,3,9,11,12,1,Semi-Furnished,3.777929758847409,4.118319888987399,3.305064628083702,16.911155758483623,95.41940414383826,10.327329631212745,10538106.0,24550.0
TXN01596,2022-03-07,Ahmedabad,Shela,22.996797308806205,72.47400977191867,Apartment,2603.0,5,4,23,1,13,0,Unfurnished,3.0413098719699843,3.3835874554440144,2.9359348930012144,5.0,80.08513261927312,9.504169849807312,16192604.0,36595.0
TXN01597,2019-02-04,Ahmedabad,Chandkheda,23.110649819493116,72.58207729175192,Apartment,2491.0,4,3,24,7,16,0,Furnished,4.0274772920253925,3.4237563594049543,3.3554027470661194,13.703464557913044,83.10631918749813,9.266829685179092,19461361.0,45473.0
TXN01598,2022-01-20,Ahmedabad,Vastrapur,23.038601872965643,72.53522195321453,Apartment,676.0,1,1,11,8,10,1,Semi-Furnished,2.4284045814268396,2.873708964446899,2.527974416946301,11.018332518848872,75.2067349306712,10.112070088133247,8018873.0,17278.0
TXN01599,2019-02-03,Ahmedabad,Vastrapur,23.036099974145685,72.5215389214906,Villa,1222.0,3,4,16,12,17,1,Semi-Furnished,1.473911740163853,2.4030972236164923,2.5092213824500607,21.913509275342342,70.32232143007057,9.854786984982798,13014922.0,29671.0
TXN01600,2025-11-26,Ahmedabad,Prahlad Nagar,23.00938675421778,72.50880000101365,Apartment,2784.0,5,4,12,1,6,2,Semi-Furnished,2.449240704931431,3.00317593036464,2.5666277226297227,19.35740840614759,75.56986588955931,11.70583794347458,42627075.0,70464.0
TXN01601,2024-01-24,Ahmedabad,Shela,23.00930167875033,72.4646304476008,Apartment,2564.0,4,4,24,8,10,1,Semi-Furnished,3.323295181610055,4.214025277540519,3.1748586957108427,5.0,76.91787443173291,9.770005629282362,17613609.0,41062.0
TXN01602,2019-04-14,Ahmedabad,Shela,23.01359902939097,72.46766290648942,Apartment,2409.0,5,4,18,3,4,1,Semi-Furnished,2.9765671364699773,3.2554103522213707,3.1658009794560296,11.014704481304015,79.95413636703188,8.580974714199499,16292256.0,38909.0
TXN01603,2025-08-03,Ahmedabad,Bodakdev,23.0360508257767,72.494811608463,Apartment,1384.0,3,4,25,11,13,2,Unfurnished,1.1514674882341653,2.623370621225075,2.663251700455009,5.0,87.20166071135125,10.390785945074873,17830127.0,36842.0
TXN01604,2023-08-14,Ahmedabad,Chandkheda,23.10831380673985,72.57689216249454,Row House,2703.0,4,4,8,8,18,1,Semi-Furnished,3.191512633752934,4.1936674397021365,2.7374171493527295,15.566190625369739,82.50722365904916,10.303635695176492,21024357.0,43009.0
TXN01605,2021-09-25,Ahmedabad,Maninagar,22.996731934113008,72.60205346230863,Villa,2024.0,3,3,16,8,10,1,Furnished,3.47016180002545,3.37822241173037,2.9130638905091644,18.780006057573438,64.52028726436782,7.479586952688817,15748819.0,36002.0
TXN01606,2021-07-14,Ahmedabad,Maninagar,22.996055746628993,72.59673827706847,Villa,1575.0,3,3,20,7,17,1,Furnished,1.9442937041763428,3.2052002527528023,2.8656588049195686,18.998032949484017,58.01588671478591,10.05216589933675,12195853.0,29249.0
TXN01607,2021-03-30,Ahmedabad,Chandkheda,23.109696659933263,72.57736031893097,Row House,2512.0,5,4,16,11,14,0,Semi-Furnished,3.4634029397793533,3.490417766455369,3.9934476476164793,15.698703287201216,85.52256430400251,9.65890416895065,18655254.0,43354.0
TXN01608,2023-04-29,Ahmedabad,Maninagar,23.001121104888245,72.59619839247874,Apartment,2215.0,4,4,15,3,16,0,Unfurnished,3.484375589079077,2.8563072270875467,2.217227121492389,10.604181753896473,73.90891633498039,9.459576375006922,14632204.0,33562.0
TXN01609,2025-05-19,Ahmedabad,Maninagar,22.995216530996856,72.60382926992447,Apartment,2598.0,5,4,15,1,10,2,Furnished,2.761674570586763,4.984111895848248,1.8501253690400665,7.830438160582112,66.80949300360697,9.812538738313842,22015183.0,44732.0
TXN01610,2025-09-11,Ahmedabad,Vastrapur,23.031389333925823,72.5328490148656,Apartment,863.0,1,1,5,7,11,0,Semi-Furnished,2.9744888689107754,2.092181095301936,2.8299390434544134,15.732090915678604,80.79914896803594,8.27683147432417,9285305.0,21441.0
TXN01611,2021-06-01,Ahmedabad,Gota,23.08931288798788,72.53551332242841,Apartment,1716.0,3,3,6,1,6,0,Furnished,3.1043572745269765,3.714821235802497,3.6013518589074485,20.78925309179788,72.6540614835497,8.200745716995604,13750192.0,31713.0
TXN01612,2020-01-22,Ahmedabad,Bodakdev,23.033260939289175,72.50187372778474,Apartment,1455.0,3,3,25,4,11,2,Semi-Furnished,1.2758665869264179,2.711338405749933,1.9142778683940664,10.116883722147913,84.21968419717976,10.6461737350814,20854638.0,43678.0
TXN01613,2022-05-26,Ahmedabad,Satellite,23.024745433263767,72.51860690013471,Row House,1833.0,4,4,11,8,16,0,Semi-Furnished,2.3129339538839333,2.8201929502933494,1.2627743332142067,21.762658355766845,73.48229504478755,8.289844723839384,19797814.0,46649.0
TXN01614,2020-12-21,Ahmedabad,Prahlad Nagar,23.010217697678996,72.51236119686588,Apartment,2481.0,4,4,24,1,5,2,Semi-Furnished,2.4959387180952914,1.986784948689757,2.153554200739,5.0,71.81765476576791,8.969397474331982,32520533.0,70989.0
TXN01615,2025-12-29,Ahmedabad,Prahlad Nagar,23.01459623748938,72.50509120408589,Apartment,839.0,1,1,20,11,15,1,Semi-Furnished,2.759793486242476,2.6297275184062947,0.7424238430912307,9.514789181594292,76.0500321465805,11.214837616945756,10028058.0,24026.0
TXN01616,2024-04-16,Ahmedabad,Chandkheda,23.113033570097855,72.58590954451815,Apartment,1757.0,3,2,1,11,12,1,Unfurnished,2.8528481348928616,3.1818749105906075,3.671706817485947,16.36218639925045,80.48638492756773,9.141036852894775,12716155.0,27016.0
TXN01617,2025-03-30,Ahmedabad,Maninagar,23.000195373240377,72.60102138798851,Apartment,1658.0,4,3,17,10,13,1,Semi-Furnished,2.2748316121967176,3.4089947405206513,2.190940553039883,16.118672460083122,58.80844325937434,8.096977798050597,12230265.0,27866.0
TXN01618,2023-06-13,Ahmedabad,Vastrapur,23.036523250999096,72.53368588469979,Row House,1558.0,3,3,13,10,17,2,Semi-Furnished,2.6443221590982406,2.2565815077219606,1.8739003827340581,18.608784813074287,75.56906630724394,7.496173451062872,17243064.0,39967.0
TXN01619,2022-08-24,Ahmedabad,Maninagar,22.99471662605727,72.59849070321947,Row House,1371.0,2,3,7,1,10,1,Furnished,3.065404206028647,3.183850239614341,2.8197740070432915,14.921622371951035,57.77682222697952,7.857134670596237,10562566.0,25804.0
TXN01620,2021-08-08,Ahmedabad,Shela,22.997058138136335,72.47093912358584,Villa,1671.0,3,3,3,3,7,0,Semi-Furnished,2.830528324911599,4.013332316287475,2.6204348933544015,12.794805400752296,88.22983093692152,9.791908001499921,11059203.0,24900.0
TXN01621,2025-04-21,Ahmedabad,Thaltej,23.05720130604825,72.50867225428827,Apartment,1301.0,3,2,6,1,4,0,Semi-Furnished,1.8020176843814906,2.566874130906234,2.5245714742987033,13.496393889119405,88.37907820535789,10.239779684119036,13054051.0,28372.0
TXN01622,2021-06-26,Ahmedabad,Thaltej,23.051018194019257,72.51894033357308,Apartment,1086.0,2,1,23,12,14,1,Unfurnished,2.005423779648804,3.8310844429311977,2.428282515624842,23.817492529913483,78.94675007936857,7.902981307955901,9728748.0,23468.0
TXN01623,2020-02-09,Ahmedabad,Bopal,23.029179704032675,72.4641959626995,Apartment,1866.0,4,3,13,2,18,2,Semi-Furnished,2.4850983787638015,3.0600116584953825,2.0842176271187793,5.0,87.75232689288528,9.164999213846666,14491791.0,36074.0
TXN01624,2021-01-23,Ahmedabad,Bodakdev,23.042480154351107,72.50423598863256,Apartment,2649.0,4,3,16,10,10,0,Semi-Furnished,2.171226741370288,3.208762478595304,2.267340172627341,13.23003446989403,90.42255400125677,9.644581690530169,34824609.0,78289.0
TXN01625,2024-12-22,Ahmedabad,Gota,23.090090580479302,72.5450506119424,Apartment,1942.0,3,4,9,5,18,1,Semi-Furnished,3.047925224469758,3.257851759752773,2.731891222481272,6.117954519750577,79.89653132241587,9.368158853945419,14886200.0,31671.0
TXN01626,2023-01-16,Ahmedabad,Maninagar,22.994265506787592,72.60421937994555,Apartment,1679.0,4,3,11,12,13,1,Furnished,3.436095305583563,2.9601165517473804,1.9387871061246895,23.381993299767828,71.9838763961519,9.025973314871413,12981345.0,29041.0
TXN01627,2025-07-18,Ahmedabad,Gota,23.08782861210002,72.54370099389628,Apartment,2012.0,3,4,1,3,10,0,Semi-Furnished,2.60376631210264,3.6419155672725982,3.293721312758996,13.45922674931224,75.21137547742384,7.234516364996981,14427308.0,33836.0
TXN01628,2021-04-03,Ahmedabad,Bodakdev,23.038303347527233,72.51259097050023,Villa,661.0,1,1,23,10,18,1,Furnished,2.245964013990762,2.1574967781005916,1.771262545334014,5.0,82.49860336693291,8.138385703529396,9193796.0,20934.0
TXN01629,2022-11-17,Ahmedabad,Shela,23.00331944944628,72.45956955919556,Apartment,2726.0,5,4,16,7,17,0,Furnished,2.892468980869249,3.468506106713265,3.8936534243992287,5.0,88.58004166696365,9.741586729177392,21023734.0,41609.0
TXN01630,2022-08-28,Ahmedabad,Vastrapur,23.0352599147507,72.52917675600224,Apartment,1738.0,4,3,21,3,18,1,Furnished,2.6894825908490354,3.327237623829612,2.3125233345422416,21.86184629455004,75.93906310181421,7.24306452578935,20090457.0,47731.0
TXN01631,2023-12-31,Ahmedabad,Vastrapur,23.041104995846375,72.5221409626481,Apartment,1759.0,3,2,2,11,11,2,Unfurnished,2.718586354835655,3.0273097237201423,4.083940237074997,21.558157950314996,73.52937045404302,9.250774683499362,18729657.0,40775.0
TXN01632,2020-12-05,Ahmedabad,Chandkheda,23.112164819867765,72.57892239086351,Apartment,2258.0,5,4,23,12,18,1,Semi-Furnished,2.798372576737348,2.9088926913758897,2.863166721183562,7.524848766595912,84.3929193391466,9.018574051413971,15330640.0,36847.0
TXN01633,2019-05-06,Ahmedabad,Satellite,23.03119908382637,72.51386088748916,Apartment,1747.0,3,4,10,2,19,2,Semi-Furnished,1.8830231256170373,2.3343971218323865,2.896954849479179,11.181367072686449,63.902178477138015,9.812932531652523,20274188.0,42618.0
TXN01634,2021-09-01,Ahmedabad,Chandkheda,23.111824007940758,72.58113255941223,Apartment,1577.0,3,3,6,6,7,1,Semi-Furnished,3.9690766073779065,3.4447537526378027,3.020061157480307,7.685598693482296,82.77867652558744,7.779926382697903,10832627.0,24008.0
TXN01635,2020-06-09,Ahmedabad,Vastrapur,23.03751135358909,72.52528757293501,Apartment,2741.0,5,4,6,9,14,0,Furnished,2.252601814934623,3.054008386443025,1.7304661118923352,16.64321018982106,71.76879540023054,9.461449943156692,31584151.0,72063.0
TXN01636,2021-03-14,Ahmedabad,Bopal,23.03110149238738,72.4734795191475,Row House,1673.0,4,4,17,4,4,0,Semi-Furnished,2.832189943098688,3.7640348153302607,3.909182395260398,5.0,86.25400641803633,10.32653445098834,12855178.0,28608.0
TXN01637,2020-10-14,Ahmedabad,Vastrapur,23.04372178252968,72.53380980666843,Villa,1391.0,3,2,19,2,13,2,Semi-Furnished,2.127354352181105,1.1221949827022184,2.5480790905979886,12.390684638242131,67.44419037981207,7.844129214780198,15184773.0,33391.0
TXN01638,2025-09-03,Ahmedabad,Gota,23.089230898896343,72.53905516927571,Apartment,2437.0,4,4,20,10,19,2,Semi-Furnished,2.5692095090902134,2.375141727397019,2.7669269261084337,6.9221390797878435,68.01677709432191,9.281254836000095,18535381.0,41779.0
TXN01639,2025-05-20,Ahmedabad,Chandkheda,23.11208603974799,72.58413191028588,Apartment,2384.0,4,4,5,9,19,1,Furnished,3.289186189716605,3.5003341814568043,3.410908963091497,19.79418233870057,77.91584143911913,8.175424772500259,18575086.0,42490.0
TXN01640,2021-01-30,Ahmedabad,Thaltej,23.037818147490878,72.51713296055696,Apartment,1068.0,3,2,16,4,14,0,Furnished,2.2487584770382423,2.2141273865157682,2.827462393710075,7.079168804815719,83.58957960688242,7.604984540722043,10904384.0,24714.0
TXN01641,2025-10-19,Ahmedabad,Gota,23.08476049352984,72.54472092857037,Apartment,1361.0,3,4,13,5,14,0,Unfurnished,2.922445874751605,3.50229680878084,3.252055131686349,5.0,78.72176932551129,7.203006661894237,8597050.0,22598.0
TXN01642,2025-08-26,Ahmedabad,Gota,23.090658167176695,72.53779870817752,Apartment,1336.0,3,4,14,7,14,1,Semi-Furnished,2.7484323542098883,3.566609994301807,3.1198531628791732,5.260156288809396,81.69420574650286,9.082383114310629,10352788.0,24092.0
TXN01643,2024-05-19,Ahmedabad,Vastrapur,23.03940434429764,72.53639774761805,Apartment,1319.0,3,2,7,9,9,2,Semi-Furnished,2.4364992977159554,2.297519040343864,2.5440698334104144,13.523028055432569,78.94781094639598,8.707679418306103,14772898.0,31406.0
TXN01644,2023-09-30,Ahmedabad,Chandkheda,23.10474821531966,72.57867617300118,Apartment,1415.0,3,3,0,12,16,2,Furnished,3.153251562106602,4.208837200095087,2.2084994270907146,21.576705964979425,85.54896000953367,8.925068231458866,11105770.0,23049.0
TXN01645,2019-03-14,Ahmedabad,Bodakdev,23.039031595391553,72.50292602175244,Apartment,2244.0,4,4,9,3,4,0,Semi-Furnished,2.218604894222503,2.3350042728351768,2.5132071564440244,14.304533699311468,82.94147477361633,9.811278495765167,32092140.0,72047.0
TXN01646,2022-05-23,Ahmedabad,Chandkheda,23.10868675023863,72.58594149182714,Apartment,2155.0,4,3,10,2,13,2,Semi-Furnished,2.6236879504186343,2.5914119295722804,1.8723030672645344,11.682961203888533,89.84711438977521,7.749901181820828,15785049.0,35078.0
TXN01647,2021-12-01,Ahmedabad,Chandkheda,23.110603825132497,72.58119607632253,Apartment,1592.0,2,3,4,4,18,1,Semi-Furnished,3.7347772445931176,2.8453714981920757,2.718338530556953,5.0,78.23194104720528,8.212439744492885,10703284.0,26960.0
TXN01648,2025-11-10,Ahmedabad,Vastrapur,23.044559104435855,72.5280252398418,Villa,2362.0,4,3,20,7,18,1,Furnished,2.0480956366325986,2.580571179950589,1.6288721049651183,13.247969771280388,74.74250614180956,9.181249243053882,25897760.0,63199.0
TXN01649,2020-02-17,Ahmedabad,Chandkheda,23.108960892146214,72.58690268821825,Apartment,1072.0,2,1,14,9,14,2,Semi-Furnished,2.998393195233532,2.911708658897112,3.584767826210253,5.0,74.4245536238307,9.726955133017231,7352088.0,18560.0
TXN01650,2024-11-18,Ahmedabad,Maninagar,22.998965312873736,72.59680778794905,Apartment,2739.0,5,4,18,2,10,1,Furnished,2.4133993986206397,4.507532279706426,2.9317454146626263,20.335897701511794,59.36054065811772,9.800321834367555,21009240.0,49215.0
TXN01651,2020-09-18,Ahmedabad,Chandkheda,23.10640447472302,72.58180571965201,Apartment,1137.0,1,1,7,8,18,0,Semi-Furnished,3.0677632805874717,3.7213904224398977,2.9452705095632714,5.0,82.17112827804272,8.455394094511611,7438056.0,18938.0
TXN01652,2025-08-10,Ahmedabad,Thaltej,23.05279768688804,72.51997111986014,Apartment,2786.0,5,4,8,9,14,2,Unfurnished,2.913027142963774,3.751607577384057,2.804208269261847,14.432660305816954,72.1625717880249,10.224009101754644,27315001.0,61107.0
TXN01653,2024-07-22,Ahmedabad,Maninagar,22.99192384918564,72.59311853061969,Apartment,2395.0,4,4,9,10,10,0,Unfurnished,2.2679829824866684,2.6631763097288608,2.658343099512112,10.506249985720808,67.66433724642597,10.200585983302098,16586047.0,36106.0
TXN01654,2022-07-27,Ahmedabad,Thaltej,23.05156835553886,72.51122195373384,Apartment,2777.0,4,3,15,3,6,0,Semi-Furnished,2.993357732070089,3.1054932139273763,1.728232627991087,17.59913923425332,83.02932008472271,9.609047039636273,25168003.0,58906.0
TXN01655,2020-06-12,Ahmedabad,Prahlad Nagar,23.011533635009023,72.5174453884221,Apartment,2265.0,5,4,14,1,8,1,Furnished,2.235096463991949,3.262804350115763,1.7400969340254075,16.73826887374595,73.23131872400866,7.644858913753026,30633134.0,63876.0
TXN01656,2024-10-28,Ahmedabad,Maninagar,22.99235004269585,72.60864302924547,Row House,2672.0,5,4,13,1,15,1,Semi-Furnished,2.9525878229641638,2.3022886592182936,2.247164126377165,17.63946611054632,58.812280618612455,8.47603372442825,19620935.0,46699.0
TXN01657,2019-08-24,Ahmedabad,Thaltej,23.049501462872293,72.5188731944936,Apartment,2434.0,5,4,17,1,14,2,Semi-Furnished,2.347414834590781,2.845127398283705,2.4200111789910452,10.188298469939888,68.45324034325647,10.453358964986702,24945359.0,53788.0
TXN01658,2025-04-25,Ahmedabad,Vastrapur,23.038143432588832,72.53043396044438,Apartment,1823.0,3,2,12,11,15,2,Semi-Furnished,3.1762466991072142,2.870683201375567,2.6295315642898185,8.754978595401939,81.82935588225683,9.782100246695784,21290160.0,41828.0
TXN01659,2021-09-25,Ahmedabad,Gota,23.088395580090538,72.53269598235852,Villa,2215.0,4,4,16,11,14,2,Semi-Furnished,2.8294627315274687,3.223826705942156,2.3201876340199146,17.70301821020425,79.87982229196179,9.173197880495367,15449953.0,38517.0
TXN01660,2025-08-08,Ahmedabad,Chandkheda,23.107754035049204,72.57480073232213,Apartment,724.0,2,1,9,4,8,2,Furnished,2.605576857158007,3.0320570420488075,1.8634991310740228,13.282649594538395,82.46295756513875,8.034676365758749,5287110.0,12293.0
TXN01661,2023-04-08,Ahmedabad,Vastrapur,23.03709258852728,72.53245385431336,Row House,2619.0,5,4,16,11,12,0,Semi-Furnished,3.1151220977247025,2.870541150493037,2.4441905736437985,12.454131396841982,72.20140050697009,9.619291209692193,29004070.0,69526.0
TXN01662,2021-12-24,Ahmedabad,Prahlad Nagar,23.015618172319073,72.50623044288287,Row House,883.0,1,1,13,6,12,0,Unfurnished,2.126889264890057,2.209326117128695,2.440044069145245,12.441724536961265,76.35906525754453,9.399859351253474,10149329.0,22955.0
TXN01663,2023-02-22,Ahmedabad,Satellite,23.028903967929626,72.52278924341542,Apartment,2224.0,4,4,4,11,17,1,Semi-Furnished,2.1642902814960467,3.249313847370054,2.0039199669259053,5.0,67.3144607446242,9.415106172521952,26644834.0,55530.0
TXN01664,2019-07-19,Ahmedabad,Prahlad Nagar,23.007711343799393,72.49887016814681,Apartment,1894.0,3,4,22,2,11,0,Unfurnished,1.9343894889430482,2.04830752049675,2.233002610260553,10.140014868139387,82.8863034874875,10.222437087592766,21543768.0,46387.0
TXN01665,2020-05-19,Ahmedabad,Bopal,23.037647336162035,72.46565111480943,Villa,1396.0,2,2,2,9,10,0,Furnished,2.5374515206620876,3.359659238005236,2.4951382691624326,6.4175347822045135,82.69800461564354,7.033661581024083,11195928.0,26649.0
TXN01666,2021-11-22,Ahmedabad,Bopal,23.027147271909467,72.46339839074355,Apartment,1207.0,3,3,16,6,15,2,Semi-Furnished,1.8375888690894842,4.084074741187303,3.518501027941971,5.0,83.96100327147849,8.311779545431161,9056152.0,21580.0
TXN01667,2022-03-04,Ahmedabad,Prahlad Nagar,23.014278901392167,72.50611525494996,Villa,727.0,2,1,19,6,9,2,Semi-Furnished,2.9522167754532935,1.9300538659290836,2.652693202063143,11.414785809388855,91.48253245727437,7.722423758219019,9949695.0,20146.0
TXN01668,2022-07-20,Ahmedabad,Satellite,23.02643995067201,72.51616191607634,Apartment,1049.0,1,2,18,4,10,2,Furnished,2.466438971975257,1.7481029140754325,1.9387121141098147,7.101351728096741,64.08860981763202,10.620749354339278,12797504.0,25837.0
TXN01669,2021-06-11,Ahmedabad,Chandkheda,23.10537774577412,72.58745477918883,Apartment,716.0,1,1,17,11,14,0,Furnished,3.043313159299259,3.961614988452017,2.631319468466165,11.992233995848128,81.64412484768015,8.648900912708939,5208661.0,12553.0
TXN01670,2022-07-09,Ahmedabad,Vastrapur,23.037060897642593,72.52336393709237,Row House,1557.0,3,3,6,7,7,1,Semi-Furnished,2.0599591385010876,2.592218006868073,2.803230604523343,21.73499291108666,62.6869988129034,9.9203474559282,16981592.0,38633.0
TXN01671,2019-02-08,Ahmedabad,Prahlad Nagar,23.014552190148322,72.50637073634157,Villa,1350.0,2,2,3,6,18,2,Furnished,2.5290246995312238,2.606041753643641,1.9093948922442432,12.408062945411174,80.85566758352334,7.519192587046615,17546768.0,39205.0
TXN01672,2025-08-04,Ahmedabad,Satellite,23.040896827442797,72.51841865762523,Apartment,2756.0,5,4,9,5,19,0,Furnished,2.9060561204896214,3.5882600094211314,2.0045112761097563,9.09238500022921,79.64144668320415,10.002380086831927,32124122.0,77043.0
TXN01673,2025-11-07,Ahmedabad,Prahlad Nagar,23.013529075838033,72.50633904217061,Apartment,2117.0,5,4,4,11,17,2,Semi-Furnished,1.9730094297733591,1.6455649605429596,1.4207053358110817,14.680195436975694,71.75022851964174,9.764595603777796,29665335.0,56076.0
TXN01674,2021-06-30,Ahmedabad,Prahlad Nagar,23.012490134273193,72.50354349134292,Apartment,2477.0,5,4,7,2,10,2,Semi-Furnished,1.6967832212848093,2.5352182481926553,2.046558761554493,14.200739755736416,77.04893632310902,8.549870179711798,33416485.0,65007.0
TXN01675,2019-01-29,Ahmedabad,Maninagar,22.99362454661232,72.60408972856642,Apartment,2426.0,4,4,22,2,11,0,Semi-Furnished,3.0046566768244403,2.5171528797253577,2.395191548329434,19.170324969478884,57.07223988884434,6.229415153829317,15591985.0,38955.0
TXN01676,2022-10-11,Ahmedabad,Prahlad Nagar,23.00816545967587,72.50554652975538,Apartment,777.0,1,1,9,6,14,2,Unfurnished,2.5888660352447355,3.0473394199198287,2.481903858645196,21.161036929922865,74.33059380421453,9.214784177530513,9121880.0,20343.0
TXN01677,2020-09-15,Ahmedabad,Prahlad Nagar,23.00720573093681,72.5072021248677,Apartment,2077.0,4,3,5,10,17,1,Unfurnished,2.3783644698485986,2.256108665501142,2.3658634992418386,12.012940489671655,75.03726308955964,8.14422973464616,23175290.0,50745.0
TXN01678,2021-05-10,Ahmedabad,Shela,23.00314796165487,72.46710401633165,Villa,1393.0,3,4,4,7,11,2,Semi-Furnished,3.403504490363708,4.231934014246832,3.389984325923414,9.293515046876657,80.51284032230676,9.772479770858396,10122854.0,22283.0
TXN01679,2019-05-22,Ahmedabad,Chandkheda,23.106984534407285,72.58799846849422,Apartment,915.0,2,2,10,1,4,0,Semi-Furnished,2.0312126102136614,3.1695023878504114,2.308621914080321,11.0711184059611,82.86295231686779,10.715203998860895,6352002.0,14573.0
TXN01680,2022-09-14,Ahmedabad,Thaltej,23.047020267851394,72.51576908049037,Apartment,585.0,1,1,12,11,11,2,Semi-Furnished,2.6180480560594113,3.35578167906574,1.565419179263587,6.568628500587858,72.11558075009988,8.930503973671984,5714707.0,12940.0
TXN01681,2021-04-13,Ahmedabad,Bopal,23.03162230616801,72.4612936850301,Apartment,1137.0,2,1,22,3,4,1,Unfurnished,2.2526761258625125,3.1721600226943947,2.769118262389485,6.141818422565469,84.71894452281735,11.876645984835253,8496886.0,17902.0
TXN01682,2022-08-30,Ahmedabad,Prahlad Nagar,23.01308952950871,72.50776148369621,Row House,1221.0,2,2,16,12,12,1,Unfurnished,1.096006130980263,1.9866002771267324,2.7392912257299558,21.103479471027985,67.0882130037467,7.574133365968444,13827014.0,32926.0
TXN01683,2024-06-23,Ahmedabad,Thaltej,23.049312775627115,72.52636841774445,Apartment,1891.0,3,3,20,5,6,1,Furnished,2.2065125117900477,2.962569751490409,2.2515442292469956,10.276846401358402,79.10391371174279,9.701115651288804,20913438.0,46923.0
TXN01684,2021-07-02,Ahmedabad,Bopal,23.028738955184313,72.46176157997722,Apartment,1526.0,3,2,9,5,10,2,Semi-Furnished,2.648127363138633,3.402735310163562,3.0804337922274674,21.22822142914044,98.93307829231615,8.202133360603192,11714923.0,25907.0
TXN01685,2021-12-26,Ahmedabad,Bopal,23.028996957996572,72.4632836996147,Apartment,1937.0,4,3,7,3,19,1,Furnished,2.430152249984,3.432389245769131,1.6631642805472284,8.666072246884585,85.86339525560658,9.982776667132471,15312343.0,36586.0
TXN01686,2020-04-19,Ahmedabad,Maninagar,23.00247095778546,72.59874279371901,Apartment,854.0,2,3,4,2,5,2,Semi-Furnished,3.914344102309432,2.7596182439906234,3.2063011596428317,12.443995952475783,71.17002396079857,9.524931522741758,6268268.0,14424.0
TXN01687,2023-05-19,Ahmedabad,Vastrapur,23.040989368782025,72.52905419987282,Apartment,636.0,1,1,6,7,17,0,Semi-Furnished,2.54331553758517,2.782234615798463,2.5959090705355528,9.474815113338991,69.74751394329297,10.845538095449282,6858622.0,16622.0
TXN01688,2021-09-24,Ahmedabad,Maninagar,22.996562571136263,72.60203176240822,Apartment,895.0,2,3,4,3,5,0,Furnished,2.911386744596289,2.0223324140200494,2.639406424934113,10.865778524847707,64.65595658802027,10.191503215638084,7502260.0,15319.0
TXN01689,2025-02-26,Ahmedabad,Chandkheda,23.117095030957987,72.57897059920212,Villa,2736.0,5,4,22,7,7,1,Furnished,3.004660353094877,2.163325787678806,2.942339574442426,12.360749222809652,70.81455485228348,9.097394379395782,20389380.0,44738.0
TXN01690,2024-01-01,Ahmedabad,Satellite,23.028307999459464,72.51787392882274,Apartment,945.0,2,3,13,2,11,2,Semi-Furnished,2.1831038383512587,1.8702169292735724,2.2917825215236864,6.297594592804215,80.42663509339766,10.173758299647067,10748917.0,23249.0
TXN01691,2025-08-24,Ahmedabad,Maninagar,22.992900539021644,72.59838685152671,Villa,1476.0,3,2,9,10,15,2,Furnished,3.3676830411103498,3.3976850770821514,2.8059288684348513,20.84406867705726,69.59913341870568,8.728349602346665,11567992.0,28303.0
TXN01692,2025-04-08,Ahmedabad,Maninagar,22.99477626203276,72.60527293105525,Apartment,1701.0,4,4,4,8,10,2,Semi-Furnished,3.2419329436491418,2.8173232447201637,3.476836250816269,24.59758659247951,65.95663158868663,6.867836766663108,11840915.0,27287.0
TXN01693,2023-04-26,Ahmedabad,Vastrapur,23.04521074709321,72.53002459499324,Apartment,636.0,1,1,0,9,15,1,Unfurnished,2.1763887024128685,2.8468599099897984,2.210068976477831,8.34209955746987,68.41192378048913,9.392384871172807,6630746.0,13006.0
TXN01694,2025-12-17,Ahmedabad,Shela,23.00887301328186,72.46774519197022,Apartment,1466.0,3,2,20,5,12,0,Semi-Furnished,2.7313115982740417,4.038023370537662,3.2309883744519716,11.533630844807906,91.86569877197732,8.330887239954434,9389661.0,23990.0
TXN01695,2024-09-07,Ahmedabad,Shela,22.999591578246715,72.461194927907,Apartment,767.0,2,3,22,1,6,2,Furnished,3.6224717680144587,2.825752974465579,3.0941244373288,5.264252488452113,87.83117600098974,8.826840798674658,5310798.0,14166.0
TXN01696,2020-04-08,Ahmedabad,Thaltej,23.050409220928266,72.51222769581021,Apartment,2000.0,4,3,1,6,7,2,Unfurnished,2.427511077988595,3.169592616058842,3.0543405464563618,5.0,75.12853601129041,11.64831113255303,19332911.0,39952.0
TXN01697,2023-05-18,Ahmedabad,Chandkheda,23.109748696730698,72.57813400207128,Apartment,2296.0,4,3,8,4,11,0,Furnished,3.8748311553275494,3.8052016361403607,3.0395736923021026,14.738740499178608,77.01825136106778,6.932033963441988,17273346.0,39892.0
TXN01698,2025-03-16,Ahmedabad,Vastrapur,23.04050468191028,72.5311065567673,Apartment,2281.0,4,4,25,3,17,0,Furnished,2.123303903973867,2.220083776691677,2.139642473757331,21.304199512805017,79.56484549532665,6.34741791109599,25213675.0,61338.0
TXN01699,2024-06-25,Ahmedabad,Shela,23.007442995442542,72.46268130810627,Apartment,1333.0,3,4,15,4,15,0,Semi-Furnished,2.2443580698107857,2.82037995593704,3.020391656721288,16.31318015754725,89.17468677632951,10.35716974752133,9311803.0,20255.0
TXN01700,2025-10-08,Ahmedabad,Vastrapur,23.035802444910864,72.5320999966796,Apartment,599.0,1,1,3,7,7,0,Semi-Furnished,2.508894129796799,2.200067855228333,2.618366759423441,12.43791928603794,68.00821655999002,9.077664906881395,6764700.0,15394.0
TXN01701,2025-09-28,Ahmedabad,Prahlad Nagar,23.01527463853834,72.51106346050598,Apartment,2475.0,4,4,5,3,7,1,Semi-Furnished,2.5102809761341254,2.242020414726521,2.07992051980885,7.610054567680451,72.84367824879563,10.673067550921527,29897958.0,64464.0
TXN01702,2025-04-22,Ahmedabad,Prahlad Nagar,23.010872301543095,72.50659902730848,Row House,1538.0,3,2,3,4,9,2,Semi-Furnished,2.412390891575275,2.8448519046190026,1.9150066110362833,8.589788263894867,73.61948013737504,8.794601924381537,18796299.0,47138.0
TXN01703,2024-02-08,Ahmedabad,Shela,23.003525349955037,72.46963987440294,Apartment,1122.0,2,2,23,9,15,1,Furnished,2.6413708900148416,4.209129934663609,2.9959019830523985,5.0,81.64202930952072,10.987383880282955,8724362.0,16410.0
TXN01704,2021-03-27,Ahmedabad,Thaltej,23.0498835016696,72.51009996521076,Apartment,1577.0,2,2,16,4,8,2,Semi-Furnished,3.1511679006427533,3.4515522281206934,2.9023095704525006,7.745064828179258,66.80450957014803,8.447402187691438,14584415.0,33190.0
TXN01705,2025-10-12,Ahmedabad,Bopal,23.0306028526701,72.46134218177465,Row House,1727.0,3,2,15,10,19,1,Semi-Furnished,2.6386977565946697,2.6364817011265815,2.450550418980282,20.210926733219452,76.37270721758846,9.028942104317641,13688856.0,30538.0
TXN01706,2023-06-25,Ahmedabad,Bopal,23.025566310776647,72.46460240573626,Apartment,2468.0,5,4,13,11,15,1,Unfurnished,2.9608239618212995,2.9943935010837466,2.738992022357732,11.88007180474017,88.31733717236519,8.167841067726698,17633919.0,39522.0
TXN01707,2025-02-20,Ahmedabad,Gota,23.088358311158633,72.54105107745586,Apartment,2361.0,4,4,0,11,17,1,Furnished,2.711120046340837,3.0568512513692494,2.4252403821335666,10.337376820706872,72.81843342246589,11.192109198583559,21179550.0,40579.0
TXN01708,2024-11-26,Ahmedabad,Maninagar,22.996501960913932,72.6070123488022,Apartment,916.0,2,3,6,7,14,0,Semi-Furnished,2.361575245425193,3.49987181718456,1.5473770328656806,16.41234372964723,75.09659230337958,8.648540223282199,6510892.0,15719.0
TXN01709,2022-11-08,Ahmedabad,Chandkheda,23.11627894539754,72.57093199210617,Apartment,2409.0,4,4,20,4,6,1,Semi-Furnished,2.938517574409785,3.6532487101413964,3.1810913746133056,5.0,74.51883872775473,7.00640276371116,15105604.0,37056.0
TXN01710,2025-12-11,Ahmedabad,Vastrapur,23.0421351862574,72.532359764686,Row House,654.0,2,3,19,8,10,2,Furnished,2.640386655370507,3.3878970411773253,1.9786589107526316,13.930552559734467,74.7658678577253,8.006431955386908,6915885.0,18421.0
TXN01711,2020-01-08,Ahmedabad,Vastrapur,23.0386256304265,72.53012901366493,Apartment,2069.0,5,4,3,2,9,0,Semi-Furnished,2.6781959612915083,2.6747973926969273,2.977420350998558,11.187928084779957,72.81010586079623,9.522115742027477,22387953.0,49739.0
TXN01712,2024-12-19,Ahmedabad,Gota,23.0884237421562,72.53334107757135,Apartment,1638.0,3,2,19,9,9,2,Semi-Furnished,2.852415752180453,3.371713323451474,2.4926593492882625,7.347571302142343,80.72918640799354,9.645718674968474,13537485.0,28021.0
TXN01713,2022-03-29,Ahmedabad,Gota,23.085025282211518,72.54152217911736,Row House,2692.0,5,4,22,6,7,1,Unfurnished,3.1216197699859416,2.412352477261406,2.307247501264408,5.0,76.3022426556467,11.011224914238642,19424754.0,44298.0
TXN01714,2022-08-04,Ahmedabad,Maninagar,22.996157686291404,72.60368855190943,Apartment,2074.0,4,3,15,7,8,1,Furnished,2.7926414402523143,3.136892257885971,2.2044216252255406,23.724877489795148,79.50788741533347,9.09363105670688,16895511.0,36984.0
TXN01715,2022-12-01,Ahmedabad,Maninagar,22.99054417899306,72.5999762120945,Apartment,2655.0,5,4,2,2,19,2,Furnished,3.3085298636391047,3.9026098872860735,3.1827827297801665,25.532393242871862,57.90810536769047,7.6003894436773,20384762.0,43623.0
TXN01716,2025-02-17,Ahmedabad,Gota,23.085002301663554,72.54084360086183,Apartment,1711.0,3,3,15,2,19,2,Furnished,3.2676780681977498,3.3437506460512623,3.196555365126554,5.0,84.43400234813316,9.586751422579608,13067480.0,33965.0
TXN01717,2022-01-16,Ahmedabad,Vastrapur,23.039915839383365,72.53576173776916,Apartment,2453.0,4,4,4,2,14,2,Semi-Furnished,2.264477316375393,3.035019462861227,1.6411428400514971,19.156661305345224,71.93197797171062,8.010361067421949,26454907.0,61928.0
TXN01718,2020-04-14,Ahmedabad,Maninagar,22.991021755911824,72.59555173840413,Apartment,1642.0,4,4,16,11,12,2,Furnished,2.0108317249660903,3.1553278762804027,2.399551784179601,30.59231142943992,67.2414840873786,7.526380341520741,12819898.0,31765.0
TXN01719,2022-01-13,Ahmedabad,Chandkheda,23.105468721636566,72.58508969885565,Villa,1404.0,3,2,17,6,12,2,Semi-Furnished,1.9588271909665398,3.0509363788706616,2.972252016472418,6.791622537804297,80.30252935732292,7.816828879164617,10387104.0,23101.0
TXN01720,2025-10-16,Ahmedabad,Chandkheda,23.107171651634488,72.58008414457392,Villa,770.0,1,1,13,1,17,2,Unfurnished,2.710196274424418,3.4784031451015833,4.262211360813687,5.671632068027641,74.38499060519021,7.604478256947589,5067244.0,12240.0
TXN01721,2025-08-11,Ahmedabad,Thaltej,23.05115455978847,72.51723404831493,Apartment,2248.0,4,3,18,6,15,0,Semi-Furnished,2.326542831178933,2.1450489993830937,2.5689970714980213,14.501647813507553,77.48482505700402,8.81838388521845,21398846.0,46306.0
TXN01722,2020-01-09,Ahmedabad,Prahlad Nagar,23.005091182698788,72.51132052007864,Apartment,1659.0,2,2,11,12,13,2,Furnished,2.426359594322077,2.3283837869391504,2.27650286896523,10.19997775992153,78.41073995763612,9.406536748002047,22213785.0,48848.0
TXN01723,2022-12-22,Ahmedabad,Thaltej,23.049327886470216,72.51467327931545,Apartment,1102.0,2,3,13,10,13,2,Semi-Furnished,2.144916163812372,2.6569615553369212,3.3503171081782277,15.426755966296156,77.35443169372121,11.706813413235514,11946697.0,23200.0
TXN01724,2023-09-06,Ahmedabad,Bodakdev,23.04106280599787,72.50491381379459,Apartment,837.0,2,1,7,9,16,2,Furnished,2.7092588822851447,2.5317110236090867,2.4371760249576098,8.960669192067977,70.07147403986609,10.801402610740517,13048410.0,25234.0
TXN01725,2020-01-11,Ahmedabad,Shela,23.004864738049804,72.46182730770416,Row House,2592.0,5,4,7,1,18,1,Semi-Furnished,3.4713755620240074,3.509503232400299,3.583439055121341,7.475298376488899,84.58914998923721,11.344455011873482,17721796.0,38030.0
TXN01726,2021-03-12,Ahmedabad,Shela,23.004841391560152,72.47098709715607,Apartment,2696.0,5,4,15,9,18,1,Semi-Furnished,2.905079225616513,3.6336040974348323,4.082802010552376,17.841612283246228,92.63963922604192,10.58846306987108,19405531.0,39343.0
TXN01727,2019-08-14,Ahmedabad,Prahlad Nagar,23.008865407228807,72.50464168384472,Apartment,2252.0,5,4,7,3,16,2,Semi-Furnished,2.449614168583919,3.238072332584207,2.9372004832447893,9.393453285906192,85.62605351128418,9.642164411732956,28817989.0,59061.0
TXN01728,2020-08-30,Ahmedabad,Vastrapur,23.04178657576205,72.53451674611298,Apartment,2310.0,5,4,20,7,16,1,Semi-Furnished,2.4859491994860954,3.155330800147797,2.981451936819924,12.170096248532207,61.908643056020736,10.111444060931191,26539765.0,52925.0
TXN01729,2020-12-24,Ahmedabad,Bopal,23.031526080453933,72.4649555604881,Apartment,1049.0,2,1,17,11,14,1,Unfurnished,3.2418246901769745,3.923424312561103,2.8596477031749448,10.721467620507946,91.76265682054847,10.13397849441508,7936260.0,17580.0
TXN01730,2024-09-19,Ahmedabad,Shela,23.00122786937944,72.4597141795678,Villa,1075.0,2,2,3,12,15,2,Furnished,2.917325430534049,3.739504763254668,3.672624425513863,12.904125758970673,81.96370132651339,11.592263129253901,8290939.0,17535.0
TXN01731,2020-02-03,Ahmedabad,Shela,23.0050039555735,72.46699630366983,Apartment,1464.0,3,2,14,1,17,2,Unfurnished,2.9630041899402264,2.936785157698167,2.6130274847610435,5.081129287484389,87.5712217309436,11.035771022297643,10326669.0,21200.0
TXN01732,2025-01-04,Ahmedabad,Bodakdev,23.0422676254657,72.50224972869681,Villa,1199.0,1,2,5,8,17,1,Semi-Furnished,1.4420403546929865,3.14623226599803,2.3073766065517156,5.0,76.21953615373457,5.375973758647902,14434609.0,33957.0
TXN01733,2020-08-27,Ahmedabad,Thaltej,23.050753885085673,72.5084477985439,Apartment,2766.0,5,4,19,11,15,2,Furnished,2.11250304906235,2.8499790921879713,2.166335527353482,11.504141162846162,79.7046851271755,11.434607301824386,30957815.0,69292.0
TXN01734,2023-11-14,Ahmedabad,Gota,23.082731903609805,72.54372600528679,Apartment,2259.0,3,2,19,12,19,2,Furnished,2.8142491927650934,3.6902804108324028,2.7287396493390643,13.590189135533775,80.76881913719579,9.771537363609596,18107566.0,43065.0
TXN01735,2020-05-10,Ahmedabad,Bodakdev,23.04156457771282,72.51060701235834,Apartment,2603.0,3,3,2,11,16,0,Semi-Furnished,3.368823911657537,2.551270516259428,1.7647295202442808,8.778900774446678,74.89395108464285,8.18376830190477,36321841.0,80120.0
TXN01736,2024-04-05,Ahmedabad,Satellite,23.036330869938006,72.51746312837913,Apartment,2637.0,5,4,14,1,4,1,Semi-Furnished,1.5749199631295827,2.016197726831802,2.3143270689423083,10.635879737380382,81.784914598677,10.404135202888817,29281844.0,67445.0
TXN01737,2023-09-20,Ahmedabad,Bodakdev,23.04057195928793,72.50470113956995,Apartment,579.0,1,1,23,12,13,1,Furnished,2.5777926324152873,2.7331986910092825,2.3269303012870552,5.0,87.18422473694031,8.960562674176579,8038246.0,19249.0
TXN01738,2020-05-02,Ahmedabad,Satellite,23.03348643731757,72.51584649302407,Villa,2131.0,4,3,23,6,9,0,Semi-Furnished,2.771572751674462,2.534049033851915,2.602598685249505,28.651102499557147,66.65197657246696,8.274841478499598,23290866.0,55306.0
TXN01739,2019-07-16,Ahmedabad,Vastrapur,23.03954759585524,72.53575644778874,Row House,753.0,1,1,6,10,16,0,Unfurnished,3.368334765122481,1.903708342140912,2.577339217808385,11.044384880182502,68.68058476094055,9.10972674071752,7806926.0,18257.0
TXN01740,2022-10-31,Ahmedabad,Thaltej,23.045972761898938,72.51184133381082,Villa,1574.0,3,3,24,1,15,1,Semi-Furnished,2.0754602143299588,2.837502739210359,1.5509965855422623,8.124821271290742,71.97825576382797,7.767493766619215,14999812.0,35578.0
TXN01741,2023-01-24,Ahmedabad,Bopal,23.027405310991302,72.46537426208364,Apartment,2235.0,5,4,21,1,5,1,Semi-Furnished,3.189917953279399,3.347902425181832,2.6142089229788628,9.987097086495172,89.94551031400306,10.056238740485096,18660579.0,37310.0
TXN01742,2022-06-14,Ahmedabad,Satellite,23.027360756724157,72.52378376015312,Row House,2503.0,4,4,18,5,15,2,Unfurnished,1.3307882923425713,2.420780474883613,3.3435111395791837,5.0,83.4062228708825,9.63281858811291,27585793.0,66069.0
TXN01743,2023-01-08,Ahmedabad,Thaltej,23.048440327142536,72.51482211022612,Villa,837.0,1,1,2,8,18,2,Furnished,2.599750417481738,2.9941986322749896,3.178795873393269,14.986789007657606,76.88336955228073,8.338961295634071,9936084.0,20326.0
TXN01744,2024-11-15,Ahmedabad,Bopal,23.023442949640902,72.46171196271133,Apartment,1229.0,2,3,0,4,9,2,Unfurnished,3.093758519979309,3.239580823567236,2.95007195160584,10.871742928714044,64.7153840315334,6.736665931887691,9291113.0,19927.0
TXN01745,2021-02-16,Ahmedabad,Prahlad Nagar,23.00732267372673,72.50615926091052,Apartment,1202.0,3,3,20,7,16,0,Unfurnished,2.121045552208105,2.6176553884069604,2.6184551505644835,7.603304105730262,81.39056378789026,10.594247854476697,14162616.0,34154.0
TXN01746,2024-01-06,Ahmedabad,Bodakdev,23.04450188075124,72.49747105726819,Apartment,1465.0,3,2,18,10,16,0,Semi-Furnished,2.223431058351386,2.7060050860431315,1.876521530517257,16.305278847153794,71.386425495608,8.309902368959586,17981021.0,47244.0
TXN01747,2019-06-05,Ahmedabad,Maninagar,22.989799431258017,72.60488059159516,Apartment,1668.0,3,4,5,5,7,0,Furnished,2.498721032378767,3.0471926730362062,1.9530798082139018,11.967092406620836,69.20358978282549,9.753093465304989,13032728.0,32317.0
TXN01748,2021-07-07,Ahmedabad,Bodakdev,23.040440890602152,72.50621718353081,Apartment,1237.0,3,3,19,10,15,2,Semi-Furnished,2.4158927814503763,3.270557685815468,2.1217838766983412,5.0,76.48413947200022,10.45452767283378,18708976.0,39106.0
TXN01749,2019-03-29,Ahmedabad,Prahlad Nagar,23.015660754975144,72.50838686387189,Apartment,1749.0,3,3,5,6,9,0,Furnished,2.1307530230538516,2.7392533206596674,2.384974000811754,16.00453814809002,77.53670848333013,7.923057395686937,22853602.0,51535.0
TXN01750,2023-10-24,Ahmedabad,Gota,23.09639087203341,72.53255034289367,Apartment,2154.0,4,4,5,1,18,1,Semi-Furnished,2.7297710455501205,3.4328486628580714,3.367523528547181,5.0,87.76854799230256,9.475083831878399,15992317.0,38719.0
TXN01751,2025-09-26,Ahmedabad,Bopal,23.02858412944845,72.46684790796746,Apartment,1289.0,2,3,9,9,16,1,Furnished,3.53634511874068,3.38529413196302,2.0938799607586938,5.563997718678352,88.99213782382797,10.803872504704767,10991967.0,27170.0
TXN01752,2023-01-02,Ahmedabad,Bopal,23.023532494708263,72.46581459700104,Apartment,2727.0,5,4,9,4,15,2,Semi-Furnished,2.282992573890277,2.5281502490941437,3.2483132646927553,5.0,79.8120792233596,11.12774238936463,22874951.0,50106.0
TXN01753,2023-03-13,Ahmedabad,Satellite,23.02030676552601,72.51096739715813,Row House,1307.0,2,1,20,2,19,2,Furnished,1.8251107358185688,2.3416359337575687,1.8189198915325093,16.686686596118662,79.83742826601966,7.536214790406515,15775255.0,37498.0
TXN01754,2021-09-18,Ahmedabad,Chandkheda,23.10963154501166,72.58175291639338,Apartment,1812.0,3,4,0,9,9,0,Furnished,3.00676794086535,3.6884627684888542,3.6153619646771595,10.914918040325155,84.81686893680974,9.243345671717982,14463063.0,30579.0
TXN01755,2024-07-30,Ahmedabad,Thaltej,23.05679032733986,72.50791115092237,Villa,2666.0,4,4,2,9,15,1,Semi-Furnished,3.1841450293305575,2.5322054683573674,2.9562652786430452,15.71202023029435,79.23903593654252,11.889236009674601,26791903.0,61827.0
TXN01756,2022-12-07,Ahmedabad,Bodakdev,23.029130960865178,72.50817209161319,Apartment,1221.0,2,1,6,11,15,2,Semi-Furnished,2.1823561403640324,2.4767712459016282,1.9794710382450353,11.854485700749393,77.26033043518213,9.493928650247572,17228271.0,35623.0
TXN01757,2022-01-25,Ahmedabad,Prahlad Nagar,23.013521671885936,72.5008086262269,Apartment,586.0,1,1,13,11,17,0,Furnished,1.5102316047975157,2.672316596091217,2.235100947241409,18.116109926622528,73.14113911140896,7.985391741778794,6938976.0,17066.0
TXN01758,2021-02-26,Ahmedabad,Thaltej,23.05063178800111,72.52225278829869,Apartment,2609.0,5,4,3,2,5,1,Furnished,2.5770110551976644,2.97369055293191,2.5764008969587375,11.345247285700339,69.76137483079832,8.467151333340343,28563574.0,57762.0
TXN01759,2022-09-22,Ahmedabad,Thaltej,23.05260677010805,72.51334189104429,Apartment,721.0,1,2,6,9,16,2,Semi-Furnished,2.739474290619256,3.4499168022073294,3.1098359325222815,12.249256962730442,64.60557182123623,9.309406930931814,7976961.0,15537.0
TXN01760,2024-09-08,Ahmedabad,Vastrapur,23.04752180267827,72.53222814101497,Apartment,2578.0,4,3,9,12,13,2,Semi-Furnished,2.6423840952259297,3.161966998494488,2.063128412855338,17.87108773971742,63.369886000099534,10.128844271263166,29895418.0,64322.0
TXN01761,2019-02-05,Ahmedabad,Bopal,23.022660755491984,72.46582514198393,Row House,602.0,2,3,20,1,8,0,Semi-Furnished,3.2115042310002972,3.2239602329794246,2.5743971863236927,6.766351670479166,83.60335359475386,7.234561764386598,4375619.0,10403.0
TXN01762,2019-05-31,Ahmedabad,Prahlad Nagar,23.020607578065462,72.50321557481354,Apartment,911.0,1,1,17,11,19,2,Furnished,2.69150448891936,3.3432284851792406,2.280261572480678,14.522044060130812,71.84578768623315,10.199060344313825,12436564.0,27546.0
TXN01763,2019-08-13,Ahmedabad,Prahlad Nagar,23.011953982338696,72.50528126235952,Villa,2018.0,4,4,24,9,11,0,Unfurnished,1.7597746033787907,2.3235011466412003,1.5459983979452296,9.006471492485275,79.27287275729867,9.91480522973263,25295730.0,58861.0
TXN01764,2019-05-26,Ahmedabad,Satellite,23.029071502378684,72.51576810140105,Apartment,2127.0,4,3,17,10,13,2,Unfurnished,2.3580465264498356,2.3995422773936768,2.4640532987717156,13.512651035923748,61.326840495507625,6.725755888854845,22630696.0,49322.0
TXN01765,2021-08-02,Ahmedabad,Bopal,23.035604091759534,72.46250669274785,Apartment,1057.0,2,1,13,10,18,0,Semi-Furnished,3.063622266937057,3.242448710956834,3.459685472022345,14.29049841785502,77.36889396931478,10.723376150335477,8417940.0,17358.0
TXN01766,2020-05-30,Ahmedabad,Bopal,23.03060812957896,72.45931837407664,Villa,822.0,1,2,23,10,19,0,Furnished,1.9528978742520666,2.093458861525059,2.264651137803511,5.0,82.13031784423534,9.933197444592995,6802365.0,15098.0
TXN01767,2023-04-21,Ahmedabad,Maninagar,22.990762940002284,72.60448105146095,Apartment,2410.0,4,4,10,4,11,1,Semi-Furnished,3.10273751683633,3.02374015610908,3.7753069138324857,9.489611935527236,67.8405501883054,7.63602104902961,17425145.0,39791.0
TXN01768,2020-11-24,Ahmedabad,Prahlad Nagar,23.012667169315847,72.50265940468431,Apartment,2312.0,4,3,6,12,14,2,Semi-Furnished,1.7586784765872474,2.325384134300966,2.23825770872432,5.0,78.11064754486677,10.408168111994637,28878267.0,70186.0
TXN01769,2021-07-17,Ahmedabad,Thaltej,23.047699136950367,72.51240741314058,Apartment,1585.0,2,2,20,4,14,0,Semi-Furnished,2.94441799653947,3.3839999621079944,2.5163769001072893,18.852954361725654,86.9096895514781,7.584050406245037,13979067.0,33736.0
TXN01770,2024-07-27,Ahmedabad,Satellite,23.025091789936063,72.50733076017309,Apartment,2552.0,5,4,15,11,16,2,Furnished,2.7049839181690523,2.4971065447803182,2.0007328346724815,16.166799875906058,74.20724138801877,7.786058688627792,30487922.0,79417.0
TXN01771,2024-10-26,Ahmedabad,Maninagar,22.997476598407637,72.60210839358363,Apartment,2761.0,5,4,25,1,13,1,Unfurnished,2.6097406825631464,3.6805835444280897,2.7229434447879006,23.721539537785304,76.56731218325396,8.12721136553154,18997680.0,42434.0
TXN01772,2022-11-28,Ahmedabad,Bodakdev,23.037651402303222,72.50535103053399,Apartment,1994.0,4,3,12,5,11,2,Furnished,1.715350776991643,1.4990456440138518,3.123190606125183,8.777507703742238,86.76977649893628,11.388264361373754,29985178.0,56482.0
TXN01773,2024-05-07,Ahmedabad,Gota,23.087701196179367,72.53954049104836,Apartment,1664.0,3,3,23,7,19,0,Semi-Furnished,2.9075744048923213,3.771126669892139,2.4471876436339133,5.0,79.61420274529941,9.052078086320172,11624041.0,27005.0
TXN01774,2021-08-17,Ahmedabad,Gota,23.08921440880485,72.53875153589141,Row House,1945.0,3,4,4,10,15,2,Unfurnished,2.7757961273280682,3.1454978428372162,2.5478767815863756,5.0,92.83210480813365,8.23096672926873,13799045.0,33284.0
TXN01775,2025-06-15,Ahmedabad,Satellite,23.029388105304335,72.5184197135541,Row House,749.0,2,2,21,9,10,1,Semi-Furnished,2.5206783800493398,2.7688007377447117,1.9507081825616917,15.227565842404758,66.61312103264503,9.593002824453883,8915124.0,19386.0
TXN01776,2020-07-26,Ahmedabad,Prahlad Nagar,23.00526711258053,72.50367977103377,Apartment,1069.0,2,3,4,9,9,2,Semi-Furnished,1.392082230567586,2.6647516589439424,2.552293314650707,5.0,76.91706144817017,9.175533683791846,14242598.0,30581.0
TXN01777,2020-09-23,Ahmedabad,Bodakdev,23.036503928861958,72.5133665299036,Apartment,1526.0,3,4,11,7,7,2,Furnished,2.480683052517891,3.0760153174896727,2.9611327899199735,15.997459159308402,80.89021020859076,9.460984204718017,24107099.0,49050.0
TXN01778,2024-11-12,Ahmedabad,Shela,23.008923454285547,72.4702868784009,Apartment,2196.0,4,4,7,10,16,2,Furnished,2.9227645524271675,4.408371278182597,3.417866288622117,6.6210747593241255,85.42809534598784,12.766193406754885,17817145.0,39552.0
TXN01779,2019-04-07,Ahmedabad,Thaltej,23.05290763040948,72.51204868953037,Apartment,1861.0,3,4,5,3,16,1,Semi-Furnished,2.7356856316352545,2.6651531583634993,1.994286194066402,12.915615295252302,71.70786447108638,7.30972455001256,17111587.0,40087.0
TXN01780,2022-03-06,Ahmedabad,Gota,23.09134732890231,72.53871307508459,Apartment,805.0,1,1,10,5,19,0,Furnished,2.7514855557133133,3.4499819545829347,2.724572351639365,5.0,86.10798048665359,10.699936372308061,6026359.0,15245.0
TXN01781,2024-02-01,Ahmedabad,Maninagar,22.997214938496093,72.6007776787398,Apartment,1335.0,2,1,23,8,12,1,Furnished,2.8596646476297876,4.123577861219924,3.4777436476503594,22.885061969441825,55.812703099646235,5.390754506640766,10024476.0,26332.0
TXN01782,2022-05-15,Ahmedabad,Chandkheda,23.10355964435466,72.58292423572152,Apartment,703.0,2,3,18,4,14,1,Semi-Furnished,3.2838529863730535,3.566573552026859,2.994214031734814,19.415165254242915,75.3941652904413,8.429275146941018,4747818.0,11613.0
TXN01783,2024-05-30,Ahmedabad,Shela,23.00450511484064,72.46513313203441,Apartment,747.0,1,1,4,3,5,1,Unfurnished,3.330517955289818,4.3023807960371245,3.3383863608447846,11.28584708587594,90.56694191388067,11.814024436416181,4880438.0,11595.0
TXN01784,2024-05-24,Ahmedabad,Satellite,23.031492519365415,72.51406450745584,Villa,1341.0,3,3,22,2,7,2,Unfurnished,2.470247263142735,2.2537881717713137,3.286630929232214,10.77269120731763,66.46375822673407,8.088748198380543,15113487.0,34653.0
TXN01785,2023-09-10,Ahmedabad,Gota,23.087048586343833,72.54010138970418,Row House,1197.0,2,3,4,11,18,0,Unfurnished,1.9784327878941772,4.172923862231749,2.6614370678792847,15.671493303844068,83.41498870532101,9.605290527867634,8068289.0,18956.0
TXN01786,2022-12-18,Ahmedabad,Bopal,23.03115319115044,72.4629681734898,Villa,1474.0,2,2,0,11,13,1,Furnished,3.0463730673055136,2.8753309084058403,2.6048322759447733,15.242724817356883,90.67467088169309,10.0896516053628,14178087.0,26522.0
TXN01787,2023-05-18,Ahmedabad,Maninagar,23.001965323475975,72.59686878494563,Apartment,2702.0,5,4,20,2,12,2,Semi-Furnished,1.8552305796124566,3.711445601517672,2.6935155460304085,15.52272691705653,71.57657987544512,5.896326901083586,17582109.0,47875.0
TXN01788,2025-07-15,Ahmedabad,Satellite,23.030454026462536,72.51762192905183,Apartment,2241.0,3,3,22,4,4,2,Semi-Furnished,2.395219673096518,2.9117779801740618,2.82486915505849,11.82298419640536,80.43461231878577,9.510009412123548,27284213.0,59750.0
TXN01789,2024-04-08,Ahmedabad,Vastrapur,23.039298281115503,72.5364906480741,Apartment,2715.0,5,4,2,6,8,0,Semi-Furnished,2.734912221994892,3.4944930786479382,2.4485146111193066,11.092084901022247,70.08361466273983,8.631452249029419,29967627.0,63062.0
TXN01790,2020-08-20,Ahmedabad,Thaltej,23.04875639719246,72.5155618900207,Apartment,1655.0,3,2,19,10,12,1,Semi-Furnished,1.9088814721012408,2.728925547180307,2.960658170164756,23.427825505181183,68.28454167333629,9.642675795796757,16259773.0,39818.0
TXN01791,2019-11-06,Ahmedabad,Bodakdev,23.040808321717204,72.50636788830874,Villa,1377.0,3,3,11,6,18,1,Unfurnished,2.558979383038716,2.3073707941821007,2.4734028223550726,8.809350027995738,84.97561257749193,9.512523278878083,17843287.0,38795.0
TXN01792,2021-01-05,Ahmedabad,Bopal,23.03781816743124,72.4641982446982,Apartment,913.0,3,2,7,10,18,0,Semi-Furnished,3.5053939061930923,3.0665408742083033,2.4440816999060178,6.774622275927524,84.93122803055176,9.454822074951288,6964479.0,16092.0
TXN01793,2021-05-05,Ahmedabad,Vastrapur,23.043587150410907,72.5324663318557,Apartment,2184.0,4,4,25,4,17,0,Semi-Furnished,1.5830177100762717,2.281074290825973,2.513919438383316,8.314348920585068,72.39496736970924,6.75934171890111,22480824.0,52853.0
TXN01794,2023-06-23,Ahmedabad,Gota,23.08719215775886,72.54645008464009,Apartment,2218.0,5,4,11,8,15,1,Furnished,2.3758265478961214,4.057163881654648,2.7721808271839317,11.812755708875013,73.05764878445119,8.310006169711649,17366533.0,44328.0
TXN01795,2024-06-17,Ahmedabad,Bodakdev,23.040505327655325,72.50495200690774,Apartment,1916.0,4,4,23,2,12,2,Furnished,2.2649337685936795,2.4477234365638396,1.7062425011024505,17.54181413658203,80.03138207027978,8.866618569977568,29528653.0,68156.0
TXN01796,2021-09-26,Ahmedabad,Chandkheda,23.114997935955692,72.57906150239137,Villa,2390.0,4,4,5,9,9,0,Semi-Furnished,2.804818135145357,3.3648725213028934,3.5801139726415037,11.129300117758003,80.20136385689567,9.135635452774894,17480905.0,40043.0
TXN01797,2022-08-15,Ahmedabad,Shela,23.000655171315497,72.45912056794849,Apartment,2000.0,4,4,18,12,12,1,Semi-Furnished,3.4435948869699695,4.293383905062964,3.129286939474323,16.941257246776644,77.03140898185386,8.805631459499782,13118825.0,32910.0
TXN01798,2022-11-26,Ahmedabad,Vastrapur,23.04186290933968,72.53262481456908,Apartment,2310.0,3,4,17,2,18,2,Furnished,2.531855268548528,2.372921092876237,2.407152149369868,17.80843832063929,77.60592247083805,9.616459604413514,27856193.0,57459.0
TXN01799,2023-01-08,Ahmedabad,Chandkheda,23.11217569944949,72.58043389248458,Row House,904.0,3,3,16,2,6,2,Semi-Furnished,2.781310318787485,3.347653781409607,2.9412876270202752,16.396955376123273,98.66355283437824,9.042329659927706,6354039.0,15980.0
TXN01800,2020-05-28,Ahmedabad,Prahlad Nagar,23.016571954863494,72.51777920283243,Apartment,2155.0,4,3,0,2,6,2,Unfurnished,1.4302519611177549,2.7826274118803287,2.1892872805158503,10.296452116198857,80.71160893170317,10.166927094503695,27646772.0,66067.0
TXN01801,2022-06-16,Ahmedabad,Thaltej,23.048037948172993,72.51385114859727,Row House,2065.0,3,2,7,10,16,0,Unfurnished,2.4587873465387737,2.3287204021243593,2.766861683879433,7.798647539458979,65.27005235471306,10.254109447734237,18788015.0,38939.0
TXN01802,2019-06-28,Ahmedabad,Prahlad Nagar,23.01370389510766,72.50326089329948,Apartment,1160.0,3,3,25,3,14,2,Semi-Furnished,2.014491918744407,3.0329317264165923,2.3661528356421013,5.0,83.80104323730541,10.607316134041707,16332859.0,31652.0
TXN01803,2021-09-12,Ahmedabad,Chandkheda,23.11172278780397,72.57127177523274,Apartment,1438.0,3,3,18,5,13,2,Semi-Furnished,3.486004989874912,3.4311657122237187,3.0076008329272463,5.0,77.13863774954284,9.974948393649147,11008393.0,22221.0
TXN01804,2024-06-25,Ahmedabad,Prahlad Nagar,23.011798667055448,72.50682884540187,Apartment,1158.0,2,2,25,8,13,0,Unfurnished,2.4333698430256354,2.7401571075075717,1.753841822970878,23.126076507576155,74.2658129485524,9.612658294795352,13592631.0,30871.0
TXN01805,2020-11-14,Ahmedabad,Shela,23.009092433385565,72.466586396021,Apartment,1879.0,2,2,25,1,4,2,Semi-Furnished,1.7465124690869487,4.074061371293854,3.718171607790287,5.0,95.83957289708198,7.84786105703034,11542277.0,29741.0
TXN01806,2019-02-09,Ahmedabad,Bopal,23.03138279646156,72.46055386756444,Apartment,587.0,1,2,5,10,15,2,Unfurnished,2.9623707536705366,1.9949249305822125,2.959185510464418,12.091231705241784,75.59620316605438,8.447123510617864,4243705.0,10255.0
TXN01807,2022-01-22,Ahmedabad,Chandkheda,23.11185669460652,72.58468458001107,Apartment,592.0,1,2,1,4,10,0,Semi-Furnished,3.0423088188512053,4.369728380626146,3.0250720351076263,5.948545574326236,81.05616306165437,8.209635600898235,3894403.0,9617.0
TXN01808,2021-09-12,Ahmedabad,Bopal,23.03270205897854,72.46234212927115,Apartment,567.0,1,1,6,11,17,2,Semi-Furnished,3.2625012250956544,4.30693871193227,2.7724916780621656,6.8858632430731905,79.88337065209035,8.221909389353492,4561819.0,10659.0
TXN01809,2022-05-30,Ahmedabad,Shela,23.00324811860474,72.46542432906912,Apartment,1897.0,3,4,15,9,13,2,Furnished,2.6311627336841403,3.8754824736840736,2.6221090799026774,17.026462170280197,90.20267875046166,9.389781390818989,14399402.0,34119.0
TXN01810,2019-09-20,Ahmedabad,Prahlad Nagar,23.008489920853027,72.51423727086275,Villa,572.0,2,3,3,5,6,1,Furnished,2.3790071800810377,1.856537892786449,1.8227317518770372,5.0,77.63686092990191,9.200944155904912,8228400.0,17052.0
TXN01811,2020-10-20,Ahmedabad,Satellite,23.033829526282826,72.51823980459677,Apartment,1684.0,3,4,6,7,12,1,Unfurnished,2.1099536978545284,1.770473797804676,2.302404752764156,8.140851943947396,80.96888744612095,7.992917705762811,18727521.0,42739.0
TXN01812,2021-06-16,Ahmedabad,Chandkheda,23.110643480240665,72.58275559223986,Apartment,1560.0,4,3,4,10,10,2,Unfurnished,2.083545224734173,2.9416156785200993,2.2998645622249576,12.512792006346814,94.70287396840725,9.760882704407159,10782965.0,25148.0
TXN01813,2021-07-05,Ahmedabad,Bodakdev,23.03416810599983,72.50764442712695,Row House,1948.0,3,4,9,4,11,1,Semi-Furnished,1.9755686492286966,2.1638084278901335,3.6229873120404896,9.789299912292735,86.48785236586018,9.14686238162835,27281290.0,61865.0
TXN01814,2024-07-04,Ahmedabad,Satellite,23.027104506822177,72.5123828719826,Row House,1280.0,2,3,15,9,15,1,Furnished,2.3189969819903435,2.416241621028156,2.8959223110004833,7.725720663216327,72.70065998007397,8.443131951460318,14557367.0,35204.0
TXN01815,2023-10-19,Ahmedabad,Vastrapur,23.04151799756646,72.53082060540363,Apartment,1654.0,3,4,9,9,13,1,Unfurnished,2.481346781500849,1.6606796388405844,3.0091155315268376,21.123009496215076,55.46755853953799,9.602081287839074,16970726.0,39832.0
TXN01816,2024-08-30,Ahmedabad,Shela,23.00599950421592,72.458435503975,Apartment,848.0,2,2,23,8,15,0,Semi-Furnished,2.447417502136593,3.668567348919576,3.372110339202007,13.25217519728832,85.58811095323452,10.87016937816762,5721998.0,12761.0
TXN01817,2022-06-18,Ahmedabad,Bopal,23.027679950327837,72.45842566144411,Apartment,2515.0,4,3,24,7,16,0,Semi-Furnished,2.2677133390200384,3.493087473181694,2.5105244986213027,5.0,86.98768885628911,10.717544500828811,18948572.0,44056.0
TXN01818,2025-05-07,Ahmedabad,Satellite,23.026429057070008,72.51881127087691,Apartment,697.0,1,2,16,2,16,2,Unfurnished,2.600752450602912,1.9122463694758003,2.666269002072786,7.910718978189114,73.83176864121332,7.249858626735109,7251979.0,16794.0
TXN01819,2024-12-03,Ahmedabad,Prahlad Nagar,23.013508787852487,72.50587457607743,Apartment,2179.0,4,3,17,10,18,0,Semi-Furnished,2.530852535211822,2.1431250718445662,2.3498540212562924,11.054687916808652,83.19646147060129,10.113747796230749,24390556.0,64243.0
TXN01820,2020-07-21,Ahmedabad,Vastrapur,23.038140795893813,72.53168059132952,Apartment,839.0,1,1,5,1,14,2,Furnished,2.464181557115605,3.8764215459750035,2.595176739396041,18.933449524647667,70.69074638238648,7.439913152955082,9561057.0,21305.0
TXN01821,2022-03-22,Ahmedabad,Satellite,23.034005679584393,72.51329353120322,Apartment,2181.0,4,3,21,10,10,0,Unfurnished,1.223063071298751,2.5010422352535464,3.142795347654988,5.0,77.26653468660973,10.009737326673806,21695739.0,53657.0
TXN01822,2021-01-02,Ahmedabad,Shela,22.99783395447875,72.46732851797813,Apartment,557.0,2,2,10,12,17,1,Semi-Furnished,3.412181667103187,3.7196150853513723,2.8981934796278663,7.503459819388799,80.03364757522489,8.619186773549693,3887971.0,9370.0
TXN01823,2021-05-18,Ahmedabad,Vastrapur,23.03985152266531,72.53760247201188,Apartment,2725.0,5,4,11,8,15,1,Semi-Furnished,1.7823627402740851,3.1364884808829694,2.6816123142822073,22.863961007155794,76.34124612289374,7.443203056599469,27325931.0,68875.0
TXN01824,2025-11-25,Ahmedabad,Bodakdev,23.04447138093629,72.51049882466477,Villa,2090.0,4,4,16,12,16,1,Furnished,2.1428856634040425,3.032867195242371,3.2984419435482524,17.32137791630839,81.47225668180926,9.02039116992862,27861073.0,69739.0
TXN01825,2019-10-14,Ahmedabad,Prahlad Nagar,23.018544930316075,72.5106771554256,Row House,1436.0,2,1,19,3,16,1,Furnished,2.4073802565102236,3.249797000743553,2.4107980509236637,14.07075244195386,88.62200792294351,10.366934965878002,19541684.0,44158.0
TXN01826,2021-05-26,Ahmedabad,Maninagar,22.996745821084197,72.60135115524915,Villa,1467.0,3,3,20,11,14,1,Semi-Furnished,2.1669527456808932,2.9622659681841172,2.4932440767686463,27.36652972727025,71.4545812316491,7.174065256234872,10931293.0,25982.0
TXN01827,2020-04-07,Ahmedabad,Thaltej,23.055511677580792,72.520514468529,Apartment,1729.0,4,4,13,8,15,1,Furnished,2.4995747467932645,2.72540051454766,2.8128851759401545,17.622536894058285,74.11470689020517,8.662435417630508,16954928.0,41222.0
TXN01828,2021-07-27,Ahmedabad,Satellite,23.03274834771278,72.51603089586723,Villa,1599.0,3,4,15,1,13,0,Furnished,2.265093524806937,2.1839960635343703,1.9018838651891303,7.783295259475568,80.09236203111885,7.783170553985732,19864864.0,47893.0
TXN01829,2020-02-11,Ahmedabad,Bodakdev,23.031899572711943,72.50740795902398,Villa,703.0,1,1,24,9,12,1,Unfurnished,1.715128554727627,2.9066380327861765,2.429595533007295,5.0,91.18485996710719,10.46215220923735,10158173.0,20237.0
TXN01830,2025-01-06,Ahmedabad,Thaltej,23.04697624422321,72.51914510926815,Apartment,918.0,2,1,23,9,14,0,Furnished,1.9922835492321502,2.7998943633398983,1.705772754078216,24.229945552909236,63.99397960048492,10.192013375335856,9518121.0,21306.0
TXN01831,2023-04-14,Ahmedabad,Prahlad Nagar,23.012093984529137,72.51230889509539,Apartment,901.0,1,1,14,3,6,2,Semi-Furnished,2.425049536760893,1.8214710625008463,1.8431300801295198,11.89784223508762,83.07200130004351,11.214948366390782,12024057.0,25741.0
TXN01832,2021-01-21,Ahmedabad,Bopal,23.036023452097645,72.46605229826879,Apartment,966.0,1,2,8,7,12,0,Furnished,1.8892167166446405,3.2187564914651507,2.7388167831954098,10.77703167452242,88.2576536860308,11.733238807675063,7743122.0,20088.0
TXN01833,2019-06-25,Ahmedabad,Gota,23.09288854906389,72.53499058860847,Apartment,2271.0,4,3,9,10,15,1,Unfurnished,3.4535720595826764,3.5485970496649033,3.431398963952993,13.181687626037917,81.87073365079476,10.61201018554814,17064468.0,35144.0
TXN01834,2022-01-25,Ahmedabad,Vastrapur,23.046841236344335,72.53512199457407,Apartment,2162.0,4,3,1,4,8,0,Semi-Furnished,2.9312304199654373,2.17496316808005,1.6590721443728291,9.548162008561185,81.40097357207338,7.434709310496203,24327828.0,50394.0
TXN01835,2019-11-18,Ahmedabad,Prahlad Nagar,23.00722182647571,72.51132592781543,Apartment,1043.0,1,2,13,6,16,2,Semi-Furnished,1.531655523117231,2.7183127320302236,2.5333334652972885,5.0,84.13447883951754,7.514528376817408,12072422.0,29183.0
TXN01836,2024-10-31,Ahmedabad,Bopal,23.030495990567807,72.46457308697302,Row House,705.0,2,1,1,11,11,2,Unfurnished,2.122494715445607,3.185290411064021,2.7363397954228166,6.842304461369749,76.57709825692893,10.780451898808286,5322443.0,11619.0
TXN01837,2021-06-30,Ahmedabad,Vastrapur,23.03335907754122,72.53263457686309,Row House,2170.0,3,3,4,5,12,1,Semi-Furnished,2.199370818580952,3.2975065288181207,2.6327778484992845,7.254738380828925,64.04259248441254,4.6058253367581115,21736329.0,55588.0
TXN01838,2025-06-28,Ahmedabad,Shela,23.00894823574536,72.46179459157706,Apartment,2508.0,5,4,18,10,12,1,Semi-Furnished,3.3102918341110366,3.000463306391325,3.0075843625406122,10.939301229948043,83.13237093507446,11.490679319641323,18515791.0,38493.0
TXN01839,2019-07-19,Ahmedabad,Maninagar,22.992869124614245,72.60775534410804,Apartment,1422.0,2,1,13,4,11,0,Unfurnished,2.8110130828378654,2.3039580917179494,3.4843801831515235,27.378962189386826,66.93260806765942,9.86976442603139,10499301.0,24305.0
TXN01840,2022-10-06,Ahmedabad,Chandkheda,23.107130399571925,72.58177945478965,Apartment,1491.0,2,1,7,9,14,0,Semi-Furnished,2.5963474951354506,3.56922416790997,3.582961016371298,5.0,81.29145328252461,10.421285636688587,10699053.0,24564.0
TXN01841,2023-10-05,Ahmedabad,Gota,23.084500651033345,72.53539412279311,Apartment,992.0,1,2,6,6,15,0,Furnished,2.944903653132218,3.201726993419057,2.85606561140942,5.0,80.6805261848715,8.472560914431448,7611730.0,18661.0
TXN01842,2019-08-29,Ahmedabad,Satellite,23.02873639643578,72.52389607752313,Apartment,1497.0,2,1,23,6,15,1,Semi-Furnished,2.38163817604073,2.125707485002523,2.4036751430845227,11.315213817655874,81.32768549483511,8.90925257530358,16366279.0,36868.0
TXN01843,2024-07-07,Ahmedabad,Satellite,23.027991015330276,72.51952942016369,Apartment,1101.0,2,1,5,5,15,0,Furnished,1.668086010264458,3.0351007560141006,2.8544671023564896,28.82873142760358,76.91479651304076,7.0082610850809335,11815206.0,28949.0
TXN01844,2025-05-09,Ahmedabad,Satellite,23.027296187944057,72.5148137678825,Apartment,1398.0,3,3,9,5,15,0,Unfurnished,2.1249330291270963,2.7695057654994995,1.800126867170099,15.014772334668825,73.75233087984908,7.541619511587566,13337441.0,32846.0
TXN01845,2024-10-23,Ahmedabad,Maninagar,22.99262396612698,72.60381994744617,Apartment,2782.0,4,3,19,7,17,2,Semi-Furnished,2.343949085888527,2.853010485111075,2.311010065153037,29.589712624347943,68.1742652450931,8.825632254943812,21210595.0,43110.0
TXN01846,2023-07-02,Ahmedabad,Vastrapur,23.045873550433228,72.5260483396964,Apartment,719.0,1,1,24,7,14,1,Furnished,2.308434210569351,1.763415802113695,2.5842303551051584,17.97057027848618,72.37857797860143,9.581339285437787,8769214.0,18050.0
TXN01847,2024-04-13,Ahmedabad,Chandkheda,23.113928735200698,72.57872643553264,Row House,2125.0,4,4,4,9,13,1,Furnished,2.5975756907599266,4.673924668315898,2.5213026696256833,5.0,80.78777533146301,8.255272863250035,15545868.0,39477.0
TXN01848,2019-06-23,Ahmedabad,Thaltej,23.052047691715888,72.51295207736307,Row House,751.0,1,1,9,4,10,2,Semi-Furnished,2.5846531328867735,2.5351692459542656,2.5908688296438593,11.648855200942249,80.36258696650982,9.37022774724467,7827531.0,16629.0
TXN01849,2023-03-15,Ahmedabad,Thaltej,23.05404213907061,72.52013652588538,Apartment,2734.0,5,4,15,10,16,2,Semi-Furnished,3.1903829895232168,1.9201874252170548,2.551196589517438,9.395978835599603,73.90873589966965,8.842075667865094,28219838.0,60310.0
TXN01850,2024-06-15,Ahmedabad,Bodakdev,23.040263072265343,72.50074832176156,Apartment,1062.0,2,2,10,1,11,1,Semi-Furnished,2.033065413404088,2.3374543404411274,1.9598671949273585,17.43384510726465,88.86255105141589,8.946809711558458,14353507.0,30106.0
TXN01851,2021-01-02,Ahmedabad,Bopal,23.030182989714923,72.46165598960894,Apartment,1704.0,4,4,17,6,17,1,Semi-Furnished,3.6739202504905104,3.0151379206022084,2.120221650971258,22.79203178290048,73.26883601084688,8.536105308026535,12395180.0,30892.0
TXN01852,2019-03-22,Ahmedabad,Bopal,23.0277236699308,72.46415142140408,Apartment,1137.0,3,3,3,9,13,2,Semi-Furnished,3.458732801800743,2.6829898122281497,3.334832548661768,7.473329975496019,72.06659171323574,7.3685051196468,9432765.0,22009.0
TXN01853,2025-09-04,Ahmedabad,Thaltej,23.05175271180592,72.51688195780854,Villa,1584.0,3,4,12,6,14,0,Unfurnished,2.076839741229628,3.224090139754482,2.1734837631064456,5.0,82.30560633466068,10.355009697715463,14187553.0,33210.0
TXN01854,2024-01-06,Ahmedabad,Chandkheda,23.10867566445518,72.58433077515232,Apartment,1463.0,2,3,22,10,12,1,Semi-Furnished,3.406026010259711,3.8154673406617494,2.010366703860993,6.898007188489968,70.61705248655213,10.284933281265364,10196322.0,27575.0
TXN01855,2024-03-21,Ahmedabad,Gota,23.08680537525831,72.54289057224197,Row House,1066.0,2,2,19,9,14,0,Semi-Furnished,3.586471462662918,3.341670327486755,2.6934028236388623,14.29024414931676,80.4925873897826,9.215103998418815,8049064.0,17043.0
TXN01856,2021-04-01,Ahmedabad,Bopal,23.03211467378748,72.46368771611228,Villa,1206.0,2,2,3,4,11,1,Furnished,2.669209615564766,3.3331889654978695,1.7229584021032698,5.0,89.07884431040102,9.458341381082217,10157832.0,22466.0
TXN01857,2024-07-14,Ahmedabad,Bopal,23.025994549607375,72.46232469355473,Apartment,1164.0,2,2,25,12,19,1,Furnished,2.5557014828022817,3.544826181022292,2.3399335518979556,14.58105321471094,77.31594356754584,11.033436931497402,10149363.0,23824.0
TXN01858,2020-09-21,Ahmedabad,Shela,23.002215307422055,72.46291210123627,Apartment,1132.0,1,1,7,12,15,1,Semi-Furnished,2.5301906918258963,3.4376606882330827,3.977873287539954,12.75256221480587,91.99209054138913,11.563310672369196,7552570.0,16733.0
TXN01859,2019-02-05,Ahmedabad,Bodakdev,23.04416770012042,72.5074701205253,Villa,2700.0,5,4,14,10,19,2,Unfurnished,2.3070301003903837,1.9272715977002113,1.1168086691581782,13.759272979816842,82.43277652635905,10.743803076432423,35793164.0,71199.0
TXN01860,2024-10-12,Ahmedabad,Shela,23.003815733891468,72.46309714975847,Apartment,1961.0,3,4,15,5,11,0,Furnished,3.7142070648997905,3.6426279699592112,1.8504453345436054,5.0,85.16468179672697,8.358112727495332,12615827.0,33236.0
TXN01861,2025-07-12,Ahmedabad,Gota,23.089574535553325,72.54213381454059,Villa,844.0,1,2,17,2,6,1,Furnished,3.284873588123879,3.0599885465714647,2.9762058041760424,25.12661245777946,80.9869218436718,9.306760284890377,6474515.0,15250.0
TXN01862,2023-05-18,Ahmedabad,Prahlad Nagar,23.01451224700695,72.50824250234932,Apartment,2301.0,5,4,5,8,14,1,Semi-Furnished,2.010869582567741,2.1117201243378383,1.6146457381559134,14.024030802433705,77.22257834337799,9.827207175509812,29020747.0,62149.0
TXN01863,2025-08-20,Ahmedabad,Prahlad Nagar,23.01145590473812,72.5000758766706,Apartment,1325.0,3,3,25,2,18,2,Semi-Furnished,0.7555822802176702,2.6868073314284717,2.578214132642793,11.435251441982448,89.73822192512976,7.665865942826395,17134218.0,36128.0
TXN01864,2019-06-20,Ahmedabad,Satellite,23.034072809311482,72.52147533274409,Apartment,2235.0,4,4,11,3,12,2,Semi-Furnished,2.381928636482483,2.5466126899622243,1.8598144935723941,15.458323630111089,66.02907317433711,8.676213655723474,27269187.0,62232.0
TXN01865,2021-10-09,Ahmedabad,Satellite,23.033947834497923,72.51597950536642,Apartment,740.0,1,1,23,6,9,0,Semi-Furnished,2.3834977331472564,2.4528101266444615,2.7462433432829396,14.567241247016254,76.31280853308445,6.464070511586494,8231446.0,18897.0
TXN01866,2021-06-20,Ahmedabad,Shela,23.006360865684353,72.47406643811566,Apartment,2720.0,5,4,10,9,16,0,Semi-Furnished,3.152726951870953,3.8829293704380783,3.133166342073868,13.29733014887082,87.68809662713474,9.396569989834148,17595142.0,41618.0
TXN01867,2020-04-28,Ahmedabad,Bopal,23.02732635015826,72.46200121934378,Apartment,1509.0,3,2,19,5,18,1,Unfurnished,2.683273489223202,2.7653246721874067,2.5610725815198974,5.0,92.01000673127984,10.779358898908358,12499722.0,24470.0
TXN01868,2020-05-26,Ahmedabad,Chandkheda,23.107852177705652,72.57966006771707,Apartment,1565.0,3,2,12,12,17,2,Furnished,2.9854362780451025,4.16295252273354,2.2605463229236404,7.650880572504178,81.33940412288533,9.546241512693591,12963845.0,26284.0
TXN01869,2024-02-02,Ahmedabad,Gota,23.088502168438637,72.54011460373503,Villa,1588.0,3,3,13,4,13,2,Furnished,3.3502386799439634,3.0770360087835646,2.9870894079987402,13.905617900876102,81.49285932775167,9.894306014024087,12989571.0,30737.0
TXN01870,2024-01-30,Ahmedabad,Maninagar,22.992279961498795,72.59906354508395,Apartment,647.0,2,1,6,6,14,2,Unfurnished,2.6513111980090347,2.993018377968987,2.728815732575056,18.766581071969078,74.12782132273033,7.568608698543665,4533784.0,10752.0
TXN01871,2024-11-07,Ahmedabad,Satellite,23.032579057425036,72.51738016945895,Apartment,651.0,2,2,23,9,16,0,Furnished,2.083223792777948,2.5788616788168506,1.739844786211214,8.518828833099006,82.19759585213419,10.957758011402243,8910008.0,18167.0
TXN01872,2025-04-21,Ahmedabad,Vastrapur,23.037812343934164,72.53029318317411,Apartment,672.0,2,1,18,11,12,1,Unfurnished,2.2929994552654933,3.568113323666405,1.8098480990348045,28.41217957261386,69.20332340463791,9.534394655817417,6906125.0,14955.0
TXN01873,2025-02-13,Ahmedabad,Gota,23.096561320106105,72.53985125838037,Row House,803.0,1,1,11,8,15,1,Unfurnished,2.200853571422712,4.168995633793069,3.059954859023816,14.025142314510255,84.03769280391805,9.374639257722546,6049106.0,13481.0
TXN01874,2020-01-13,Ahmedabad,Prahlad Nagar,23.016479411877572,72.50947646996957,Villa,1598.0,2,1,3,9,15,1,Unfurnished,2.021386236884982,2.3844783422479483,2.478209348894163,6.785014187980716,81.40488698306824,11.597987372046761,19497952.0,43443.0
TXN01875,2022-07-28,Ahmedabad,Prahlad Nagar,23.015780926622547,72.50444561146881,Row House,1952.0,4,4,21,7,7,2,Unfurnished,1.250577516092838,1.9913770506782844,2.2493854720820985,7.112483429400634,80.32466392378933,8.72559871863678,22621554.0,50636.0
TXN01876,2022-06-06,Ahmedabad,Maninagar,22.99555369427191,72.6053243481391,Apartment,2456.0,4,3,23,6,8,0,Unfurnished,2.6789258288518414,2.451555805316405,2.789982886470552,25.316143364174984,79.03123289950844,6.060224309163131,14914488.0,36141.0
TXN01877,2019-10-04,Ahmedabad,Shela,22.999331644328045,72.4656839643077,Apartment,1190.0,3,4,8,8,10,0,Unfurnished,3.0723682349269894,3.506949316983646,3.2017120548604057,11.069346977160947,77.72017206031414,9.134605071726277,7752960.0,18203.0
TXN01878,2022-11-13,Ahmedabad,Maninagar,22.98625257403103,72.59580930532438,Row House,2145.0,4,4,2,4,10,1,Furnished,0.7159247676568237,2.754192885771412,2.9709912533826035,16.917406249690064,73.63689788869175,9.365248155700275,17293939.0,38190.0
TXN01879,2025-08-25,Ahmedabad,Thaltej,23.05196758593617,72.51092821826472,Villa,2369.0,4,3,10,3,10,1,Unfurnished,2.6061085327855555,3.551219070129711,1.40330690617952,16.396400917315898,74.31116265312043,8.43106924418894,22613306.0,48045.0
TXN01880,2020-04-01,Ahmedabad,Thaltej,23.053368775988627,72.51320179201038,Villa,1896.0,3,3,3,2,5,0,Semi-Furnished,2.2742478544466094,2.92855044703273,2.0180468784949457,5.0,75.70622790617759,7.704474059776436,17663167.0,42880.0
TXN01881,2019-04-16,Ahmedabad,Prahlad Nagar,23.01222479291939,72.50655432926368,Apartment,2582.0,5,4,3,10,12,0,Unfurnished,2.2476609291472873,3.013088370334215,1.8774457560665496,6.818683644013556,70.9323850594318,8.875624502058935,29860396.0,68288.0
TXN01882,2024-11-09,Ahmedabad,Prahlad Nagar,23.00881241327812,72.50026465981405,Villa,2195.0,4,4,13,5,17,2,Semi-Furnished,2.276016804765774,2.7951881433513877,2.4664750062488543,17.06666407070854,69.54930190397278,8.227649445594901,26608837.0,63274.0
TXN01883,2019-10-30,Ahmedabad,Bodakdev,23.034727696429815,72.50974039897709,Villa,2309.0,3,3,6,9,12,0,Semi-Furnished,2.485960298925886,2.674311934252444,1.9739622478410614,6.9743187127407005,86.48673370070627,10.825246338222724,29573700.0,65078.0
TXN01884,2023-02-22,Ahmedabad,Satellite,23.02578395474989,72.51404450719302,Apartment,768.0,2,1,3,5,11,0,Furnished,1.7310584160636957,1.8943387141873855,1.5032025090523446,21.502005197179876,80.5176590806754,10.7915315749217,9610967.0,19512.0
TXN01885,2020-06-21,Ahmedabad,Chandkheda,23.102984513296253,72.58067607337982,Apartment,1096.0,3,3,20,6,19,0,Furnished,2.9613757778705025,3.3705639906330336,2.728493666413464,6.494894161299927,92.43238048378242,7.735094645130211,8386894.0,18571.0
TXN01886,2020-12-08,Ahmedabad,Bodakdev,23.03565994944574,72.5040120859641,Apartment,920.0,2,1,6,3,4,0,Semi-Furnished,2.104562731016633,3.1441719147906277,1.091579911511749,14.330000659990686,82.44078579618868,8.33850464845357,12569504.0,26514.0
TXN01887,2020-02-10,Ahmedabad,Maninagar,22.99486616726854,72.60674107927494,Apartment,1041.0,2,2,16,6,17,0,Furnished,2.5782104145214917,3.0203343922456845,2.589783215343334,13.906622263544444,61.34512177796901,8.949051914773735,7899833.0,18648.0
TXN01888,2020-09-03,Ahmedabad,Prahlad Nagar,23.01836179811025,72.50866932378098,Apartment,1939.0,3,2,1,5,18,0,Furnished,2.474133720814494,2.445501381853968,2.432630923602971,9.564157620695767,79.13439318400393,10.238617227752844,26984768.0,58206.0
TXN01889,2024-01-31,Ahmedabad,Bodakdev,23.041357753647347,72.50588496663747,Apartment,898.0,2,2,3,1,14,0,Semi-Furnished,1.6757056162329633,2.557539056886791,1.938065885187927,15.797437280213357,75.1340540479075,11.434926161107228,12766166.0,26525.0
TXN01890,2022-09-28,Ahmedabad,Prahlad Nagar,23.010631217662958,72.50485742669616,Apartment,2267.0,4,3,21,5,10,1,Unfurnished,2.371227792148272,2.4392905299346377,2.906359189417431,5.0,81.98141965115495,7.757882847408764,24600987.0,56932.0
TXN01891,2021-09-05,Ahmedabad,Satellite,23.022576945677542,72.52539026139416,Villa,758.0,1,1,8,6,9,1,Semi-Furnished,2.8205374925614564,3.2181470400916203,2.030558563046112,19.803138946513165,77.5709174232449,8.385191020857853,8953362.0,18577.0
TXN01892,2023-08-14,Ahmedabad,Thaltej,23.051097052335553,72.51690234480648,Row House,2550.0,5,4,15,12,14,0,Unfurnished,2.577734364888294,1.366676147891102,2.7449825286274088,14.333816979391578,74.89948163473868,9.480251007520943,22961156.0,53192.0
TXN01893,2023-07-19,Ahmedabad,Gota,23.097014360166057,72.54749588879997,Row House,700.0,1,2,10,2,9,0,Semi-Furnished,2.838754970070918,3.219427415138492,3.350266968773918,13.560535344364274,82.04095901071798,7.365787211230705,4728276.0,13054.0
TXN01894,2022-03-21,Ahmedabad,Maninagar,22.996895541044967,72.60524433360199,Apartment,1557.0,3,4,20,8,16,1,Unfurnished,3.0802510853508775,2.896995080426462,2.1487236571014754,5.0,65.75107345750105,8.627973789819524,10867337.0,24897.0
TXN01895,2020-04-28,Ahmedabad,Shela,23.005348426346245,72.46477246628358,Villa,1882.0,3,2,6,2,15,0,Semi-Furnished,3.0214905925914506,4.112622782678563,2.3263349967172435,5.0,78.00323553419533,9.296966253571505,12188501.0,28699.0
TXN01896,2022-07-05,Ahmedabad,Satellite,23.03375240125869,72.52281381741165,Apartment,2145.0,4,3,7,7,11,1,Semi-Furnished,1.725065135214345,2.036862478450839,1.7891184280013404,15.915630102961583,70.56156923903609,9.238575350621863,25380653.0,55718.0
TXN01897,2022-07-09,Ahmedabad,Gota,23.087181847055266,72.53790935477502,Villa,2152.0,3,2,23,7,18,1,Furnished,3.2414967191518222,2.6880858446529126,3.2324096628291556,5.0,91.82634762943296,9.336787135640398,19447322.0,37163.0
TXN01898,2023-05-13,Ahmedabad,Prahlad Nagar,23.008980935532286,72.51130573753568,Apartment,1703.0,4,4,0,7,13,1,Furnished,3.216505993274801,2.7170419241423125,2.74940920209009,5.0,82.67306354179952,8.757211509746764,22629374.0,50859.0
TXN01899,2022-04-20,Ahmedabad,Prahlad Nagar,23.012231486061488,72.51565786874845,Apartment,2449.0,5,4,10,8,18,2,Semi-Furnished,1.286984067435,2.2150571994730415,3.380123824013036,15.765927620382925,73.05662441140386,9.974750952488527,30244393.0,67672.0
TXN01900,2020-07-26,Ahmedabad,Thaltej,23.04763099710487,72.51469395990252,Apartment,2264.0,4,3,21,7,19,0,Semi-Furnished,2.59650826283737,2.3994973581817227,1.452559576085025,18.56320078103661,78.40156410104467,8.381978287404129,20831256.0,49723.0
TXN01901,2021-06-28,Ahmedabad,Prahlad Nagar,23.013070519398994,72.5092914057118,Apartment,2296.0,4,4,14,3,15,2,Semi-Furnished,1.9382197790532105,2.5950942820966496,2.9392056663236974,14.253803842078462,79.31756717841074,11.993518381643348,30952508.0,64225.0
TXN01902,2023-06-15,Ahmedabad,Bopal,23.023559372809654,72.46293590458363,Apartment,1696.0,3,3,11,6,10,1,Semi-Furnished,2.897209805054359,3.0358416655746447,1.8693804946452555,15.003383337476011,82.81148308759565,6.208696649407976,12656474.0,32703.0
TXN01903,2023-02-18,Ahmedabad,Chandkheda,23.102859167864572,72.58346263465279,Apartment,1230.0,3,2,6,12,13,0,Semi-Furnished,2.701503832022404,2.560830219271267,2.8961750139119347,5.0,71.19105129184243,8.622922918338013,8485311.0,19520.0
TXN01904,2022-03-17,Ahmedabad,Thaltej,23.055834234246497,72.5147794385589,Apartment,2047.0,3,3,24,11,13,1,Semi-Furnished,3.69388795513627,4.045239263849717,3.2215510072514055,8.980969838797055,78.40399239494504,8.408768629275938,18777931.0,42860.0
TXN01905,2021-01-28,Ahmedabad,Bopal,23.028098711021055,72.4603513525519,Apartment,1508.0,2,3,15,1,5,0,Furnished,2.7799846310748486,3.849179221876433,2.6592613368408315,6.556081564334064,88.87220230041592,11.098560632627462,12685582.0,29471.0
TXN01906,2022-05-27,Ahmedabad,Shela,23.001326807497048,72.47111232960431,Apartment,613.0,1,1,18,2,15,2,Furnished,3.7500109977620353,3.949486194571639,3.1343638496267334,6.575509278970889,88.4554107468382,9.598192792447911,4565731.0,10678.0
TXN01907,2019-08-12,Ahmedabad,Maninagar,22.999077026950367,72.60355122917112,Apartment,1729.0,3,2,10,9,14,1,Furnished,2.3275107582744265,2.8265355065550004,2.8514331952309586,13.423225462615575,74.8233262611609,7.803637918204129,14434158.0,30035.0
TXN01908,2022-11-27,Ahmedabad,Bopal,23.034736054873132,72.46927211996064,Apartment,2109.0,2,2,10,11,11,2,Unfurnished,3.4196148055140725,2.8517909570736384,2.27338666840432,17.107889234667866,88.94673660223452,8.17375809665065,17448354.0,36910.0
TXN01909,2023-12-19,Ahmedabad,Thaltej,23.052470232678147,72.51382594268937,Villa,2270.0,4,4,14,12,18,1,Furnished,2.3428634947187343,2.695057770226137,2.4151535281542866,7.845410470655516,70.49817914538045,9.263316872887257,22791569.0,54917.0
TXN01910,2024-05-03,Ahmedabad,Maninagar,22.99636410178476,72.60092897904747,Apartment,2774.0,5,4,12,3,14,2,Furnished,2.741113073456292,4.881140820383696,2.528218207134656,25.807971107962146,74.04275986871615,8.637823832867713,20223724.0,55612.0
TXN01911,2023-07-08,Ahmedabad,Prahlad Nagar,23.009782725142227,72.50784897173408,Apartment,2016.0,3,2,19,10,11,1,Semi-Furnished,1.9330655494786637,3.320470063497103,1.9771664988978062,15.966193650055594,70.4711440971415,8.744980849155048,25826797.0,59649.0
TXN01912,2022-08-11,Ahmedabad,Satellite,23.031899567355016,72.51929470399304,Apartment,2361.0,5,4,13,6,6,0,Unfurnished,1.605979629158374,2.566881551886349,2.589219818056719,14.314714746610386,68.60762008565403,8.858481640761136,24664333.0,57076.0
TXN01913,2019-09-06,Ahmedabad,Chandkheda,23.112055061946123,72.57056673412262,Apartment,2642.0,5,4,21,3,11,1,Unfurnished,2.892787834374199,2.9119363313547377,3.9861132332126434,5.0,82.55096339946999,11.234546185687405,16794375.0,45370.0
TXN01914,2019-12-11,Ahmedabad,Prahlad Nagar,23.013918881664143,72.51115343971291,Apartment,1506.0,4,3,0,8,18,2,Unfurnished,2.3981040148930686,1.4719583307827642,2.393570294555959,14.791398851210683,73.03630343879394,8.757868792576376,18403822.0,38998.0
TXN01915,2024-12-06,Ahmedabad,Thaltej,23.04222001002647,72.51171849623931,Row House,1792.0,4,4,10,9,16,2,Semi-Furnished,2.3993068939804627,3.0140165611729914,2.88592012214614,20.895767968495974,69.72280540402856,7.999819437136467,17573157.0,37270.0
TXN01916,2022-12-06,Ahmedabad,Bodakdev,23.03676319681012,72.50865450664477,Apartment,1061.0,2,2,10,9,13,1,Unfurnished,2.3729654500174924,2.0842110240516076,1.8890204017804146,8.684472721543209,72.90852053280307,9.839199510699189,13605105.0,28050.0
TXN01917,2019-01-05,Ahmedabad,Bopal,23.026927354727434,72.46219028492536,Apartment,2182.0,4,3,24,7,14,0,Furnished,2.6553959043005744,2.968908776166024,2.492068304534393,10.284925941883536,77.75693591525211,7.595557781803332,16300860.0,41495.0
TXN01918,2024-03-20,Ahmedabad,Satellite,23.03459168171147,72.50912743131259,Row House,899.0,2,3,25,2,19,0,Furnished,1.433059596933803,2.671064106415792,1.9715968926876617,15.76308140127973,77.29925744057816,8.823604509589002,10513499.0,24253.0
TXN01919,2022-01-21,Ahmedabad,Gota,23.08698993352323,72.54189117468681,Apartment,2689.0,4,3,18,7,7,2,Furnished,2.6819226952522652,3.143414069971884,2.331144930433009,15.79476336805465,73.72700399601806,10.933100064922535,24983595.0,48690.0
TXN01920,2019-01-16,Ahmedabad,Bodakdev,23.048589667878673,72.50873751122434,Apartment,2247.0,4,4,7,12,16,2,Furnished,1.620534752089986,2.45360206573135,2.7852949036400396,13.068000249150089,74.06269412637194,10.582222866877325,34882787.0,71107.0
TXN01921,2025-12-29,Ahmedabad,Bodakdev,23.038382470052397,72.49973042728477,Apartment,914.0,2,1,11,7,12,1,Semi-Furnished,1.6260949415195105,2.7854487420387652,1.8605873725444728,10.156964754863646,71.72592747454516,10.704424367161732,12697942.0,25515.0
TXN01922,2023-03-20,Ahmedabad,Chandkheda,23.105595802006768,72.5865492573224,Apartment,1443.0,3,3,18,2,12,0,Furnished,3.479249246701353,3.0873355656391266,3.658669253403234,10.778365262295884,81.79077432714423,8.028110318753555,10260677.0,23745.0
TXN01923,2022-12-16,Ahmedabad,Gota,23.08433423908152,72.54032294899868,Apartment,1284.0,2,3,4,10,11,2,Semi-Furnished,2.594382427997157,2.9370035535752996,3.4205776541601627,9.386313215941101,77.39537582704577,9.14351071988177,9879626.0,23097.0
TXN01924,2022-10-20,Ahmedabad,Maninagar,23.0018071001498,72.60048573013842,Apartment,2548.0,5,4,12,10,16,0,Unfurnished,2.7871755308773163,2.9079822746247665,2.451149663722921,14.770119905005664,65.37345568491843,11.826628781360906,19151274.0,38985.0
TXN01925,2025-11-10,Ahmedabad,Vastrapur,23.035555272995257,72.52879990270327,Apartment,1842.0,4,4,5,9,9,2,Semi-Furnished,2.7234546210221535,2.606015112527857,3.0777654924076074,16.89514880649074,79.42654001696629,10.030908709932305,20535806.0,45064.0
TXN01926,2023-04-03,Ahmedabad,Thaltej,23.054175007720037,72.51506459221078,Villa,710.0,1,2,12,9,9,1,Furnished,2.7529938579392534,2.056698634315506,3.053479690414116,5.0,76.59739955625042,10.380784686890543,7891755.0,16846.0
TXN01927,2024-06-01,Ahmedabad,Chandkheda,23.1070164686745,72.57873122832315,Villa,2070.0,5,4,23,2,17,1,Unfurnished,3.4240285317631947,3.187299048628083,4.061115278753255,12.053622829390116,72.47555903563915,9.846737623349533,14601357.0,31398.0
TXN01928,2024-04-29,Ahmedabad,Thaltej,23.05291375579246,72.5189118468911,Apartment,1731.0,3,2,10,3,12,2,Semi-Furnished,2.9264196301520418,1.346161725249584,3.1321954740415525,8.085891074749629,85.23591587169145,8.59123540502887,18152996.0,39032.0
TXN01929,2019-12-05,Ahmedabad,Thaltej,23.058890713357957,72.51292915286471,Villa,2463.0,5,4,5,1,4,2,Semi-Furnished,2.1086026976072954,3.273952642581118,1.7161061636185218,13.712324853097247,76.6914444112177,9.254350224250121,25547191.0,56168.0
TXN01930,2020-10-01,Ahmedabad,Satellite,23.031862182623957,72.51690340599951,Apartment,1721.0,3,3,8,9,14,2,Furnished,2.230559971184082,2.1762301997535247,2.1765926755195277,21.093961733602065,79.2187949033595,7.5381637030014685,20053146.0,45920.0
TXN01931,2025-09-25,Ahmedabad,Maninagar,22.9974062327331,72.59449672977355,Villa,588.0,1,2,16,7,9,1,Unfurnished,3.3522246047413433,4.233895699718229,3.1705881825323026,14.385569799768906,59.83640044093331,11.344409101014048,3920413.0,10308.0
TXN01932,2025-01-16,Ahmedabad,Gota,23.093239843073817,72.5436393343387,Villa,1286.0,2,1,4,10,19,1,Semi-Furnished,2.710055708286053,3.784560922664983,2.576339546322132,5.0,80.55840997574771,5.77001159372048,9417033.0,22523.0
TXN01933,2025-01-15,Ahmedabad,Chandkheda,23.10852635456947,72.57386938327406,Apartment,1696.0,3,4,13,2,14,1,Unfurnished,2.6844507501224903,3.327862934079851,2.6703674984552377,5.0,83.09855001175058,9.188793832145045,10852866.0,27706.0
TXN01934,2024-09-12,Ahmedabad,Vastrapur,23.036218191544215,72.52850135608801,Apartment,1763.0,4,4,1,10,12,2,Unfurnished,3.264872272093138,2.781643249339814,2.0960436154910225,25.494016888863843,73.97382314648932,8.005385068181123,18337975.0,41152.0
TXN01935,2021-09-26,Ahmedabad,Thaltej,23.051055082982398,72.51498462298805,Apartment,1279.0,2,2,15,6,19,1,Unfurnished,2.9505176317453135,2.3326634777678796,2.6588980036488308,8.32049884797354,87.16302991334503,10.242091249911926,10660218.0,25596.0
TXN01936,2023-01-20,Ahmedabad,Bopal,23.035472177535368,72.46029574947929,Villa,2249.0,4,4,3,11,16,1,Semi-Furnished,2.8753912757462046,3.15693065553419,2.4523307757273103,5.0,79.61580311685069,8.566583117791481,17076910.0,41868.0
TXN01937,2020-09-04,Ahmedabad,Vastrapur,23.04405313821507,72.52815118074311,Row House,786.0,2,1,2,3,14,2,Furnished,2.461232658496169,2.9794993238994754,2.4328494596472803,18.19670521071596,68.16852089114379,7.949233870745969,9085776.0,20233.0
TXN01938,2022-07-01,Ahmedabad,Bodakdev,23.042194948996926,72.50988936730232,Apartment,1773.0,3,4,15,1,8,2,Furnished,2.264399174516559,1.9181580072744344,1.8602466825697799,12.675093022132303,77.51425272632419,7.362197101155828,24685109.0,65806.0
TXN01939,2025-08-30,Ahmedabad,Prahlad Nagar,23.014538435001047,72.50586238987873,Apartment,2029.0,3,4,7,11,16,2,Unfurnished,2.0256334306268124,2.784803764058668,2.4602579392501003,8.48498059608498,73.70854927141139,8.094753787939837,23293938.0,52564.0
TXN01940,2020-01-08,Ahmedabad,Satellite,23.02998009115291,72.51570132258198,Villa,1575.0,3,2,1,5,11,2,Unfurnished,2.290500415626163,2.303435244651628,2.501953045898904,14.71424897779643,74.67823713576637,8.196240775313067,17144190.0,36360.0
TXN01941,2021-11-10,Ahmedabad,Bopal,23.031358700334884,72.46909919746341,Apartment,1841.0,3,3,22,9,17,1,Semi-Furnished,2.3802239277161745,4.221967872274053,2.8908743125344736,12.605404419822015,84.59529550759376,9.520238648815615,14294478.0,31639.0
TXN01942,2020-08-30,Ahmedabad,Satellite,23.028994013140743,72.51274777498233,Apartment,2684.0,5,4,8,2,6,1,Unfurnished,2.8939754146170773,2.3744691398130082,2.60333933615623,16.39627167554425,74.65554267062583,8.712954679940767,29766550.0,69692.0
TXN01943,2022-05-27,Ahmedabad,Satellite,23.02807595736639,72.5216837019178,Apartment,2190.0,4,3,8,3,14,0,Furnished,1.786192666942815,2.502278412472801,2.0924585696766678,10.826866281269332,79.14782807917553,8.801021386966038,25087291.0,57655.0
TXN01944,2019-09-06,Ahmedabad,Bopal,23.037594170299293,72.47125508717045,Apartment,1164.0,3,3,5,7,17,1,Semi-Furnished,2.9463131999968617,2.643030596337906,2.962035550060668,9.721971751167777,80.64891883398185,10.639922729478721,9457057.0,21596.0
TXN01945,2020-01-06,Ahmedabad,Thaltej,23.049569657037523,72.51009022751218,Villa,2672.0,5,4,24,5,8,0,Furnished,2.806194340131011,3.169062091298136,2.677855431252068,12.637032777579634,68.41367710841897,6.257436080348091,25964952.0,60069.0
TXN01946,2024-05-20,Ahmedabad,Satellite,23.024168132532978,72.51281937076078,Villa,1676.0,4,4,18,12,15,2,Furnished,2.406337150645132,2.976658960368962,2.2920576987997268,22.194123445782928,75.4479472901679,10.027995093285764,21030397.0,44524.0
TXN01947,2019-07-25,Ahmedabad,Bopal,23.028640580802776,72.46625703394038,Villa,2397.0,4,4,13,8,19,0,Semi-Furnished,2.4692890368220097,2.2771973549580595,3.6372101614809322,9.055120171348861,83.76820524582787,8.044272787439875,17644636.0,44066.0
TXN01948,2021-10-06,Ahmedabad,Bodakdev,23.037299536666534,72.5071427876118,Apartment,1643.0,3,3,18,8,8,1,Semi-Furnished,2.038610960893496,2.4364593138121022,1.6433832545521103,12.65518171897473,80.94105611941497,10.800994147447835,24057529.0,48094.0
TXN01949,2024-03-03,Ahmedabad,Chandkheda,23.10612793691963,72.57652596255393,Apartment,2536.0,5,4,24,3,4,2,Semi-Furnished,3.2333544173755806,4.0587566758443945,2.7549061943035484,5.0,83.81597438576289,8.963577690972087,18822964.0,40757.0
TXN01950,2025-04-02,Ahmedabad,Bodakdev,23.038162659720502,72.51174948627147,Apartment,756.0,1,1,9,3,14,2,Semi-Furnished,1.9644589971685276,2.4053644947206916,2.625467355154278,9.894426388143014,80.005978883519,13.0,11637948.0,22331.0
TXN01951,2023-12-27,Ahmedabad,Prahlad Nagar,23.009554945079476,72.51408653918735,Apartment,2464.0,4,4,13,7,17,1,Semi-Furnished,1.3287567314714082,2.6516116748096477,2.5872105538984567,17.33641531576623,87.06489451598254,8.992391709707823,30949532.0,71972.0
TXN01952,2020-01-07,Ahmedabad,Gota,23.085782222090597,72.5386160116204,Villa,1953.0,4,4,0,4,15,1,Semi-Furnished,3.045616962402749,3.6053543934471834,2.047806578808011,9.953325408642572,89.79442256620472,10.488418669831193,16684711.0,31681.0
TXN01953,2020-04-27,Ahmedabad,Thaltej,23.049059534294752,72.51966386484388,Villa,1885.0,4,4,1,11,16,1,Unfurnished,2.0548773795060895,3.7771053176962837,2.152573836538929,5.0,75.48740315000505,6.94578793748358,16758137.0,40267.0
TXN01954,2022-01-11,Ahmedabad,Thaltej,23.04243149764465,72.51761832040023,Apartment,1106.0,2,2,19,11,19,0,Furnished,2.7502460445070116,2.923397254521393,2.570887712972215,16.365296404300214,79.41958280457256,6.868594269379042,10055385.0,25295.0
TXN01955,2021-06-08,Ahmedabad,Prahlad Nagar,23.014360502041523,72.5093404266976,Villa,2480.0,4,3,23,2,18,0,Semi-Furnished,2.6085097240646187,2.7778974940527665,1.7494825687786144,8.096833169813834,85.36458411251012,11.143758400550782,32663597.0,72838.0
TXN01956,2021-05-26,Ahmedabad,Bopal,23.03181320413235,72.47135647768084,Apartment,1337.0,2,1,7,8,15,0,Furnished,2.9802538215558436,3.1289448624012315,2.8169400713537947,5.0,74.25117932656357,8.923444004349522,10653036.0,26642.0
TXN01957,2025-04-28,Ahmedabad,Chandkheda,23.113473558546577,72.57777933626922,Villa,2468.0,5,4,2,4,16,0,Furnished,2.878769320268762,3.5812252566594878,2.2803578799102127,26.52189651112615,80.31128437577019,10.146867198278898,20839505.0,41299.0
TXN01958,2022-08-05,Ahmedabad,Shela,23.00981018919261,72.46540458371045,Villa,912.0,1,1,5,2,5,0,Furnished,3.5307329197893247,3.556529270606726,2.9226659102937353,17.5904984963071,84.2803906717561,12.393925914513527,7358153.0,15925.0
TXN01959,2021-06-23,Ahmedabad,Vastrapur,23.040238334131033,72.52650439601072,Apartment,1251.0,2,2,15,11,11,0,Furnished,2.2235318994346063,2.424512247150701,3.4436435725112986,7.415782773479453,68.45447954685835,9.125561597860568,13628859.0,30480.0
TXN01960,2021-01-06,Ahmedabad,Bopal,23.029720818442907,72.46356740753762,Apartment,1683.0,3,2,4,4,7,1,Semi-Furnished,2.0910604324352953,2.291299524933649,3.346454474682621,14.805037610185654,82.27827050956438,10.840541385061833,14285288.0,31891.0
TXN01961,2022-09-17,Ahmedabad,Chandkheda,23.11165519047879,72.58449116042114,Apartment,2317.0,4,4,23,8,18,1,Semi-Furnished,2.2386963022437714,2.995760355618105,2.3983038300240036,10.108808512012326,73.58674553419723,9.709860361515243,17171030.0,41131.0
TXN01962,2025-12-17,Ahmedabad,Chandkheda,23.117981628454267,72.57824109160056,Apartment,643.0,1,1,0,11,12,1,Semi-Furnished,3.1731215948518927,3.2112613650448,3.7811306987092506,10.06442590735093,76.50303315722144,10.624773798387189,4990260.0,10910.0
TXN01963,2021-04-19,Ahmedabad,Chandkheda,23.10315411551452,72.57496617905176,Apartment,1038.0,1,2,3,4,9,2,Unfurnished,2.441799388808637,2.9400248446337587,3.7085494582247858,7.607439686914005,88.75480395629673,8.816672032805595,7556487.0,16869.0
TXN01964,2021-06-03,Ahmedabad,Vastrapur,23.034185972059408,72.52907027327798,Villa,884.0,1,1,7,6,7,1,Furnished,2.129911287407378,2.6122534726765303,3.081171340376022,23.34120023441639,68.82306269680966,9.07253114952041,10706790.0,25133.0
TXN01965,2021-03-24,Ahmedabad,Gota,23.08850320412995,72.53717526258376,Apartment,1411.0,2,3,0,2,4,2,Furnished,2.943077860140655,3.0879107038899303,2.467398762502363,7.222674460453762,86.10372330895999,8.097813602141152,11562166.0,26672.0
TXN01966,2022-09-25,Ahmedabad,Bopal,23.03169781825769,72.46661573191491,Apartment,614.0,1,1,19,12,14,2,Semi-Furnished,2.6272573868192275,3.1214286032938072,2.8432549549644004,10.352747987588458,91.77447187961648,8.476326314252965,4817977.0,11351.0
TXN01967,2020-03-20,Ahmedabad,Shela,23.001470785941972,72.47169641909284,Apartment,2520.0,5,4,15,4,12,2,Semi-Furnished,2.717375189488668,3.6274571128804567,2.918264846810005,6.213905475734897,79.99786565365648,10.469160754815157,18048092.0,38845.0
TXN01968,2024-02-28,Ahmedabad,Shela,23.007190916029057,72.46370000301086,Apartment,1566.0,3,3,8,8,13,2,Semi-Furnished,3.0632152629363874,4.160150707030236,3.3825621318779344,6.103690684544436,75.86626657196929,10.877326037781563,10851962.0,24156.0
TXN01969,2022-11-03,Ahmedabad,Gota,23.08850206504915,72.54237002495682,Apartment,2216.0,4,3,23,2,13,1,Unfurnished,3.3637953513340304,3.4002635807686215,3.5149441495340215,8.206049969842333,89.1122354890322,9.936474997653976,15929441.0,36501.0
TXN01970,2024-05-26,Ahmedabad,Prahlad Nagar,23.00784479121857,72.5096556248457,Apartment,2584.0,5,4,18,3,14,0,Furnished,2.226469548399743,3.374439369456798,1.8740172778821016,5.0,74.19826208116486,7.694703977558161,33962368.0,72555.0
TXN01971,2021-01-07,Ahmedabad,Prahlad Nagar,23.01097099452121,72.50847633831897,Apartment,1340.0,2,2,18,7,9,0,Semi-Furnished,2.5066567046698647,2.6503879559837578,2.168424454744272,5.0,89.74156536208184,8.178325902459406,15625685.0,35767.0
TXN01972,2022-10-15,Ahmedabad,Prahlad Nagar,23.01463871245426,72.516426538334,Apartment,1241.0,2,3,2,8,13,0,Unfurnished,2.4442141309012464,3.1255870399412484,1.4628883046723455,12.5226994685914,74.57619624222565,9.139537969969181,14267043.0,34431.0
TXN01973,2021-10-28,Ahmedabad,Vastrapur,23.044546149812405,72.52911471274317,Row House,1132.0,2,3,11,2,18,1,Semi-Furnished,2.1191291747139167,2.8213638086401343,2.971019461161098,6.721564194200493,76.54292093208481,7.29899634493359,11028663.0,26217.0
TXN01974,2019-02-25,Ahmedabad,Satellite,23.025806230885483,72.51742102395879,Apartment,1851.0,3,4,18,7,9,2,Semi-Furnished,2.24096454705948,2.446700786987971,1.9736985286743476,16.208720205888774,75.17589146256137,10.020784810914808,23021675.0,48790.0
TXN01975,2019-08-22,Ahmedabad,Shela,23.00381839244771,72.46649609819684,Apartment,772.0,2,2,3,3,19,0,Unfurnished,2.7079473189541923,3.792533860977217,3.3533281763455083,7.692153335415777,88.44063072555174,7.950552175634422,4743941.0,10452.0
TXN01976,2019-09-27,Ahmedabad,Chandkheda,23.115601726466448,72.58636063481413,Apartment,1352.0,3,3,5,4,13,0,Furnished,2.9155947620932934,3.3910424481323482,3.1700924630689507,11.244928442418715,78.17884289264069,9.443674608566784,9526759.0,25976.0
TXN01977,2025-06-26,Ahmedabad,Gota,23.08393443744096,72.53407044581746,Apartment,1548.0,3,2,1,4,8,0,Unfurnished,2.4463757578096508,2.655638059997257,2.921760335984685,7.353560727244413,64.89084214914301,9.342189875623836,10855188.0,25407.0
TXN01978,2025-05-28,Ahmedabad,Maninagar,22.996848833791315,72.6006956820102,Villa,961.0,2,1,4,3,14,2,Unfurnished,3.16432768316521,3.051378417753033,2.616582904963675,20.387900423778007,72.5196057717522,6.492006520798439,6756340.0,15465.0
TXN01979,2023-10-30,Ahmedabad,Prahlad Nagar,23.016464888752196,72.5035110326693,Apartment,1788.0,3,4,16,4,4,0,Semi-Furnished,2.1244863722261322,2.8234141110312225,1.8210085029524943,18.291528880988743,96.87076869157445,8.507269946786431,19791461.0,55739.0
TXN01980,2019-12-08,Ahmedabad,Gota,23.08594812553655,72.54249154687867,Apartment,2420.0,4,3,19,9,18,2,Furnished,3.8750189437629805,3.076853014101694,1.480827647701749,14.340988869199634,91.91072042133794,8.644596064867683,19783779.0,43627.0
TXN01981,2021-06-24,Ahmedabad,Bodakdev,23.044199653889596,72.5050646715317,Apartment,2464.0,4,4,12,9,19,2,Furnished,2.013230704236816,2.551151398246457,1.7666302880762748,5.0,81.88691623116465,10.24636723763996,35669224.0,82283.0
TXN01982,2025-11-16,Ahmedabad,Gota,23.086936893712597,72.53627108383462,Apartment,2634.0,5,4,13,10,12,2,Furnished,2.5119086754916866,3.343145358004862,2.4222956639785886,5.0,78.70972541827469,8.775754512768458,20865799.0,52506.0
TXN01983,2019-08-26,Ahmedabad,Bodakdev,23.040752207236057,72.5109384103141,Apartment,2715.0,5,4,4,1,13,1,Unfurnished,2.8847301150661537,2.3694817401383386,1.724864259828247,12.141699960311392,82.85775853321422,9.607912241333047,36896487.0,76971.0
TXN01984,2025-03-27,Ahmedabad,Bodakdev,23.036624134587512,72.50633035961117,Apartment,1937.0,3,2,9,4,7,1,Unfurnished,1.9795240139957095,2.3981431878671597,3.3267350321768476,6.296403760337676,78.62340525093194,9.994443269247247,23928574.0,56204.0
TXN01985,2022-07-02,Ahmedabad,Prahlad Nagar,23.01377317388775,72.50723103889693,Apartment,2219.0,3,3,16,10,17,1,Unfurnished,2.095913389852024,1.3279404953452725,2.1230067912603365,11.389736723181054,73.6881348129024,8.86664588152845,24248926.0,65063.0
TXN01986,2021-06-18,Ahmedabad,Gota,23.089476240647894,72.53736224580894,Apartment,1241.0,3,2,8,9,12,1,Unfurnished,3.6567338782835193,3.380058130526638,1.760852124973513,10.664628883927936,86.40590388475543,9.984587625713885,9611100.0,22031.0
TXN01987,2023-09-25,Ahmedabad,Satellite,23.02723543160677,72.52017791108099,Apartment,2341.0,4,3,18,7,14,1,Unfurnished,2.547446186075617,2.0928449020973146,2.4694805469000927,9.66873804686143,79.73574122974465,6.4674306902457035,22647551.0,55421.0
TXN01988,2023-02-15,Ahmedabad,Bodakdev,23.043036727144976,72.50175941692332,Apartment,2597.0,4,4,3,5,15,2,Furnished,1.7707148773852233,2.816873779558056,2.190228389714811,5.0,81.60106229486215,7.021296146935982,37396762.0,82144.0
TXN01989,2025-11-24,Ahmedabad,Vastrapur,23.030747399424012,72.53355461042878,Apartment,2680.0,5,4,0,9,10,0,Furnished,2.4944460116809704,2.185489231639477,1.4069612235308553,19.14964780407432,71.43324876738247,10.828735345693117,33710840.0,71236.0
TXN01990,2021-11-27,Ahmedabad,Bodakdev,23.039493778297526,72.50697268395024,Row House,1035.0,2,1,25,4,5,2,Semi-Furnished,1.9310378609282157,2.8187080376311973,1.746027313018359,9.868561075760873,96.06132366077614,8.967746019739113,14608894.0,27882.0
TXN01991,2025-01-18,Ahmedabad,Gota,23.096120400175614,72.54241693171545,Villa,2718.0,5,4,11,3,8,1,Furnished,3.2080453141036576,3.5779203904911703,2.872853437291038,10.270576899034182,76.25074977083281,9.47771912500367,20697369.0,52364.0
TXN01992,2022-02-22,Ahmedabad,Bopal,23.02347429708201,72.46525215625003,Apartment,767.0,2,2,18,10,17,0,Semi-Furnished,2.201077869912027,2.5908056507026087,2.851854803063734,5.0,90.3205745064665,8.055584565418407,5416512.0,13798.0
TXN01993,2024-07-10,Ahmedabad,Shela,23.008967956118166,72.46889260392457,Row House,2639.0,5,4,3,11,17,2,Semi-Furnished,3.1129421543757796,4.109503423594496,2.4130641313353776,5.0,78.66945125099434,9.473303643662874,17669341.0,40053.0
TXN01994,2019-05-06,Ahmedabad,Shela,22.99782144994058,72.46293256829718,Villa,883.0,3,4,13,10,18,1,Unfurnished,3.474372949745299,3.514063950275433,3.424334061783044,6.2232260610668435,80.01657999187115,11.280628313891203,6153250.0,13454.0
TXN01995,2025-06-20,Ahmedabad,Bopal,23.036661771394186,72.46901415327916,Villa,1818.0,4,4,7,11,12,0,Furnished,2.5301001822380664,3.1232156414047516,3.21865633795947,20.18867046254726,83.0573085563216,10.81494313312986,14733273.0,36203.0
TXN01996,2022-08-03,Ahmedabad,Bodakdev,23.03647774375996,72.50199835288261,Apartment,1073.0,2,1,11,4,14,1,Unfurnished,3.387464195193968,2.237461138081182,1.7810485865968773,10.884584590850569,88.13977576269708,9.157494063222728,14283534.0,28476.0
TXN01997,2022-01-30,Ahmedabad,Gota,23.089974526066452,72.53451184968104,Apartment,2564.0,4,4,13,4,5,0,Semi-Furnished,2.8432481188528764,3.404180504631292,2.364959107275905,12.977254694740445,74.81709937525534,10.734249888636818,19337503.0,46037.0
TXN01998,2020-01-23,Ahmedabad,Satellite,23.027312892246265,72.51774123570054,Apartment,1189.0,2,3,0,10,12,1,Unfurnished,2.4219614104791787,3.373875542292654,2.2420234936736727,11.671478155672347,77.50486942188944,8.54333892625435,13059422.0,26420.0
TXN01999,2019-01-14,Ahmedabad,Maninagar,22.994894197480345,72.60666870920618,Row House,2687.0,5,4,13,4,12,2,Unfurnished,2.0976555043979284,3.2960849283480527,2.157549132848361,11.728254748982371,75.19251004442602,7.658365222777113,16969282.0,41954.0
TXN02000,2021-09-16,Ahmedabad,Bodakdev,23.035587292786303,72.49979944939605,Apartment,1171.0,2,3,10,3,12,0,Semi-Furnished,2.200674505608322,2.908306023905403,1.8428445013059624,12.64444874253199,82.56139915958896,7.173008649365436,15616072.0,34748.0
TXN02001,2022-07-15,Ahmedabad,Maninagar,22.996023636195407,72.59810545075143,Apartment,2667.0,5,4,7,11,18,2,Semi-Furnished,2.3472838377524265,3.9510651112080852,1.8018983580129682,8.143454025846543,64.68813401628314,8.820723447567236,19449737.0,45961.0
TXN02002,2020-02-02,Ahmedabad,Gota,23.089698398010956,72.53923425354976,Row House,2244.0,4,4,7,11,19,0,Furnished,2.7988644496125588,3.281919106158987,2.739371184328871,6.745675622604351,79.21117007436145,8.140626999158126,17641100.0,40192.0
TXN02003,2019-05-01,Ahmedabad,Vastrapur,23.04281441396141,72.53237013053072,Apartment,681.0,2,1,24,4,13,1,Unfurnished,2.4189250205227717,2.1426352836812983,2.208831649932411,5.0,68.54219505114871,8.497360709338272,6686121.0,14633.0
TXN02004,2025-04-15,Ahmedabad,Prahlad Nagar,23.011878146269517,72.50395395321652,Apartment,1904.0,4,4,11,10,10,0,Unfurnished,2.461427283727171,4.632196829528297,2.8056591396349244,13.578443886949866,80.8492106559726,9.808929025906437,21938275.0,52045.0
TXN02005,2023-06-09,Ahmedabad,Gota,23.090401095715627,72.53793165466573,Apartment,1206.0,2,3,10,1,12,0,Semi-Furnished,2.4585855311745717,3.206440600396622,3.624588809265311,9.25984473593173,79.05312975751389,9.827285116420983,8873371.0,20197.0
TXN02006,2023-03-04,Ahmedabad,Thaltej,23.051113154695365,72.51328581404387,Apartment,1405.0,3,3,13,4,18,0,Furnished,2.6891169473120797,2.2711653947199655,3.111604121683749,12.55117391444069,68.34536116411066,7.116613533600711,14075795.0,30432.0
TXN02007,2019-12-16,Ahmedabad,Satellite,23.03012437143862,72.51614774958234,Apartment,1006.0,1,1,5,7,8,0,Furnished,2.2719444550531795,2.805622340304214,2.5330525196551497,11.05567490438408,79.7339158097642,7.700219055367428,11086936.0,28145.0
TXN02008,2024-12-06,Ahmedabad,Bodakdev,23.04340261519261,72.50657203540916,Row House,1271.0,3,4,10,5,11,0,Furnished,2.0132195795935797,3.3925885138885405,2.7441461452605083,5.0,74.0570403728654,8.85271234914707,17754662.0,42681.0
TXN02009,2024-03-04,Ahmedabad,Vastrapur,23.031703676997537,72.52954026478498,Apartment,2263.0,4,4,21,6,7,1,Furnished,2.80813835310303,2.842582977717007,3.1117354010376825,17.378088604930433,74.7006846938395,7.97660972806266,26747862.0,59325.0
TXN02010,2021-10-28,Ahmedabad,Prahlad Nagar,23.015516686002552,72.50902736146566,Apartment,1405.0,2,2,2,10,16,0,Semi-Furnished,3.116597005507313,2.5810175549440886,2.4450366740724587,12.85007508065258,88.57775380093008,9.302756691025994,16839038.0,38049.0
TXN02011,2022-02-18,Ahmedabad,Gota,23.08907839922685,72.53841513802654,Villa,1969.0,4,4,18,6,19,2,Unfurnished,2.9894675447771224,3.172794379344626,2.2529888976822594,14.48422611802579,89.49179405831076,10.073204930761264,13806535.0,32276.0
TXN02012,2023-02-02,Ahmedabad,Chandkheda,23.104065489934698,72.58022503805815,Apartment,2515.0,5,4,1,1,11,2,Furnished,2.8317493514945937,2.797298098207818,3.1393786768467167,5.0,82.48189355491382,7.54478131586709,18332345.0,43750.0
TXN02013,2022-04-10,Ahmedabad,Gota,23.086531102695293,72.53659118637232,Villa,1853.0,3,2,21,1,19,1,Furnished,2.141701899663029,3.1674062981468736,3.0620512953747427,15.908790298376173,80.56419925027804,9.932789588307958,14883062.0,36340.0
TXN02014,2020-07-07,Ahmedabad,Chandkheda,23.111610623616837,72.58248781818087,Apartment,596.0,1,1,6,4,4,2,Unfurnished,2.8489374324428556,3.1188508041088983,2.3966505049082683,10.720776947725792,79.1395520198327,7.534860400741978,3828999.0,9189.0
TXN02015,2022-03-13,Ahmedabad,Prahlad Nagar,23.015212089761583,72.5113302511583,Apartment,1835.0,3,2,21,12,16,1,Semi-Furnished,2.3654424546795214,3.1890660436451035,2.37704412631756,26.140053450792426,84.2778111942337,8.934445588944424,22146217.0,52659.0
TXN02016,2022-08-30,Ahmedabad,Chandkheda,23.1088972830893,72.58092871713531,Row House,1627.0,3,2,17,2,4,0,Semi-Furnished,2.9483035029784754,3.2946254654791614,2.207044080417407,20.198345961215814,79.21576132154466,8.45848660287824,12068542.0,26026.0
TXN02017,2023-12-02,Ahmedabad,Bopal,23.027602130257204,72.46891244295072,Row House,1897.0,3,3,10,1,4,0,Furnished,1.7321800904829345,3.2001484176530575,2.9578659313661864,11.320665443130974,79.03796845360465,9.268390563370854,15310506.0,38861.0
TXN02018,2024-01-30,Ahmedabad,Gota,23.09092496864165,72.54093347209583,Apartment,2187.0,4,4,12,1,13,2,Unfurnished,2.896334510692769,2.7905848724406965,2.9623749886299318,5.0,77.03069496552284,9.460440524825552,16816064.0,35329.0
TXN02019,2019-10-12,Ahmedabad,Bopal,23.033144683762526,72.47083147275087,Apartment,1989.0,4,4,7,7,17,1,Semi-Furnished,2.5433246677215102,3.3224949495610847,2.5958971916241254,8.637560457373958,91.28039610319288,7.936006475731545,16389373.0,34564.0
TXN02020,2025-02-23,Ahmedabad,Prahlad Nagar,23.0038021414124,72.50770201825452,Villa,986.0,3,4,3,2,5,1,Semi-Furnished,3.505669016620149,2.3228815280279864,2.3858849283764543,19.853475298928863,84.57592709347198,10.85365535523893,12800452.0,27399.0
TXN02021,2021-08-19,Ahmedabad,Maninagar,22.996254165296925,72.60394372100691,Apartment,1776.0,4,4,14,2,5,1,Semi-Furnished,2.6365884953340983,3.713160242325615,3.10495250754696,20.506354421977314,73.56008200160105,6.517052273823582,12439138.0,31271.0
TXN02022,2021-10-05,Ahmedabad,Satellite,23.028342768235778,72.51349138036151,Villa,1503.0,3,4,21,5,17,2,Unfurnished,2.423101153472515,2.2156453411324097,2.1365809304246173,16.428841591053,62.47713038843588,9.288918517508419,16744515.0,35485.0
TXN02023,2019-08-29,Ahmedabad,Vastrapur,23.042338826077575,72.53505303413428,Apartment,1831.0,4,3,18,1,17,1,Furnished,2.9669319742590448,3.00156089325459,1.862314994555283,12.824613780049718,75.04638794340447,7.76807026303272,20057190.0,44726.0
TXN02024,2021-08-29,Ahmedabad,Gota,23.086229895980377,72.5340142642649,Apartment,1477.0,2,1,12,9,10,0,Unfurnished,3.0235824512786733,3.234506746267839,3.351023775512748,15.683599588211418,74.97936675625627,8.940802097671586,9348353.0,26102.0
TXN02025,2019-06-20,Ahmedabad,Prahlad Nagar,23.013518452515527,72.50500539464048,Apartment,756.0,1,2,15,1,5,0,Furnished,2.266730821006975,2.1590652992508845,1.7037793032443167,8.915820560692211,76.5048716120421,11.772557304040305,10488227.0,24437.0
TXN02026,2020-12-13,Ahmedabad,Thaltej,23.053273706640407,72.51067260199258,Apartment,2061.0,4,4,20,11,19,2,Semi-Furnished,2.2821619339228576,3.7140018470502243,2.204751600937031,24.012412849603113,73.63686578429453,7.9478682663305324,21338178.0,49001.0
TXN02027,2020-07-28,Ahmedabad,Bodakdev,23.039413732738048,72.50813454100178,Row House,1957.0,3,3,11,10,11,1,Semi-Furnished,2.992755100334715,2.427685192335386,2.027974661966942,5.0,73.71849858998846,11.198302148654765,26244458.0,57773.0
TXN02028,2025-06-04,Ahmedabad,Shela,22.999114656624,72.45966965089126,Apartment,1919.0,3,3,5,9,19,0,Semi-Furnished,3.279083616787812,3.1662457987371964,3.010508631994532,5.0,92.63921907653685,8.133200601161988,13149905.0,31693.0
TXN02029,2021-11-15,Ahmedabad,Bodakdev,23.04058590867375,72.50784039905805,Apartment,2551.0,4,4,15,4,6,1,Furnished,2.0753985306305087,3.1573285362661085,1.9525462236300364,17.310002202395502,81.32451840090555,7.708218399904441,38326339.0,77308.0
TXN02030,2025-01-05,Ahmedabad,Vastrapur,23.04042345969994,72.52422285768027,Villa,877.0,1,2,19,11,14,1,Furnished,2.0295015974653423,2.0448422072469747,2.1117976262073017,10.043682985651316,64.54529319389775,8.484286789758714,10178545.0,24634.0
TXN02031,2022-09-02,Ahmedabad,Prahlad Nagar,23.012749082380665,72.50740701428055,Row House,2289.0,3,2,18,9,12,2,Semi-Furnished,1.6064685132846082,2.996400148046793,1.940284038276645,5.0,90.95906610530238,11.21336748542096,31122585.0,65264.0
TXN02032,2022-07-16,Ahmedabad,Prahlad Nagar,23.002175161420958,72.51180541401206,Apartment,1059.0,3,4,20,1,8,2,Semi-Furnished,3.253949384734689,3.1175175192634574,2.6213441775016673,17.54724644081557,92.48668367446824,10.827649503446231,12987734.0,30554.0
TXN02033,2024-04-10,Ahmedabad,Maninagar,23.001471951498164,72.60571255625797,Apartment,714.0,1,1,3,12,15,1,Semi-Furnished,2.2280241178949374,3.116964436315658,2.3017644197876947,23.00580185519493,56.65200442344583,8.41768644154524,5318756.0,12392.0
TXN02034,2021-08-19,Ahmedabad,Shela,23.01219128186456,72.46758464636109,Villa,1675.0,3,3,25,9,15,0,Furnished,3.597589427785482,4.611117175080221,3.7142849759298207,6.8803123509347355,87.34642405343301,10.41357345982018,11681299.0,27620.0
TXN02035,2020-01-31,Ahmedabad,Gota,23.086537181480264,72.54367323140443,Apartment,1876.0,3,2,17,9,17,1,Semi-Furnished,3.1346089070644254,2.639371880628233,3.233863644637791,16.889586268252458,69.96023216183332,9.745001582302384,14205934.0,33557.0
TXN02036,2023-02-04,Ahmedabad,Vastrapur,23.036948289180337,72.52891298132833,Apartment,2547.0,5,4,7,3,14,0,Furnished,2.471638395632065,3.459301414726466,2.755660527970947,24.233907827318657,69.86293641887656,6.993558376751591,29913877.0,64335.0
TXN02037,2020-10-03,Ahmedabad,Chandkheda,23.109797465843517,72.58113327775604,Apartment,1461.0,3,3,20,4,7,2,Semi-Furnished,3.1622302631260824,4.4179222161211875,2.768902301990738,8.93245588003861,75.73075092113714,12.573176707557002,10694379.0,25825.0
TXN02038,2023-01-22,Ahmedabad,Chandkheda,23.110909937073487,72.58535822740282,Apartment,830.0,2,2,19,10,12,0,Furnished,2.6082912094446464,2.961918302816991,3.307315198247196,11.061974698295408,72.85782201855552,7.672878648942358,5924905.0,13479.0
TXN02039,2023-07-20,Ahmedabad,Chandkheda,23.110232656325245,72.57995297224963,Apartment,1255.0,2,1,12,7,7,0,Furnished,3.1378153733253753,2.5596501312949966,2.3482700840268835,5.0,87.79602480880058,8.643750176570393,9400942.0,22274.0
TXN02040,2022-10-10,Ahmedabad,Satellite,23.033829249305786,72.51781576609987,Apartment,1634.0,3,2,21,3,16,1,Unfurnished,3.0935937551016197,1.814482279456707,2.8283037461532032,13.91687077862752,86.20257272622624,8.340887252030543,17633174.0,38358.0
TXN02041,2021-03-05,Ahmedabad,Vastrapur,23.039552525361607,72.53044573225186,Apartment,1226.0,2,2,15,5,9,0,Semi-Furnished,3.328449866862587,2.7566031157206483,3.0841578448955502,21.257772504915412,83.83262447283062,10.802891614877112,12402551.0,30438.0
TXN02042,2023-08-29,Ahmedabad,Chandkheda,23.10528464821749,72.58506806579769,Apartment,621.0,1,1,6,5,15,1,Semi-Furnished,2.5430101298839114,3.051211800560032,2.8231046016658063,13.059298932160281,72.84738104328505,10.934549973901524,4538175.0,10868.0
TXN02043,2025-05-08,Ahmedabad,Bopal,23.035719159404728,72.46881570170244,Row House,654.0,1,1,7,5,9,2,Semi-Furnished,2.8262894160346135,2.8422842570854496,2.7049841721252585,8.101373456957624,85.75422960060256,7.644648247699189,5174898.0,12260.0
TXN02044,2021-04-15,Ahmedabad,Shela,22.99832162727345,72.46389440940114,Apartment,1469.0,3,4,4,1,12,2,Unfurnished,3.2034407054110523,2.691243007160879,1.9069383499655126,11.860264345075027,88.81122370466791,8.9664755559657,10246297.0,20346.0
TXN02045,2020-03-13,Ahmedabad,Prahlad Nagar,23.009429362837402,72.50964239188538,Apartment,1396.0,3,4,7,9,18,1,Semi-Furnished,2.0922833117625323,2.9058596082700423,1.4494150541282451,18.482491449062703,70.79592301681123,9.208847028335581,17041513.0,41169.0
TXN02046,2023-01-08,Ahmedabad,Chandkheda,23.113411061077283,72.58281617443514,Villa,1398.0,2,1,7,12,14,0,Semi-Furnished,2.3588896898514657,3.5249323827240433,2.306520112543465,11.500514705449172,87.17398922537384,10.772731152193444,9402085.0,22311.0
TXN02047,2024-10-12,Ahmedabad,Bopal,23.025483047011143,72.46459279111019,Apartment,2600.0,5,4,25,10,11,1,Semi-Furnished,2.064054146949362,3.941600929146785,2.8874923854232457,13.60375772363024,75.09511122107615,7.762527604430234,19921595.0,49267.0
TXN02048,2021-05-03,Ahmedabad,Bopal,23.0328803785832,72.4695093451509,Apartment,2323.0,4,3,13,12,13,1,Semi-Furnished,3.285177040401475,3.5846427999926904,3.2039279382940125,21.471777675012465,83.81266043491642,8.463901026178277,16996288.0,41601.0
TXN02049,2020-03-25,Ahmedabad,Chandkheda,23.103744289128553,72.58086184897608,Villa,1872.0,3,4,4,6,13,1,Furnished,2.6262786901618016,3.9654882591892973,2.7725671369742746,17.053842455107862,78.29506739582006,9.318653363905833,13598939.0,29771.0
TXN02050,2024-04-08,Ahmedabad,Satellite,23.0286606476203,72.50991493412562,Apartment,2484.0,4,4,17,2,18,0,Unfurnished,2.138668094029054,2.8169528854194232,2.237174106133587,13.842006123827405,78.75140057428652,10.289198832561098,26313307.0,58576.0
TXN02051,2022-12-25,Ahmedabad,Bopal,23.032119865844898,72.46435215974518,Row House,1790.0,4,4,10,9,15,1,Unfurnished,2.436267707264209,2.5925894944817856,2.8515407803414416,5.0,75.86340309684367,8.871661185027252,12516640.0,31202.0
TXN02052,2020-04-18,Ahmedabad,Bopal,23.031299439676193,72.46744712910166,Row House,1465.0,4,4,0,2,10,0,Furnished,2.354304192131341,2.5260140011212857,2.1675508353825874,5.330263657350287,73.22521953631875,9.409450740093511,12447683.0,27924.0
TXN02053,2022-03-15,Ahmedabad,Bopal,23.02995584615488,72.46217570127887,Apartment,1286.0,3,3,10,8,8,0,Semi-Furnished,2.7717078650341858,3.400975201685215,3.224234180050197,10.953909769321703,89.44699417147582,10.850185429407482,9691535.0,22556.0
TXN02054,2019-04-10,Ahmedabad,Vastrapur,23.039157171533148,72.53387229810046,Apartment,2060.0,4,4,0,4,10,1,Semi-Furnished,2.095899227580616,2.103386294723827,3.024760920357867,25.889052294088742,69.8298903664193,9.125122497305638,24707330.0,51671.0
TXN02055,2021-04-19,Ahmedabad,Vastrapur,23.03585179498647,72.52996514528252,Apartment,2618.0,5,4,9,10,13,1,Semi-Furnished,2.4565526907661788,3.700540205718615,2.111361709073093,11.111513498144733,72.61049039169606,5.906716480420741,26791996.0,66024.0
TXN02056,2024-02-11,Ahmedabad,Satellite,23.024480464878092,72.51757389908305,Apartment,1119.0,1,1,9,9,16,2,Furnished,2.4439685193356726,2.7959476299888584,2.0583540835315968,18.059251889384218,84.5239334465434,10.268766618815166,14811954.0,31125.0
TXN02057,2021-04-04,Ahmedabad,Prahlad Nagar,23.009623059609144,72.50896788083143,Apartment,2096.0,5,4,5,3,15,0,Unfurnished,1.8710328627188466,2.9722390413275943,1.6371572080423067,9.544517603545007,70.06787859013012,10.734645920904676,24585248.0,55976.0
TXN02058,2023-06-12,Ahmedabad,Bopal,23.039507997068068,72.46176273535893,Apartment,2709.0,5,4,9,1,14,1,Unfurnished,2.598193692501846,2.4416028970355472,2.754482541173629,15.842702351308409,77.09246069981589,7.575828730645614,18570662.0,46698.0
TXN02059,2025-11-04,Ahmedabad,Gota,23.091482959223583,72.53923167094362,Row House,2240.0,4,3,13,4,16,0,Unfurnished,2.5725129160159232,3.9251242967553552,2.9854888860999615,10.797684552857817,79.4997979865995,9.123379827820663,14692474.0,33890.0
TXN02060,2025-10-28,Ahmedabad,Maninagar,22.98583823064305,72.6038765798348,Row House,2437.0,4,4,5,12,12,2,Unfurnished,3.4764642487098367,3.520727761603579,2.9075765809896406,22.94955812364421,57.14251387001481,8.165232683379024,17108262.0,42913.0
TXN02061,2019-08-30,Ahmedabad,Bopal,23.03216826411851,72.46326393272221,Villa,1680.0,3,2,14,4,12,2,Furnished,2.614199351363818,3.7824905585121185,2.6213873848249136,6.440854592194878,90.87178358943284,7.914301652271463,13714076.0,28667.0
TXN02062,2025-05-31,Ahmedabad,Bopal,23.026082250628228,72.46154411107409,Apartment,1714.0,3,3,9,10,18,2,Semi-Furnished,3.210645253488593,3.3571241186787413,3.1857109675318926,12.699331390671425,88.64187458594219,9.64684844600507,13556513.0,30942.0
TXN02063,2025-04-18,Ahmedabad,Bodakdev,23.037454196806113,72.50614126227298,Apartment,1030.0,2,1,18,12,18,2,Furnished,2.554133946641362,2.357216619818629,2.10457986551369,5.0,82.01858936963865,8.488003811427372,15121186.0,30390.0
TXN02064,2023-11-17,Ahmedabad,Bodakdev,23.035461689297783,72.50190439116633,Villa,2124.0,4,4,24,3,4,1,Furnished,2.008565391154766,3.2069323939446908,1.895242330111275,5.0,82.0312800818411,9.691866110715068,30983010.0,69052.0
TXN02065,2022-03-20,Ahmedabad,Thaltej,23.049529577126574,72.5070813942099,Villa,1705.0,3,2,18,3,8,0,Furnished,3.032476730033163,3.3169283380791166,2.591970621694747,5.0,76.4159633742791,8.258525271452811,15883188.0,41760.0
TXN02066,2025-11-27,Ahmedabad,Prahlad Nagar,23.008136853871907,72.50044842068476,Row House,893.0,2,2,11,8,11,1,Furnished,2.053845618069676,2.6513404332298647,2.718414466793614,22.479359886474676,75.34589979197332,11.499489272710978,13068211.0,27330.0
TXN02067,2019-08-19,Ahmedabad,Satellite,23.02901988882067,72.51575126629128,Apartment,2678.0,4,3,4,9,13,1,Unfurnished,2.138455249921237,1.4657665350013798,2.5547681701818674,14.471369077325145,80.99655058723802,8.225407012112306,26783349.0,62031.0
TXN02068,2020-03-02,Ahmedabad,Vastrapur,23.041756790927135,72.52805663727213,Apartment,1477.0,3,4,17,12,19,2,Unfurnished,2.353386643347043,2.773613617508423,2.6644801983150486,16.231335148275832,67.25446986873372,9.221173717892805,16351048.0,32184.0
TXN02069,2021-05-04,Ahmedabad,Vastrapur,23.04093179667256,72.53115116278096,Apartment,1580.0,3,2,2,7,18,2,Semi-Furnished,2.621262603662804,2.2837698378562727,2.419374185901674,15.091527077561151,67.97550035743751,9.962126445214254,21198014.0,36125.0
TXN02070,2020-12-31,Ahmedabad,Shela,23.005086698036585,72.46510503307964,Row House,693.0,1,2,14,5,13,0,Semi-Furnished,2.6426763202417076,3.2665342548133127,2.3763797874243586,11.73240011710826,81.21709914438065,8.785336330194301,4297990.0,10906.0
TXN02071,2021-06-25,Ahmedabad,Maninagar,22.98778697448993,72.6005268703859,Apartment,624.0,1,2,3,11,11,0,Furnished,2.8902334063084347,3.2329601857046155,2.8717206495604666,30.463980936642265,69.09258408155677,9.997926367636856,4840855.0,11042.0
TXN02072,2023-10-09,Ahmedabad,Thaltej,23.053723421789684,72.51811405921974,Row House,1227.0,3,4,5,12,15,0,Semi-Furnished,2.7010926734657166,4.096080937127368,2.3542677366504865,5.0,65.11276425318124,8.003543492433394,11001478.0,25391.0
TXN02073,2023-07-27,Ahmedabad,Prahlad Nagar,23.017069629250315,72.5069652042064,Villa,2056.0,3,3,13,10,16,1,Unfurnished,1.8285185243332258,2.3799481828498763,1.7207439227458554,22.185475679713136,83.48483383157287,7.154326157474353,23474806.0,49945.0
TXN02074,2022-05-25,Ahmedabad,Prahlad Nagar,23.01603816950666,72.50575419054188,Row House,2595.0,4,4,13,2,12,2,Furnished,2.5324886029575673,2.7506733546025854,2.3525532521588848,9.914636785339262,73.58367757123582,9.246685484163713,34230951.0,84687.0
TXN02075,2022-08-01,Ahmedabad,Vastrapur,23.035537623081716,72.52654185873959,Apartment,824.0,1,1,23,5,18,0,Semi-Furnished,1.9717616449790694,3.5038757539728356,2.3109453638735293,17.16905638318636,73.86893579035191,7.966934982672257,9265983.0,19214.0
TXN02076,2020-04-06,Ahmedabad,Chandkheda,23.1064980034432,72.58077253683528,Apartment,2020.0,3,4,6,6,14,1,Furnished,3.0114671352555673,3.8722194838399386,3.627790457554684,12.44024832565354,74.05080456175578,9.296546655518748,15742675.0,34189.0
TXN02077,2022-08-18,Ahmedabad,Shela,23.00767536452218,72.46170880856127,Row House,1583.0,3,3,4,9,18,2,Semi-Furnished,3.191001596312175,3.4426413042971253,2.7004211690281585,5.0,79.23579757241158,8.802308614908938,10307898.0,25758.0
TXN02078,2021-07-09,Ahmedabad,Vastrapur,23.039386001373465,72.53011926141434,Apartment,2018.0,4,4,9,11,19,0,Furnished,2.8884182297119705,2.6441410701519494,2.8705560213731367,14.498730490973555,67.66958882316608,5.693073791399371,21011787.0,55844.0
TXN02079,2019-09-27,Ahmedabad,Vastrapur,23.038394098519227,72.53146023347361,Apartment,746.0,2,1,9,12,14,2,Furnished,2.499873806509384,2.359102729925806,2.545559408469693,8.01805073804271,69.70614071820609,9.85340017196975,8552675.0,19201.0
TXN02080,2021-07-31,Ahmedabad,Bopal,23.031288829054795,72.46462488297861,Apartment,1515.0,3,4,23,5,7,2,Semi-Furnished,2.3197475444377917,3.844463480744148,2.6774173789648197,13.83251596116546,78.94710521130658,8.85273321688959,12314530.0,27651.0
TXN02081,2021-05-07,Ahmedabad,Prahlad Nagar,23.015144036333453,72.50528057686654,Apartment,2665.0,4,3,14,2,7,2,Furnished,2.1114612139705677,2.8486032235663163,1.9919815480667356,19.857677558222626,66.44953476981067,11.576708667432115,37714785.0,71234.0
TXN02082,2020-05-13,Ahmedabad,Shela,23.00353330194669,72.45444516084011,Apartment,718.0,1,1,22,1,7,2,Furnished,2.8089268378004366,3.029043932982612,3.49397172939839,24.228053479274244,78.7825766412151,9.353606088668936,5599978.0,11252.0
TXN02083,2024-06-11,Ahmedabad,Shela,23.003650420359243,72.46606433924892,Row House,811.0,2,1,9,7,9,1,Unfurnished,3.1761759565814147,3.6399400100209753,2.753020892979978,5.0,74.5895688408035,10.32167384403785,5658565.0,11894.0
TXN02084,2024-06-24,Ahmedabad,Shela,23.014984111789165,72.46515286636667,Apartment,2106.0,3,3,23,8,9,0,Furnished,2.5792826961302397,3.6022247914669716,2.2512152957510385,11.000193213862033,86.10407834502314,9.63726996605648,14787266.0,33933.0
TXN02085,2025-08-12,Ahmedabad,Prahlad Nagar,23.013114841872447,72.50473102495887,Apartment,1037.0,2,3,7,5,15,2,Furnished,1.8692656989590783,1.4243669061648123,2.0286320942081293,8.005558428525212,86.71851559982677,7.694030732622867,14247112.0,28352.0
TXN02086,2025-01-27,Ahmedabad,Satellite,23.02876810693223,72.52962604027975,Apartment,1561.0,3,3,7,4,9,2,Furnished,1.7259045270113198,2.960646856465358,2.7891250548518256,18.06962261881184,67.57518633645186,7.973123796310044,19323191.0,40746.0
TXN02087,2021-07-28,Ahmedabad,Maninagar,22.98805121726003,72.5959323488325,Villa,2621.0,4,4,11,2,5,0,Unfurnished,2.426018592643776,3.1867129042748403,2.0082196532495233,9.99965859330405,70.27634893836544,6.99119158238836,16956015.0,44334.0
TXN02088,2024-10-12,Ahmedabad,Satellite,23.02923955353123,72.51760482340438,Apartment,934.0,1,1,2,6,11,0,Furnished,2.2957131722476225,2.8424678801102066,1.720579196718985,13.17130404095417,86.79651004274926,10.451083533971678,11109824.0,25909.0
TXN02089,2019-09-15,Ahmedabad,Bodakdev,23.042928052233655,72.50926133174282,Apartment,1496.0,3,2,16,3,11,2,Semi-Furnished,1.8867285021820053,2.6569808392572463,2.0443283249930557,11.029448287849094,84.25516129532944,7.606691829730909,19860947.0,47355.0
TXN02090,2023-12-28,Ahmedabad,Prahlad Nagar,23.00419609153693,72.52061733579444,Apartment,962.0,2,2,14,7,12,2,Semi-Furnished,1.5746841916335983,2.665788273759944,1.805785303960976,5.0,77.85725068960608,7.760836124812386,12251012.0,26041.0
TXN02091,2020-09-29,Ahmedabad,Prahlad Nagar,23.010375589059908,72.51416382692544,Apartment,1893.0,4,4,7,2,10,0,Semi-Furnished,2.7809822359580143,2.895828680424436,2.6634711525499384,5.0,88.22288869571764,8.845289508851302,23613183.0,49268.0
TXN02092,2020-06-09,Ahmedabad,Shela,23.00409753203779,72.46735967719695,Apartment,1448.0,3,3,22,5,16,1,Furnished,3.048071897448745,4.020193216657709,3.350267566270397,16.152298791681833,90.94165761637927,10.251035265769447,10726886.0,22904.0
TXN02093,2025-12-16,Ahmedabad,Satellite,23.03376555701142,72.51837175643375,Apartment,1301.0,2,1,0,4,12,0,Semi-Furnished,2.558969776812119,2.4821701344809965,2.2130470204034487,5.60798159399887,75.07306677130349,7.300437264952033,14624482.0,33483.0
TXN02094,2020-10-03,Ahmedabad,Bopal,23.021060176806735,72.4680379471512,Villa,1191.0,2,3,14,5,17,0,Furnished,2.3352475833634903,3.7677320990837053,3.4972606152148806,5.0,82.35253358186638,10.001155805407482,9990775.0,23463.0
TXN02095,2023-11-10,Ahmedabad,Shela,23.000871556775387,72.46228360078949,Apartment,1298.0,2,2,9,3,4,0,Furnished,2.45332780775439,3.8339298330606413,2.2611991242359175,5.0,90.62096134809201,8.984696622077406,10241603.0,21856.0
TXN02096,2020-09-04,Ahmedabad,Satellite,23.032809839923328,72.51792701256205,Apartment,1645.0,4,3,13,10,17,1,Semi-Furnished,2.0382213602065677,2.5768461151611386,2.24700126736728,5.0,66.73829614485089,8.640108774487178,17897334.0,42865.0
TXN02097,2025-12-27,Ahmedabad,Gota,23.088627392982087,72.5409762898141,Apartment,2620.0,4,4,6,12,19,2,Furnished,2.121031909275765,2.730206121993325,3.1914506724468676,10.597416359116812,77.64721386400785,6.909704939009014,20802248.0,47564.0
TXN02098,2019-04-09,Ahmedabad,Bodakdev,23.04237094159346,72.50273871032442,Apartment,2452.0,4,3,1,10,17,0,Semi-Furnished,2.339126035959013,2.5217744872520123,1.91276584803259,12.658606170346077,94.49545912114013,10.028329465820505,35726911.0,76406.0
TXN02099,2020-11-02,Ahmedabad,Satellite,23.018141734460734,72.52190947315142,Apartment,1854.0,4,4,18,6,9,0,Furnished,2.1813078873191003,1.9259233611634023,2.452077356347777,22.05116304472536,63.77123726116828,7.843059833447587,21304824.0,52576.0
TXN02100,2020-07-09,Ahmedabad,Satellite,23.03217443608693,72.52445352441924,Apartment,1576.0,2,1,1,1,18,2,Semi-Furnished,3.45885737629991,1.988702049031382,1.807897580885607,12.48670168323867,75.7008930473968,8.485250030422204,18264677.0,41345.0
TXN02101,2020-05-02,Ahmedabad,Gota,23.088118765603337,72.53471477248348,Villa,1185.0,2,2,19,12,16,0,Furnished,3.045752124320173,3.304425351661913,2.4660053166662865,5.0,81.19878166820287,9.948975313211353,10145119.0,20638.0
TXN02102,2025-07-30,Ahmedabad,Bodakdev,23.038768008311184,72.51007593102113,Apartment,755.0,2,2,11,5,13,0,Unfurnished,2.2443066723644933,2.9923408010550228,3.3427237981411686,11.212076366852624,83.18844817814312,9.451208810618425,9351928.0,21555.0
TXN02103,2020-02-06,Ahmedabad,Shela,23.002031881297754,72.46044618087194,Row House,1070.0,2,1,7,2,12,2,Semi-Furnished,2.2099335327137264,3.8970210231190756,4.074807719848267,15.877676379031017,91.05236600638784,11.283136827759467,7507574.0,15975.0
TXN02104,2020-01-24,Ahmedabad,Bodakdev,23.034879172542368,72.5014284347321,Row House,1832.0,4,3,21,3,6,1,Furnished,2.3638268206020014,2.4701569058459096,2.252647198909364,11.254588275036445,75.54634069615948,8.489718920937143,25190996.0,54699.0
TXN02105,2022-05-08,Ahmedabad,Satellite,23.028361912791954,72.51792657414684,Apartment,1512.0,2,1,25,8,12,0,Unfurnished,2.440763855996451,1.7647600665818737,2.6099298012209995,14.809854259200144,83.44771560614547,8.629808139286915,14864439.0,38168.0
TXN02106,2024-05-17,Ahmedabad,Vastrapur,23.041096441376137,72.53571400199922,Apartment,2430.0,4,4,18,2,6,2,Furnished,2.736003248653521,3.478531756804691,2.0773791034732967,10.691379576340418,74.41950878667632,10.267436504976452,29351083.0,66350.0
TXN02107,2021-11-30,Ahmedabad,Chandkheda,23.10866717002914,72.58013602235232,Apartment,2070.0,4,3,19,3,19,0,Unfurnished,3.605999975432262,3.3954376053380146,2.713417358115802,10.671542108094089,93.19474283206964,7.412022571291385,12753554.0,34859.0
TXN02108,2024-06-10,Ahmedabad,Bopal,23.027142647591937,72.46124710985113,Row House,1061.0,2,2,20,9,18,1,Furnished,3.3332046756893527,4.015360737926522,2.440282122783733,5.874103998027309,87.31112351188543,8.866946012049844,8309550.0,19302.0
TXN02109,2023-09-01,Ahmedabad,Bopal,23.023324264886497,72.4581482343131,Apartment,2413.0,4,3,10,11,17,1,Furnished,2.4723837228744405,2.689038950260043,3.465890320617483,5.0,100.0,11.48987827848128,21089248.0,49456.0
TXN02110,2023-06-03,Ahmedabad,Bopal,23.029074522974703,72.46564606783414,Apartment,679.0,1,2,13,10,18,0,Semi-Furnished,2.2875796114872675,2.731613304904235,2.8737473867684185,5.0280366885089425,72.38591721738098,9.471527361188892,5309738.0,12370.0
TXN02111,2019-05-01,Ahmedabad,Shela,23.003515163149743,72.46546881116355,Apartment,1326.0,2,1,11,12,18,2,Semi-Furnished,2.287703273450437,3.654210856632955,3.5011295917705567,12.611058972071907,83.62173316408905,11.07272179292417,9816951.0,21080.0
TXN02112,2025-09-09,Ahmedabad,Thaltej,23.04824798942118,72.51524514523014,Apartment,1926.0,4,3,17,1,18,1,Unfurnished,2.7060933469385007,3.384841690331201,3.1515657424024592,12.151285608594119,78.92036987628008,9.16851181971117,17270097.0,43361.0
TXN02113,2020-04-16,Ahmedabad,Shela,23.001679527759848,72.45881201332823,Apartment,2788.0,5,4,8,4,6,2,Unfurnished,2.952326199385659,3.785826696934976,3.5247453860296822,5.0,84.9518483652279,9.49636977600121,18073291.0,40687.0
TXN02114,2023-06-14,Ahmedabad,Vastrapur,23.04537412148391,72.52976303072309,Apartment,2118.0,4,4,9,12,15,1,Semi-Furnished,2.3281692082759826,2.546655565095583,2.293146884751902,22.489901938278887,68.11118197135865,6.825315401766952,22667292.0,54062.0
TXN02115,2020-02-19,Ahmedabad,Thaltej,23.04544935153559,72.51646070983506,Row House,987.0,2,3,4,7,8,0,Furnished,2.5765772236939566,2.8352615013447577,1.999243526316981,18.881718601436496,69.6538787924276,10.422157194216457,10254324.0,24022.0
TXN02116,2025-10-04,Ahmedabad,Bopal,23.03122017493738,72.46264215252614,Apartment,2760.0,5,4,17,3,14,2,Semi-Furnished,3.5790265719009215,2.4842045960418195,2.6954975847837,17.317334478042632,85.45579349880742,8.871038156226916,20250941.0,47760.0
TXN02117,2019-05-05,Ahmedabad,Bopal,23.029543303790124,72.46902541397796,Apartment,781.0,2,2,11,9,19,0,Semi-Furnished,3.018694684194517,2.7427549758819447,2.489899193544793,6.605369254116196,75.21399029518247,8.973450916827039,6044102.0,13582.0
TXN02118,2022-11-03,Ahmedabad,Maninagar,22.991308046602487,72.60270602292185,Apartment,2032.0,4,3,12,12,18,0,Furnished,2.981983217485363,2.391574517125058,2.1999063885705503,22.32227496209403,71.8296270262951,6.993313083593566,16127809.0,37658.0
TXN02119,2021-07-28,Ahmedabad,Prahlad Nagar,23.013916280590973,72.50725256197553,Apartment,2249.0,4,4,10,10,13,2,Furnished,1.0101216444931382,2.435069006980849,2.379320241735743,18.451063607087836,78.50819965007575,11.319508291374536,33163995.0,67788.0
TXN02120,2020-01-13,Ahmedabad,Satellite,23.034902639632506,72.51674581013809,Villa,1474.0,4,3,2,4,14,1,Furnished,1.8486845454205276,1.6609271893033526,2.628468931711313,22.34600591095556,78.831618559634,9.226297911072699,18185429.0,40890.0
TXN02121,2021-08-19,Ahmedabad,Bopal,23.03707249170554,72.46184615269034,Apartment,1372.0,2,1,1,8,13,0,Semi-Furnished,3.548738185080794,3.1722232778357067,3.1101672147061805,7.343451264085468,79.62729718135537,9.664958671596258,12223088.0,26212.0
TXN02122,2024-12-07,Ahmedabad,Gota,23.095593742842098,72.54539706243278,Apartment,2350.0,5,4,14,6,12,0,Furnished,2.7418712570604047,4.3881803464796345,3.4072592766624843,5.0,74.10759088956836,10.226750024279504,18446855.0,45141.0
TXN02123,2022-09-24,Ahmedabad,Prahlad Nagar,23.017511610286643,72.50910963423011,Row House,1203.0,3,2,25,11,15,2,Unfurnished,1.9505991782555339,2.010230644652972,2.4530174607408877,13.519214163528972,77.08400661549823,9.042989048997471,15372205.0,35332.0
TXN02124,2024-11-04,Ahmedabad,Bopal,23.033561433323612,72.46986471045824,Apartment,1768.0,4,4,2,2,13,2,Furnished,2.2605226681004242,3.5776227664864506,2.3718894578855925,8.724381950472788,80.89572613008941,8.24670143693027,15044380.0,34761.0
TXN02125,2022-01-17,Ahmedabad,Vastrapur,23.036109351286097,72.52716027336797,Villa,2267.0,4,3,19,1,16,1,Unfurnished,2.368934812945152,2.8271846000572785,3.0218928174608286,12.833939843231565,80.65726917637703,9.925257755121427,24943488.0,51720.0
TXN02126,2022-09-07,Ahmedabad,Satellite,23.02931204920231,72.51738227316797,Apartment,1518.0,3,3,0,10,18,2,Furnished,2.655301173570949,2.8915240982785932,3.9796110579428956,16.26844799894293,67.39340028982329,6.13374968923808,18827950.0,41457.0
TXN02127,2021-06-14,Ahmedabad,Maninagar,22.99770477507752,72.60472782348545,Row House,2038.0,4,4,6,2,15,2,Furnished,2.490350912469157,3.438843708032621,2.6613545093193993,16.796235072042073,67.59027054018534,10.410953075209102,16992311.0,37845.0
TXN02128,2022-03-06,Ahmedabad,Gota,23.07854689340932,72.54244587824596,Row House,1641.0,3,4,9,2,12,2,Semi-Furnished,2.5114860676898116,4.1768020855631205,2.1413190320994957,13.991568630960314,77.14936827623765,8.202108453948679,12457460.0,28151.0
TXN02129,2023-04-11,Ahmedabad,Bopal,23.028868548941816,72.46956081861885,Villa,581.0,1,2,7,1,17,1,Semi-Furnished,3.181818019019268,3.5337088751257992,2.967404618207488,14.04631739198824,78.28907140845176,10.410943302074962,4700232.0,10304.0
TXN02130,2020-07-24,Ahmedabad,Bopal,23.03203184913561,72.4592894737246,Apartment,778.0,1,2,7,6,17,2,Semi-Furnished,2.2970512756037014,3.645761668024043,3.259244745704723,5.0,92.18108843087239,9.318277769799492,5927900.0,14075.0
TXN02131,2022-09-03,Ahmedabad,Bodakdev,23.03576789390546,72.50363569308247,Apartment,738.0,1,1,8,10,15,0,Semi-Furnished,3.2717485654753604,2.7867767545985935,2.114442195964416,7.652009127718095,84.68892812117193,8.165673785652343,9284749.0,22721.0
TXN02132,2021-08-10,Ahmedabad,Chandkheda,23.103927810800744,72.58848299161626,Apartment,1706.0,2,2,3,12,18,1,Semi-Furnished,1.8298241796948007,3.949136544525519,3.1358262637176733,5.0,72.3206924305567,10.441820488420573,13309099.0,27254.0
TXN02133,2020-10-19,Ahmedabad,Bopal,23.033906291850254,72.46331978594762,Row House,2397.0,4,3,7,10,18,1,Furnished,2.8700654324060944,2.398794142644448,3.0527063873292124,10.752839134781688,95.44235199512184,8.667982728357911,20264680.0,48392.0
TXN02134,2024-09-14,Ahmedabad,Bodakdev,23.037192704334306,72.50304415620984,Row House,2599.0,4,4,15,5,12,1,Unfurnished,2.1401821160880528,2.696605824215006,2.1292376479220807,19.195915690834624,79.08122403009648,9.771313074136975,30855024.0,72573.0
TXN02135,2022-12-30,Ahmedabad,Shela,23.00216191574467,72.46652358009494,Row House,2531.0,4,4,8,7,13,2,Semi-Furnished,2.98028471594128,3.654213355865522,3.0028596604332405,8.957143711405074,97.21837617932991,9.76644950019594,17794796.0,39718.0
TXN02136,2019-04-13,Ahmedabad,Bopal,23.025698921854957,72.46717549040505,Apartment,2186.0,3,4,4,1,17,1,Unfurnished,3.0113699914148704,2.7474987249591774,3.043515526542767,12.82901973112172,83.1852409931343,9.755337124815073,16505419.0,35341.0
TXN02137,2023-11-10,Ahmedabad,Thaltej,23.047423105205084,72.51862137928278,Villa,2288.0,5,4,4,10,15,2,Furnished,2.840465027974857,3.041362102747349,3.539273502075018,15.725097089826678,75.77883748927586,10.07507170631704,26387157.0,53310.0
TXN02138,2021-12-06,Ahmedabad,Thaltej,23.05148304653856,72.51426490373669,Row House,2443.0,5,4,6,3,14,2,Semi-Furnished,2.4103256858752875,3.0300053148282804,2.6434538314365437,14.896711212974461,75.58108524734554,10.377809451048378,26635566.0,53082.0
TXN02139,2024-05-25,Ahmedabad,Gota,23.095818138781798,72.53941273958615,Row House,2451.0,4,4,16,12,17,1,Unfurnished,2.8440647588886034,3.425468233542585,2.7425679168903674,7.419558136702912,81.04559543778775,9.485488697585623,18509856.0,38431.0
TXN02140,2020-01-17,Ahmedabad,Shela,23.00738062688252,72.45991217157251,Villa,1010.0,2,2,11,10,16,1,Semi-Furnished,2.011803036732046,4.746979009510168,2.549827378993074,9.336481041396873,92.28802032490348,8.711252132330687,6579816.0,15077.0
TXN02141,2022-10-02,Ahmedabad,Bopal,23.025511969505892,72.4624529006535,Apartment,641.0,2,2,11,8,18,1,Semi-Furnished,3.313633567355694,2.735545566911636,2.55907281396457,10.915066310847756,77.21830392429247,9.546607642979884,5437036.0,10144.0
TXN02142,2019-08-05,Ahmedabad,Vastrapur,23.04091267805376,72.53309852668096,Apartment,2674.0,4,4,12,11,14,1,Unfurnished,2.3422156252948683,2.3990149464411026,2.527885966333776,12.69656633419427,71.14505282616867,10.062543471963936,27212489.0,64653.0
TXN02143,2019-12-18,Ahmedabad,Shela,23.012147519920678,72.4708934821684,Apartment,1774.0,3,2,2,7,16,0,Semi-Furnished,3.1095000522280807,3.2661117410725646,3.624646759216562,5.0,82.01354021665959,9.063277530435329,12664384.0,24774.0
TXN02144,2022-05-01,Ahmedabad,Vastrapur,23.037910608299523,72.5271654303995,Row House,2128.0,4,3,22,10,17,2,Unfurnished,2.525129799836488,1.8879482534188585,2.150281705078359,28.8979167968508,77.90724701973555,9.428660586639776,22799858.0,50124.0
TXN02145,2021-09-20,Ahmedabad,Vastrapur,23.038828936529907,72.53631425601527,Apartment,2469.0,4,4,17,9,17,2,Semi-Furnished,2.837185456340767,2.1510951513639878,2.0122506835960685,19.917756615827297,80.06639250224336,9.585709382004454,29266964.0,68254.0
TXN02146,2023-02-25,Ahmedabad,Shela,23.003778891442675,72.46694615330395,Apartment,823.0,2,1,13,7,16,1,Unfurnished,2.9932295961653264,3.8395264517057934,4.118200037541566,5.0,84.40646446693334,11.662250880325315,5420771.0,11893.0
TXN02147,2024-10-19,Ahmedabad,Shela,23.0121490418113,72.46397660125118,Villa,1039.0,2,2,20,1,15,1,Furnished,3.6071453395077424,3.835498663488284,2.174597754277272,11.5857200127524,81.82079496868465,10.917322724822197,7731616.0,17654.0
TXN02148,2021-01-31,Ahmedabad,Bopal,23.027329998627465,72.46293168170561,Apartment,882.0,2,2,15,5,10,0,Semi-Furnished,2.024588721780781,3.8515857853770212,3.1922863660286125,9.55327642740903,83.0013314572543,9.14020730733786,6906565.0,15918.0
TXN02149,2025-12-17,Ahmedabad,Vastrapur,23.046247675514767,72.53106399427904,Apartment,2759.0,5,4,20,6,18,2,Furnished,2.503799658702865,3.1755081336548514,2.9201125729773056,14.947337132879124,70.42697737750451,9.187582478930242,34593086.0,77067.0
TXN02150,2024-11-23,Ahmedabad,Bodakdev,23.037821154120977,72.51045363794759,Apartment,1976.0,5,4,23,11,12,2,Unfurnished,2.455827348836894,2.502684531297726,1.8501527289774482,5.398489952330312,81.09879601330361,9.600111469519824,23792474.0,60648.0
TXN02151,2019-09-15,Ahmedabad,Vastrapur,23.04734608918032,72.52968468129939,Apartment,2046.0,4,4,1,11,12,2,Unfurnished,2.3724560960862098,2.1931408538307986,2.0973550744929046,13.124626455762154,81.55428268864749,8.853876413032134,23067202.0,45235.0
TXN02152,2021-09-05,Ahmedabad,Prahlad Nagar,23.01099293565805,72.51265486928608,Villa,2218.0,4,4,24,12,12,0,Unfurnished,1.7135914833269288,1.6994695326027256,2.675914447112279,29.280295457933367,81.9044822296654,9.776526032752546,24640817.0,62829.0
TXN02153,2021-01-30,Ahmedabad,Bodakdev,23.04004935073204,72.50834760619173,Apartment,2604.0,5,4,23,1,18,0,Furnished,2.1147530555011005,3.4169710276993936,2.359180449422148,7.944361065746863,87.02458771321375,10.765330191404415,35942004.0,86695.0
TXN02154,2025-12-22,Ahmedabad,Bodakdev,23.03300561839423,72.50559791187437,Apartment,2639.0,4,4,17,12,15,1,Semi-Furnished,1.9104601082775134,2.7506319416439076,1.8260151297968843,17.39894038579716,88.31924820556222,9.482503746269682,35663534.0,83822.0
TXN02155,2024-02-01,Ahmedabad,Maninagar,22.99247319417807,72.60253600324717,Apartment,2589.0,5,4,3,5,15,2,Unfurnished,3.027337589157734,2.4663312549871828,2.3264977436027694,9.838445620445942,69.48288350497792,9.233182448357109,19995168.0,42106.0
TXN02156,2021-10-20,Ahmedabad,Thaltej,23.047842128393604,72.51280290041787,Apartment,923.0,1,2,4,10,12,0,Semi-Furnished,2.263117121367942,3.4018637510000223,1.78196503857324,16.234126138559777,65.91398452798985,8.005411364960286,9106944.0,21701.0
TXN02157,2025-09-24,Ahmedabad,Maninagar,22.994414559733272,72.60647742416779,Apartment,1271.0,2,2,20,3,5,1,Furnished,2.7903803024440923,2.3067395220496936,2.6904846628615644,17.249687261633994,76.03092030507788,10.423899386672975,10466340.0,24567.0
TXN02158,2020-08-17,Ahmedabad,Prahlad Nagar,23.0145311538929,72.50861169707106,Villa,2654.0,5,4,17,4,9,1,Semi-Furnished,2.575970225154352,2.6674303643537574,2.0660766577022005,13.248332680775299,76.362531136,8.81798162916226,35721618.0,72566.0
TXN02159,2025-09-05,Ahmedabad,Bopal,23.020333953845014,72.47006201908953,Apartment,2484.0,4,4,6,8,16,0,Semi-Furnished,3.253081377894211,3.164934398714254,3.1032993645973055,5.9144923186591045,88.81086894277912,9.539063468399931,18296558.0,45908.0
TXN02160,2019-10-21,Ahmedabad,Bodakdev,23.037130023745053,72.50736787759487,Apartment,586.0,1,1,7,5,6,2,Unfurnished,1.8238491586583196,2.9534586946310495,2.5516743602637066,7.630685417061576,81.77474011919378,7.738455933393241,7485214.0,16477.0
TXN02161,2025-01-02,Ahmedabad,Gota,23.086420938321528,72.5350159047205,Apartment,1313.0,2,3,3,1,8,2,Semi-Furnished,2.437163421890544,3.5235299427308227,3.0110064443340283,6.631076888793744,81.51079995409533,11.773204287536135,10836867.0,21617.0
TXN02162,2024-11-28,Ahmedabad,Maninagar,22.989833587464478,72.59798276571698,Apartment,2731.0,5,4,24,2,14,1,Unfurnished,3.0351160221527542,4.139518865639268,2.278204009283908,23.225995660414064,73.3796828030855,9.03755469101538,18898404.0,46284.0
TXN02163,2024-11-11,Ahmedabad,Satellite,23.032142900698084,72.51711704120115,Apartment,2531.0,5,4,18,7,14,0,Unfurnished,2.251291661576565,2.4707968036192245,2.546099620198414,15.301230310487743,78.87424006160747,11.27141759640159,28581317.0,61785.0
TXN02164,2025-02-10,Ahmedabad,Maninagar,22.992836826705556,72.60796858493374,Apartment,2207.0,4,3,15,12,19,0,Unfurnished,2.7011144912587257,2.2036844172546255,3.3460058991565726,19.52944035819601,74.12835481361991,8.11666400117189,13238201.0,35466.0
TXN02165,2019-07-25,Ahmedabad,Thaltej,23.05094378498178,72.51831534005031,Apartment,682.0,2,1,3,1,10,0,Semi-Furnished,2.4557977665278936,3.5106117548624995,3.6017056726972188,5.0,89.21473676199201,9.64019550376423,6529638.0,14535.0
TXN02166,2023-12-19,Ahmedabad,Bopal,23.027465854986463,72.4719228069696,Villa,1483.0,2,2,14,12,17,2,Semi-Furnished,2.4434397816081432,3.9815468818531077,2.183596754054799,18.481508995486003,84.35138693046292,11.178864569303151,11040784.0,25160.0
TXN02167,2022-12-02,Ahmedabad,Prahlad Nagar,23.014169471803015,72.50730839053655,Apartment,1304.0,2,3,15,3,10,0,Unfurnished,1.7609822914933868,3.553202626883835,1.6521387165879102,13.676652502938346,78.85058746613826,9.830408199834274,15148401.0,35832.0
TXN02168,2021-07-09,Ahmedabad,Bopal,23.03637304338314,72.47009293703374,Apartment,674.0,1,1,17,6,14,2,Semi-Furnished,3.0770008961866724,2.110085171514389,3.376293783127697,5.99647582556263,90.35729327333321,11.650313334317657,5604640.0,11997.0
TXN02169,2024-10-11,Ahmedabad,Bodakdev,23.045585559189323,72.50933490992534,Villa,1645.0,2,1,19,2,6,2,Furnished,2.035993059159481,2.5998020116651372,2.022709733660121,5.0,82.9349591645273,11.625831021285853,24154061.0,53287.0
TXN02170,2020-05-26,Ahmedabad,Bopal,23.028048504208968,72.46053269839769,Apartment,1195.0,2,3,8,9,9,2,Furnished,2.8574930621165464,3.0282956255212055,2.886454474714437,19.081599362720542,82.59243725133153,11.86636491711619,11280699.0,22825.0
TXN02171,2019-02-03,Ahmedabad,Vastrapur,23.039194645648905,72.53341715267956,Apartment,1073.0,1,1,13,9,10,1,Semi-Furnished,2.6807804005353963,3.6984911180173237,1.9743906516251357,9.847285192534803,80.71634123701251,9.141575211237294,10849126.0,26728.0
TXN02172,2023-12-08,Ahmedabad,Prahlad Nagar,23.005034552461737,72.50843260315185,Villa,2532.0,5,4,10,6,6,0,Semi-Furnished,1.9903343231684658,2.5156592569804115,2.6170755401599624,11.848804222468859,83.7126286974142,7.620463466813957,28290370.0,72417.0
TXN02173,2024-06-01,Ahmedabad,Maninagar,22.995539491716645,72.60057893347684,Apartment,1235.0,1,2,6,7,19,0,Semi-Furnished,1.9653285548665393,2.61999412033067,2.219855884418461,24.044476941378207,80.16700855811337,9.606560207991961,8741554.0,20432.0
TXN02174,2019-10-12,Ahmedabad,Maninagar,22.999948048265125,72.60409406563136,Apartment,1966.0,4,3,9,9,17,1,Furnished,2.826262448558757,3.7013280564974753,2.4858298987601537,18.787635361134203,61.83720491933741,6.333237837093138,14552848.0,33412.0
TXN02175,2025-09-22,Ahmedabad,Satellite,23.035449277755898,72.52023497275573,Apartment,997.0,1,2,21,7,9,0,Unfurnished,2.710469736465371,2.1444588836450804,2.548023159258136,12.333543995929158,69.28113446180511,9.736011699055329,10647258.0,24042.0
TXN02176,2025-05-23,Ahmedabad,Chandkheda,23.115048756089713,72.57938323355857,Row House,1344.0,2,3,2,3,13,2,Unfurnished,2.8641208735312467,3.668797636050589,3.081147036001866,18.56866331644266,72.6328947812107,9.928614043154546,9674638.0,21464.0
TXN02177,2025-01-14,Ahmedabad,Shela,23.00731799302799,72.46623224969224,Apartment,1037.0,2,1,12,7,18,0,Furnished,2.8659311197645527,4.108225153877916,2.1946195210805834,5.0,96.80675781371706,8.039237310783761,7729205.0,16579.0
TXN02178,2025-07-30,Ahmedabad,Shela,23.01263138685602,72.46874495056065,Villa,760.0,3,2,22,11,14,0,Semi-Furnished,3.3218524748656275,3.1772599576518172,2.681859644855154,5.0,90.26526368451837,9.913241587291955,4955701.0,11637.0
TXN02179,2022-01-09,Ahmedabad,Bopal,23.03090914560222,72.46655761485307,Row House,2180.0,4,4,1,1,5,2,Furnished,2.0988047131892933,2.835943999459563,2.5469812519093105,12.791115476234506,80.3165756203853,8.561152218756664,20108042.0,38442.0
TXN02180,2021-06-29,Ahmedabad,Shela,23.00371942745439,72.46711663645566,Apartment,715.0,1,1,25,10,16,1,Semi-Furnished,2.6085713941702284,4.192068622548614,2.9443356578165365,14.7828412409958,83.67073688223701,10.24340706990547,5164794.0,10728.0
TXN02181,2019-11-21,Ahmedabad,Chandkheda,23.109334819443365,72.58227329306143,Row House,803.0,1,2,3,6,12,2,Semi-Furnished,2.5342373328562195,3.4143090096049913,2.904464250211128,15.170057551353132,92.56653876347806,9.850145616684928,6050268.0,12811.0
TXN02182,2023-10-09,Ahmedabad,Shela,23.00328669488369,72.47060814374801,Villa,2692.0,4,3,25,3,16,1,Furnished,3.486016298869391,3.895304444253454,2.470901336367307,5.0,81.61077104521654,8.058016031911329,18854976.0,42202.0
TXN02183,2022-07-23,Ahmedabad,Prahlad Nagar,23.013694371209407,72.50795487005887,Apartment,1634.0,2,2,22,1,12,1,Semi-Furnished,2.490469653285014,1.653896273956842,1.915989122425482,9.903588866950724,83.98294122479832,7.450653605934139,20780724.0,45728.0
TXN02184,2019-08-10,Ahmedabad,Maninagar,22.994678750645946,72.5984185458433,Apartment,1313.0,2,3,4,10,10,1,Semi-Furnished,3.456145665503029,2.47910674557425,2.6184240823839473,27.926920684473007,64.26300813801723,6.868831334982609,9248651.0,22786.0
TXN02185,2023-01-17,Ahmedabad,Thaltej,23.045594322135305,72.51819731282693,Apartment,578.0,1,2,21,6,14,0,Semi-Furnished,2.935447425867474,3.30249178805135,3.4270411299207715,13.237524447631838,72.92220306175062,8.535689787846055,5155415.0,13240.0
TXN02186,2024-06-08,Ahmedabad,Vastrapur,23.04161845288486,72.52646494899886,Apartment,1590.0,4,3,15,1,4,0,Semi-Furnished,2.6375885794707186,2.415106036492327,2.285379188373124,23.458063689079445,69.89662031164752,9.005536157925523,16569612.0,42573.0
TXN02187,2023-12-18,Ahmedabad,Satellite,23.029312268425855,72.5212024568291,Apartment,1791.0,3,3,2,5,8,1,Semi-Furnished,2.2042922639099407,2.7807050259744743,2.204382011488215,22.971621954931607,67.00902662364608,7.7561601981855794,21223917.0,41317.0
TXN02188,2022-07-27,Ahmedabad,Prahlad Nagar,23.008257141578028,72.5127367174388,Row House,2528.0,4,4,15,8,12,1,Furnished,2.6720930802528016,2.6294284643043038,1.977744171063788,5.0,90.35339360063071,9.471341815925472,32800561.0,73554.0
TXN02189,2023-10-02,Ahmedabad,Prahlad Nagar,23.013118993561545,72.50003323866142,Row House,2475.0,4,4,21,7,17,1,Semi-Furnished,2.7533543298969763,2.2281547427638495,1.0658636848212883,27.7320126004965,82.67115673474737,9.458958134750498,29889293.0,64736.0
TXN02190,2019-03-24,Ahmedabad,Bopal,23.035082000085325,72.45868544612135,Apartment,1088.0,2,3,21,2,15,2,Furnished,2.6356211745035183,4.197953094641055,2.623059375040991,20.534576160197762,80.54914506670917,10.810737317585655,9182028.0,21314.0
TXN02191,2024-05-25,Ahmedabad,Prahlad Nagar,23.014105078931856,72.5103834046392,Apartment,2519.0,4,4,16,9,15,1,Semi-Furnished,2.695029366024568,2.3179894322942047,1.9064361010138233,5.0,80.95260570840922,9.688365008819657,33057124.0,72881.0
TXN02192,2021-11-06,Ahmedabad,Thaltej,23.04853302587427,72.51883656708519,Apartment,2154.0,3,4,2,3,13,0,Semi-Furnished,2.9674561776693817,2.7520292879265127,2.7527067558049834,15.293641066533736,68.17992504807016,9.363068553011397,22567186.0,44677.0
TXN02193,2025-05-22,Ahmedabad,Chandkheda,23.109005246096746,72.57241059125742,Apartment,859.0,2,1,13,6,11,1,Semi-Furnished,2.4541732618708996,2.773365996445598,3.440240938682592,17.26267250510758,81.97473705195068,9.738715527107102,5868216.0,12547.0
TXN02194,2022-09-05,Ahmedabad,Bodakdev,23.037363308268922,72.50933262657051,Apartment,704.0,1,1,22,10,12,0,Furnished,2.207268576554608,2.1733615507684965,2.729014540185983,26.114218837289442,81.33637466995253,10.96681650708643,10292873.0,22026.0
TXN02195,2021-01-01,Ahmedabad,Vastrapur,23.040432788341032,72.5318220783361,Apartment,2366.0,4,4,11,4,14,0,Furnished,2.765012452829558,2.964529164796047,2.5367529318204265,17.73152556301768,65.29370390827819,8.4589675218932,24464464.0,63899.0
TXN02196,2023-11-23,Ahmedabad,Shela,23.00601059729807,72.46570458626937,Apartment,2264.0,4,3,2,12,19,1,Semi-Furnished,2.6050753109747036,2.360176730889196,3.9398986079419434,5.450421479461865,82.03194168543888,11.011302052952091,15815311.0,34146.0
TXN02197,2025-10-24,Ahmedabad,Bodakdev,23.03973228608865,72.50618319090896,Villa,2023.0,4,3,9,11,11,2,Semi-Furnished,2.0316813236181024,3.8773927590032304,2.6561429463521176,5.0,85.0949794883826,10.488848427535627,29225569.0,62839.0
TXN02198,2021-11-20,Ahmedabad,Satellite,23.03624964855475,72.51741516157215,Row House,1630.0,3,2,5,2,9,2,Semi-Furnished,2.7308948359331464,2.9870965601663704,1.345981681621189,11.211344540785898,72.96712784258409,8.363963886506477,20066672.0,39908.0
TXN02199,2020-03-10,Ahmedabad,Thaltej,23.052826927701883,72.5142898370662,Apartment,923.0,1,1,16,9,16,0,Unfurnished,2.8506165252473927,2.6156939070758263,2.668344054248495,9.431111576575834,78.5119724815043,10.97264494686936,8855902.0,17237.0
TXN02200,2021-07-29,Ahmedabad,Vastrapur,23.04513922839674,72.52814052056694,Row House,1979.0,3,4,21,8,13,1,Semi-Furnished,2.364823560978952,1.7552145154271253,2.8678905570655235,19.154262609420876,74.97700453248856,11.45391498474329,21669115.0,49749.0
TXN02201,2025-04-20,Ahmedabad,Bopal,23.02989933479536,72.46542667610282,Apartment,1389.0,3,3,12,10,18,1,Semi-Furnished,2.4277144498811447,3.5747281490213334,2.7097647298502467,16.889676785409677,82.7753019034162,9.562855000900091,11460341.0,24584.0
TXN02202,2021-08-04,Ahmedabad,Maninagar,22.990926822599796,72.5979239040534,Apartment,2770.0,5,4,5,10,11,0,Furnished,2.2262249509562864,3.023559513343189,3.481695751557936,17.298677785506637,58.47644448654944,9.188725749910402,22637959.0,50081.0
TXN02203,2025-04-29,Ahmedabad,Prahlad Nagar,23.005831645399017,72.50921580299959,Apartment,2328.0,4,4,23,11,14,1,Furnished,2.279555511166025,2.911804651683029,2.0858489490041108,24.53307695800328,86.11436262984938,8.545027807748793,29685261.0,64941.0
TXN02204,2020-03-02,Ahmedabad,Bodakdev,23.03829063381749,72.50696572135597,Apartment,2762.0,5,4,10,12,19,0,Semi-Furnished,2.361306244024165,3.009392555267785,2.5186020044222737,10.05908155202296,83.88732772624829,8.047583702954167,35813628.0,77594.0
TXN02205,2023-05-12,Ahmedabad,Gota,23.095933608022637,72.53860999120315,Villa,2162.0,4,3,24,3,17,1,Furnished,2.2386924548344687,3.253080320420654,2.8624601858683665,14.989572384429191,89.34610701770987,10.974758498553435,18694078.0,40482.0
TXN02206,2024-02-25,Ahmedabad,Satellite,23.031566182399153,72.5239902751094,Apartment,587.0,1,1,25,6,8,1,Semi-Furnished,2.2444055938398493,2.9942730178729415,2.363476435225556,6.155964510963367,68.60928544683443,8.97425957288574,6274443.0,15632.0
TXN02207,2020-03-11,Ahmedabad,Maninagar,22.99360912492359,72.59756692607137,Villa,2116.0,4,4,22,1,14,0,Semi-Furnished,2.41165000721173,2.441526077989795,3.1711484055588457,15.939438843176797,69.9159554809702,9.323520839345882,15990928.0,35551.0
TXN02208,2024-06-23,Ahmedabad,Prahlad Nagar,23.01984878484031,72.50202362878866,Apartment,895.0,1,1,7,10,18,0,Semi-Furnished,1.987882524943088,1.8769053018584807,2.8893339902240527,12.609108014533145,74.64086291639083,8.23301014612676,10060130.0,26360.0
TXN02209,2021-03-13,Ahmedabad,Maninagar,22.990940998214583,72.60482869226534,Apartment,1440.0,3,3,25,6,7,2,Furnished,2.6590927921183223,3.1539851493997357,2.6497094214717403,27.523793236490818,72.18569948417863,8.292534170132088,11682592.0,27384.0
TXN02210,2025-05-01,Ahmedabad,Gota,23.094117745000602,72.53443566212657,Row House,1283.0,2,2,15,10,14,1,Unfurnished,2.534386036446609,3.4035599215895314,2.632688291979609,12.864316667872579,92.71195677368715,9.279546658856033,9165283.0,20872.0
TXN02211,2022-08-29,Ahmedabad,Gota,23.08694409110141,72.54031696811296,Apartment,2727.0,5,4,1,12,19,1,Unfurnished,3.057473652492831,2.8343042638023714,2.8025297738824633,8.569451387008588,74.72997436344698,7.86329384447977,19805049.0,45108.0
TXN02212,2024-06-24,Ahmedabad,Bodakdev,23.038627749377284,72.50574744068953,Apartment,1926.0,3,2,21,5,17,1,Semi-Furnished,2.160174705984513,2.413500100035775,2.1957850471457814,14.354791053159026,86.2029388264446,7.846306748624183,25562591.0,57031.0
TXN02213,2024-03-05,Ahmedabad,Gota,23.093213019819444,72.53899043845195,Villa,2328.0,4,4,7,7,18,1,Semi-Furnished,2.831812141052501,3.970312057074581,3.355029556529548,5.0,75.36789676062081,8.32305496755941,15363291.0,40400.0
TXN02214,2025-07-14,Ahmedabad,Maninagar,22.998896565103603,72.59875315782719,Row House,1033.0,2,2,2,6,7,1,Semi-Furnished,2.7381339888326495,2.6727725752595437,2.3597803008432696,10.615142004650536,65.25288922103726,9.302152037381585,6709435.0,17989.0
TXN02215,2024-05-19,Ahmedabad,Bopal,23.034120358452984,72.46744277364641,Apartment,1727.0,2,1,16,2,12,1,Furnished,2.5697141256869833,3.3161253189814692,2.256507952095462,19.51378827820005,86.10097123639746,10.569590785327287,14759957.0,32020.0
TXN02216,2022-04-05,Ahmedabad,Maninagar,22.991688337196926,72.6118748226878,Villa,703.0,1,1,6,12,13,1,Unfurnished,2.6490813850155273,3.102297293883087,2.126659074095418,24.515865048649612,70.63168588401525,8.446251139678347,5031990.0,10921.0
TXN02217,2024-06-15,Ahmedabad,Bopal,23.03255038998404,72.47401420802355,Apartment,1429.0,3,2,16,6,17,1,Semi-Furnished,2.5793711436392894,2.8593536585789625,2.899209023225346,5.51842891142388,81.17273442811566,10.2287831537488,10548368.0,26533.0
TXN02218,2021-08-15,Ahmedabad,Bodakdev,23.039979876141313,72.51538811696109,Apartment,2462.0,5,4,0,2,17,1,Semi-Furnished,2.6529619251725314,2.8423195207044274,2.25623962141789,14.955970925765362,74.26499169744964,9.323020901014816,33067826.0,72785.0
TXN02219,2022-02-15,Ahmedabad,Shela,23.001143335053243,72.46488082497866,Villa,2248.0,4,3,18,6,8,0,Semi-Furnished,2.7601113812391995,3.2449811294459754,2.961342591766286,8.548878728192042,94.72699330447591,9.008448421250264,15421371.0,34446.0
TXN02220,2023-07-23,Ahmedabad,Thaltej,23.047293241984164,72.50984879376036,Villa,561.0,1,1,1,8,18,0,Unfurnished,2.606385080406255,3.0208763518384623,2.5361099763837034,10.816898219444395,71.69320490340891,9.528188228683915,5035580.0,11097.0
TXN02221,2020-07-30,Ahmedabad,Gota,23.08811819732405,72.54185832070233,Villa,2308.0,5,4,7,10,12,2,Unfurnished,2.0544897089858063,3.2900036610466854,2.4573530686589193,5.0,73.46517661358888,11.284694334358804,17373661.0,37723.0
TXN02222,2024-09-01,Ahmedabad,Gota,23.089456504102554,72.54307657067754,Villa,1784.0,3,2,1,4,6,0,Furnished,2.9085309413437725,3.1291564568738557,3.043611694219565,12.740429555236455,85.4437073376252,7.503593020512848,14362884.0,32440.0
TXN02223,2023-06-26,Ahmedabad,Thaltej,23.055197123960625,72.51476722323108,Apartment,1925.0,4,4,16,3,16,1,Furnished,2.6204523278762095,3.3993288561589887,1.8252609483251876,17.056674488937006,79.43306117170928,10.273616395145027,20436407.0,46533.0
TXN02224,2019-03-11,Ahmedabad,Maninagar,22.987952425814832,72.59755148548405,Apartment,2505.0,5,4,22,9,16,1,Furnished,2.134800460003884,3.262156072313689,2.6726522179605015,10.68450124663765,66.09136892169394,8.404984112363573,19284001.0,46700.0
TXN02225,2022-05-22,Ahmedabad,Chandkheda,23.11328430822312,72.5747709927689,Apartment,1331.0,4,3,19,3,14,0,Semi-Furnished,3.0594826361596006,3.6899550112172004,2.3180698526564294,22.87932777691484,81.7661219089995,11.27670582074363,10013676.0,22018.0
TXN02226,2024-11-05,Ahmedabad,Shela,23.012253375601066,72.46662509929685,Apartment,1321.0,2,3,14,12,15,2,Semi-Furnished,2.408102066581809,3.031083642318288,3.097474763740234,5.0,89.26639619111315,9.665934991491365,9875202.0,20455.0
TXN02227,2021-10-13,Ahmedabad,Maninagar,22.9987970777902,72.59792373474768,Apartment,1384.0,3,4,21,6,10,0,Furnished,2.6913619912539475,3.714905325687522,2.8992361444673325,9.833036967048978,72.00960311119704,11.23915378548309,10864686.0,23783.0
TXN02228,2021-03-15,Ahmedabad,Maninagar,22.992913934239546,72.6043963554409,Apartment,1495.0,2,1,20,11,19,2,Unfurnished,2.7991046285441943,3.5066032108438923,2.2860406563546696,23.189756212449097,72.03635396929161,7.236021136053662,9439916.0,25838.0
TXN02229,2022-11-11,Ahmedabad,Maninagar,22.999152284750032,72.60100519289924,Row House,2707.0,5,4,4,6,6,1,Semi-Furnished,2.105090309512187,3.358001033155705,2.390872091462892,24.69643287609426,63.21792843459288,11.537760793152106,21394746.0,45141.0
TXN02230,2021-08-18,Ahmedabad,Shela,22.99799568246341,72.4651914255908,Apartment,602.0,2,3,8,4,14,2,Unfurnished,3.0696038720792274,3.6958836304565996,3.1864423112355813,10.148603144344698,69.40652137061431,11.9336753279218,4496921.0,9969.0
TXN02231,2020-06-21,Ahmedabad,Maninagar,23.006487844126397,72.59978888281042,Row House,1579.0,4,4,9,5,12,1,Unfurnished,3.2914335390437754,2.3758621437825376,2.0947078629602336,18.24873754030682,76.66953492349674,10.253022166492855,10827191.0,24725.0
TXN02232,2022-12-11,Ahmedabad,Shela,23.00925706411608,72.46532202535417,Villa,2022.0,4,3,21,11,18,1,Unfurnished,2.804323960665447,3.929592379835196,4.022112310281639,5.0,86.05705560709336,8.374994388931423,12024428.0,27148.0
TXN02233,2025-10-17,Ahmedabad,Gota,23.08642114911844,72.53736628279768,Apartment,2491.0,4,3,2,10,19,1,Furnished,2.838223991279702,3.400132974700869,2.5236698847877372,5.332175918511943,83.14207449691192,9.108818704925774,20320411.0,44508.0
TXN02234,2021-04-24,Ahmedabad,Gota,23.088251835762268,72.53847043944593,Villa,1265.0,2,3,25,3,4,1,Semi-Furnished,3.6041518005289124,3.902993285344331,2.999445185336137,17.426219377319285,80.54597893015554,10.045874439966424,9237334.0,24354.0
TXN02235,2021-08-22,Ahmedabad,Gota,23.093619404478165,72.53908609096158,Row House,2525.0,5,4,20,5,15,0,Semi-Furnished,2.4798819071810474,4.056660762470427,2.847016891401714,20.040854815968892,84.92777342499326,7.550223745903235,17214403.0,42808.0
TXN02236,2024-08-09,Ahmedabad,Maninagar,22.991648770003806,72.59952098435402,Apartment,2304.0,4,4,7,2,18,1,Unfurnished,2.8145833916227456,3.242073364391366,2.741917118222192,24.4007895556851,67.58506329480106,6.175771692906604,14325093.0,34417.0
TXN02237,2023-08-14,Ahmedabad,Satellite,23.033535684713833,72.5154049361335,Row House,2582.0,5,4,1,11,11,1,Furnished,2.2258862666159307,2.5235801714010733,0.6890981218964363,21.544015490779124,67.0856249784481,8.81120033482896,31194861.0,73185.0
TXN02238,2019-02-10,Ahmedabad,Gota,23.08449431820774,72.54945785930991,Apartment,1139.0,2,1,24,1,10,0,Semi-Furnished,3.2128430890760606,3.9979851415306826,3.65748810548483,18.26488309267741,87.07896643869357,11.717499526550458,8680034.0,21521.0
TXN02239,2025-07-14,Ahmedabad,Bopal,23.025379826687207,72.46551206138732,Apartment,2354.0,5,4,20,3,9,1,Furnished,2.988732090484035,3.1458983123533826,2.814945451287801,5.0,80.73239801153589,11.786657991189877,21565035.0,48634.0
TXN02240,2020-02-04,Ahmedabad,Bopal,23.026859930204584,72.46271854669095,Villa,2603.0,5,4,14,11,11,0,Semi-Furnished,2.455859748419159,2.9038942809236357,3.150250736818281,20.129843342374016,83.57199769502422,8.286125161958532,18504318.0,42368.0
TXN02241,2020-08-24,Ahmedabad,Chandkheda,23.10668558445393,72.57792009503028,Apartment,642.0,1,1,21,9,13,0,Furnished,2.7400644326875887,3.9953310478481345,2.6006763838411753,8.93981784112663,77.99172790855994,9.818082170750786,4515424.0,11817.0
TXN02242,2021-11-09,Ahmedabad,Bodakdev,23.040212856404494,72.50783292804891,Apartment,1779.0,3,4,14,10,15,0,Furnished,2.336080934280641,2.4460569026870753,2.019424575550309,11.194986341881936,82.5501341032113,7.792696278549262,22795602.0,54178.0
TXN02243,2024-02-17,Ahmedabad,Prahlad Nagar,23.01540927665626,72.5121505246196,Apartment,1382.0,2,3,16,9,11,2,Semi-Furnished,3.179298113854237,2.1072394532433645,2.4536990256192555,7.680354761775661,79.10384130381146,8.961373980374619,18196917.0,40720.0
TXN02244,2024-03-26,Ahmedabad,Bodakdev,23.04274440326736,72.49898275768525,Apartment,616.0,1,1,9,7,13,2,Furnished,2.50134034660445,2.8286646203169163,2.652916393095624,5.054086741309975,87.93380684290324,7.376511159140082,9277227.0,19659.0
TXN02245,2025-09-23,Ahmedabad,Prahlad Nagar,23.01212215172353,72.50029468842143,Apartment,851.0,1,1,9,12,19,2,Unfurnished,1.9910769608753285,1.946445761590292,2.1134608029587856,12.017777055695069,74.99114781918078,8.42247653998211,9911384.0,23335.0
TXN02246,2023-08-04,Ahmedabad,Vastrapur,23.03447273063487,72.53726635247125,Row House,2349.0,4,4,23,11,12,1,Unfurnished,3.089232923928579,2.82482335990582,2.59428871261938,17.22502079573295,71.52155137997627,10.007363205411304,22764751.0,54980.0
TXN02247,2024-06-24,Ahmedabad,Maninagar,22.99360267120409,72.59142773917822,Apartment,837.0,1,2,21,5,13,2,Unfurnished,2.6620557471796067,3.0949226656152193,2.3269339341641766,32.03632976779682,71.37017790471275,10.05762942520716,6361460.0,13577.0
TXN02248,2025-07-23,Ahmedabad,Prahlad Nagar,23.007460325907413,72.50324789450993,Apartment,2796.0,5,4,14,4,7,2,Semi-Furnished,2.487994104902163,2.032276480723331,1.9772476383222637,17.410677243152332,74.0493595857036,11.686156316759067,36058001.0,82396.0
TXN02249,2023-09-28,Ahmedabad,Thaltej,23.041205522059556,72.51438480761831,Villa,2790.0,5,4,14,4,14,2,Unfurnished,2.924983292181175,3.148718072707074,2.683432723323431,12.349776826516624,72.97276764612823,11.027127815727289,25988138.0,62702.0
TXN02250,2020-05-25,Ahmedabad,Satellite,23.028090688866136,72.51786820378575,Apartment,1147.0,1,1,11,9,18,0,Semi-Furnished,1.9621537074803403,1.6076044791491122,2.7958662783507444,20.297880776039214,59.45652924608008,5.285970216632753,11598618.0,29640.0
TXN02251,2024-06-23,Ahmedabad,Chandkheda,23.110237948721178,72.5753713297324,Apartment,560.0,1,1,6,4,18,2,Furnished,2.7781494141499268,3.94987388016983,2.778384023782028,8.879101167177382,86.14989442673134,10.93243487364839,4856229.0,11068.0
TXN02252,2025-08-29,Ahmedabad,Shela,23.00555859537572,72.45535505847876,Row House,1238.0,3,2,24,10,17,0,Semi-Furnished,2.8684504394205645,3.8572597561946766,4.093085869803284,10.550529659020803,82.43077438058073,9.101216577241873,8009720.0,18371.0
TXN02253,2022-06-19,Ahmedabad,Vastrapur,23.03635391304061,72.53543406283221,Row House,1416.0,2,2,4,2,9,0,Semi-Furnished,3.311576744590968,3.0117426675824754,1.6603875093647977,13.623048082768772,81.16156627728692,9.1200473560355,15921496.0,35056.0
TXN02254,2019-10-29,Ahmedabad,Prahlad Nagar,23.010411792954617,72.50881522802477,Apartment,1538.0,3,4,6,1,19,1,Unfurnished,2.4300100969334326,3.398241403105966,1.219935837149809,11.707663064138579,80.674391306178,8.01771563853172,18027198.0,39539.0
TXN02255,2022-01-20,Ahmedabad,Thaltej,23.04757694645086,72.51431324476872,Apartment,2587.0,4,4,24,11,11,0,Semi-Furnished,2.4299314344132754,3.7437255867283703,2.9229837534620433,10.32189434032796,81.31188069880089,8.435280736477305,22887678.0,56978.0
TXN02256,2019-12-15,Ahmedabad,Shela,23.000681226264792,72.45923392974105,Apartment,2441.0,5,4,15,9,15,1,Semi-Furnished,2.4421960424150497,4.4272031713108975,2.7003897161194064,20.70856422363775,89.97021107798727,8.727743144211708,15085826.0,37434.0
TXN02257,2020-04-09,Ahmedabad,Gota,23.09092564581921,72.52956240643441,Apartment,1931.0,3,3,2,6,14,1,Unfurnished,2.4238693404520983,4.008133694716859,2.4596505542843543,5.921872581337347,77.02613479017397,8.451654321533933,13925134.0,30460.0
TXN02258,2022-11-07,Ahmedabad,Vastrapur,23.036565221555055,72.52639126754394,Villa,1042.0,2,1,15,1,8,0,Semi-Furnished,2.1171689082821255,3.141438900186146,3.306993552432534,15.232032026300075,67.7826235237201,6.742185632333936,10616671.0,24970.0
TXN02259,2023-11-07,Ahmedabad,Maninagar,23.008162787254488,72.6040312149289,Apartment,813.0,1,1,16,9,13,2,Semi-Furnished,2.0318278560293237,3.229222700023783,3.0665792754646644,19.106774055164554,60.18762472280929,10.120536068841334,6038873.0,13506.0
TXN02260,2019-05-12,Ahmedabad,Gota,23.091145485790438,72.54049682333867,Row House,1551.0,3,3,14,5,19,0,Semi-Furnished,3.2361696589105526,2.7554924301587915,2.31609877904502,5.0,84.2195087841412,10.039016544766188,11193088.0,29869.0
TXN02261,2023-12-30,Ahmedabad,Bopal,23.027740856432356,72.466958246863,Apartment,2206.0,4,4,3,12,18,2,Semi-Furnished,2.9517104089993613,3.0212486947470336,3.413291623677837,6.988651624479327,78.01543156751661,10.88648085774577,19761446.0,42522.0
TXN02262,2021-11-20,Ahmedabad,Chandkheda,23.10784354508367,72.58313537503943,Apartment,724.0,2,3,11,12,12,2,Semi-Furnished,2.8387289003880483,2.9976350844405477,2.932096740263767,17.70085323551926,64.96645897338685,9.290829910218118,4983903.0,12298.0
TXN02263,2019-04-15,Ahmedabad,Bodakdev,23.04055608537228,72.50819451023504,Apartment,990.0,2,1,12,5,18,0,Semi-Furnished,1.1995097823069598,2.7087782456358553,1.3695522784601444,5.0,81.60129278783428,8.40785323259947,13030057.0,31075.0
TXN02264,2022-02-03,Ahmedabad,Satellite,23.02972522627323,72.51274198452384,Villa,2654.0,3,4,18,8,11,1,Furnished,1.5692340589634906,2.8897136112600355,2.393134460718124,15.76451339589719,76.3688450225569,7.427359097859317,31376958.0,69960.0
TXN02265,2019-08-25,Ahmedabad,Shela,23.01104922206774,72.46325010300029,Apartment,758.0,2,2,21,10,16,1,Unfurnished,3.0939725214549187,4.210056530050898,2.38714186561807,5.0,75.28675924951006,7.78715612808389,4403925.0,10758.0
TXN02266,2021-06-29,Ahmedabad,Bopal,23.031350344049287,72.46353752720643,Row House,614.0,1,1,22,3,15,0,Furnished,1.953106432755499,3.4687119198549796,2.4707925304763956,18.663254517398904,82.39776458176296,9.279405834109172,5179947.0,10877.0
TXN02267,2020-11-18,Ahmedabad,Thaltej,23.05368785244707,72.51462472257393,Apartment,1858.0,3,3,23,1,6,0,Semi-Furnished,3.3530599712225406,2.9125621931817,2.701374711535237,26.91880756185501,61.39493385783876,9.56681087702554,17269446.0,38488.0
TXN02268,2020-09-21,Ahmedabad,Gota,23.090164276429757,72.53858071921805,Villa,1517.0,3,2,22,3,7,1,Furnished,2.635063243981937,3.5105427577204646,2.9061508212658302,19.069522658640537,83.43655133563587,10.307059623279574,13081832.0,29512.0
TXN02269,2024-10-16,Ahmedabad,Chandkheda,23.11019581391358,72.58385485517084,Apartment,1094.0,2,2,24,7,16,1,Semi-Furnished,2.78787463943485,3.308354215262956,3.478839625303016,19.501828920981488,61.45294952008667,8.67717845780853,7998754.0,18092.0
TXN02270,2023-04-27,Ahmedabad,Satellite,23.028877533942254,72.5176228708742,Apartment,2676.0,5,4,13,4,13,2,Semi-Furnished,2.3158707907620566,2.943095435364663,1.83995231276801,22.81632934834645,72.62785839128077,9.214790021436912,29809246.0,70411.0
TXN02271,2021-07-23,Ahmedabad,Chandkheda,23.11127809324863,72.58172721988846,Apartment,2608.0,4,4,0,11,15,1,Furnished,2.20262531188114,3.0269646362205735,3.443118759922265,5.0,76.95667844806373,9.68329672370218,20377526.0,43844.0
TXN02272,2025-08-31,Ahmedabad,Bodakdev,23.032423938292688,72.4976661378091,Apartment,1327.0,2,2,11,4,17,2,Furnished,1.9842889439608733,2.582439487966138,1.6980679589758374,11.786648020036136,98.23617720338596,9.999061713192098,20888283.0,45177.0
TXN02273,2024-08-31,Ahmedabad,Maninagar,23.001705793899017,72.60742930613007,Row House,1385.0,4,4,5,5,12,0,Furnished,2.5542084683789468,3.4603067030623733,4.060461700624465,25.97744015001271,55.93519043151095,10.949864511953786,11621033.0,24025.0
TXN02274,2023-11-28,Ahmedabad,Vastrapur,23.039431531398723,72.52860311569184,Apartment,2630.0,5,4,17,8,11,2,Semi-Furnished,3.163893342559959,2.3273211789928827,2.6472368111596554,18.178217089959574,77.650587803722,8.696469271397051,29429274.0,62610.0
TXN02275,2023-12-08,Ahmedabad,Satellite,23.036326772245243,72.518863873432,Apartment,830.0,2,2,19,2,6,1,Semi-Furnished,2.403664427056743,2.9732138982319283,2.4032461711048705,8.167370851505353,59.46542421312601,11.549184685128708,9953423.0,20367.0
TXN02276,2025-09-29,Ahmedabad,Bodakdev,23.040928839223856,72.50624889899417,Apartment,841.0,1,2,25,2,13,2,Semi-Furnished,2.7748703897551,3.2096095881676145,1.9679099694443483,7.175949518635561,69.66692985623283,7.137111052995147,11463218.0,26357.0
TXN02277,2022-07-01,Ahmedabad,Prahlad Nagar,23.005456717124925,72.50133079903313,Row House,766.0,1,1,15,1,10,0,Semi-Furnished,1.9402508726027523,2.858689018891486,1.6145260403811736,11.23596752209402,76.00481960432941,9.741471302189272,9414768.0,21680.0
TXN02278,2023-12-11,Ahmedabad,Shela,23.000687775356667,72.4670131445923,Apartment,720.0,1,1,6,5,13,1,Furnished,3.6868394232387915,4.2715884065113,3.67550781740826,5.0,78.38948849269966,9.55935545275988,5195114.0,11735.0
TXN02279,2025-02-10,Ahmedabad,Satellite,23.0285176128106,72.5112589966869,Apartment,715.0,1,1,16,11,12,0,Unfurnished,2.4889560469811087,2.504864576395821,3.0337411612053478,5.0,81.5622307537317,10.668027713282983,7706322.0,17496.0
TXN02280,2025-11-18,Ahmedabad,Vastrapur,23.03754941741878,72.531495519253,Villa,874.0,2,1,18,12,15,2,Semi-Furnished,2.6827942673339567,2.6139373456332486,2.934749802239269,16.023957058136396,79.24414215290483,8.709345295080896,8855307.0,21115.0
TXN02281,2023-06-29,Ahmedabad,Gota,23.090929972902867,72.54560403384659,Apartment,2522.0,4,3,13,7,7,2,Semi-Furnished,3.053184355704232,3.342849418796255,1.6841327168637013,9.140148750684963,79.32383919621039,10.179125456670572,20284899.0,43642.0
TXN02282,2022-04-12,Ahmedabad,Prahlad Nagar,23.011615030888198,72.5085794596188,Apartment,2795.0,4,4,4,8,18,1,Furnished,3.2418613239172696,2.453916161817132,3.485150961961045,7.158395626153702,73.78228726955585,8.339026672397642,34807159.0,76948.0
TXN02283,2024-05-17,Ahmedabad,Maninagar,22.993448817028384,72.594957729628,Apartment,624.0,2,3,16,9,10,2,Semi-Furnished,2.752911052191707,3.1116524827554257,2.5156198408487667,18.346859999324607,59.11816406106321,8.35250569586608,4967671.0,11124.0
TXN02284,2025-04-10,Ahmedabad,Prahlad Nagar,23.014089998239708,72.51401374086436,Apartment,1639.0,3,4,23,1,15,2,Furnished,2.2825706621083586,2.6331695266079636,1.7610892685152424,6.5038787430523675,67.47412481213306,9.073989293841086,21464362.0,48727.0
TXN02285,2024-08-13,Ahmedabad,Gota,23.091609140727936,72.53369039937195,Apartment,561.0,1,1,1,11,19,1,Unfurnished,3.010735360740368,2.606459484717447,3.258117922149646,10.216754285462962,89.769783016116,11.007332348279176,4689515.0,8594.0
TXN02286,2020-12-16,Ahmedabad,Bodakdev,23.039644428800298,72.50387196145608,Apartment,1647.0,3,4,2,2,11,2,Unfurnished,2.1807283743396852,1.683755455381894,1.8679744295455083,23.525156698346613,82.96136468765862,9.307300864042979,22256988.0,45502.0
TXN02287,2023-04-04,Ahmedabad,Satellite,23.032375653986563,72.52097542961718,Apartment,1278.0,3,2,9,12,18,1,Furnished,2.555425072086654,4.663460370305065,2.641716317320541,14.712951941269736,78.66048122942294,10.086223571738662,15387337.0,31970.0
TXN02288,2020-05-05,Ahmedabad,Gota,23.08448594825864,72.54532414782557,Apartment,2752.0,5,4,25,8,14,2,Unfurnished,1.9514916537628244,2.1547872732542768,3.1807221448329965,17.48384352541494,79.46072659315982,6.824224729883072,18915120.0,44613.0
TXN02289,2021-11-06,Ahmedabad,Chandkheda,23.10933735752625,72.58132391983337,Apartment,2742.0,4,4,20,2,16,0,Semi-Furnished,3.0068254753801336,2.394726317410856,3.1999602045451123,18.087397932771808,78.59051116055089,9.139863697146138,20446850.0,43665.0
TXN02290,2021-09-05,Ahmedabad,Gota,23.088324052152917,72.53395691282485,Apartment,606.0,1,1,12,7,16,2,Semi-Furnished,2.4488258670108043,3.8084418752574285,2.0604817390711845,24.869138483938876,72.72871124809906,9.318679910695387,4751038.0,10189.0
TXN02291,2021-05-05,Ahmedabad,Shela,23.008155329156832,72.46157076000539,Villa,792.0,1,1,4,11,18,2,Furnished,3.340778835333299,3.846972733527773,3.726554070294028,5.0,88.18468753626948,10.082129312062444,6333075.0,12664.0
TXN02292,2022-10-31,Ahmedabad,Vastrapur,23.039148930625498,72.53008456037621,Apartment,1765.0,3,4,25,11,18,1,Furnished,2.017712614712542,2.8819858544776036,2.230722489997829,19.34743429136807,82.51280696940412,8.901824073298512,20388857.0,43535.0
TXN02293,2023-10-07,Ahmedabad,Bopal,23.02576858970692,72.4600785002461,Apartment,1072.0,2,2,21,2,16,2,Furnished,3.047111307825143,3.3006063806449815,3.0735542633298496,6.351976244509971,81.04635377591192,7.526464514670455,8589697.0,18648.0
TXN02294,2020-04-29,Ahmedabad,Thaltej,23.047590246868065,72.50786420084903,Apartment,978.0,2,1,21,12,17,2,Semi-Furnished,3.2461548803303817,2.4398596562485526,2.466130503964711,7.050682575019327,78.51875969515197,10.674212030839927,10644558.0,20058.0
TXN02295,2023-05-03,Ahmedabad,Bopal,23.022055425273734,72.46546253157712,Apartment,2319.0,5,4,19,11,17,0,Semi-Furnished,2.9122775985781844,2.1271515845513367,2.7360388521842482,5.0,79.0699210474004,8.036721630058251,17225026.0,40293.0
TXN02296,2021-02-17,Ahmedabad,Gota,23.09939018715912,72.55111669322388,Villa,1207.0,2,2,25,6,9,0,Furnished,2.7559045676243468,3.7431803765467837,3.649511954181705,10.359194039292781,72.37895218733334,8.551902941022135,9668337.0,21604.0
TXN02297,2025-12-20,Ahmedabad,Maninagar,22.991546179161258,72.60621430398267,Apartment,2725.0,5,4,9,9,16,1,Semi-Furnished,1.97718846775958,3.2973389604784713,3.2110570232821187,17.751363512836285,73.62647674373426,9.104245302441884,21120859.0,44906.0
TXN02298,2021-11-03,Ahmedabad,Vastrapur,23.039722198024148,72.52858012974824,Apartment,1824.0,3,4,4,10,10,0,Semi-Furnished,2.492429840691657,3.1405987995443865,1.8995367445152795,19.461556799936012,67.25068907880016,8.846846234526843,18195980.0,49114.0
TXN02299,2025-01-16,Ahmedabad,Maninagar,22.989052082757965,72.60233545550332,Apartment,1821.0,4,4,20,1,16,0,Unfurnished,2.729505507011879,3.115695252806614,2.8362262372057883,7.271036094494576,76.71118681202239,10.950594833650431,12144401.0,29952.0
TXN02300,2025-07-11,Ahmedabad,Gota,23.09294601027809,72.53087411462327,Villa,1729.0,3,4,9,9,14,2,Semi-Furnished,2.2153079335433645,3.9124627228587556,2.898351675095023,12.779785345364473,73.91808952116232,9.858468456612064,14336862.0,31320.0
TXN02301,2023-03-20,Ahmedabad,Chandkheda,23.10929962856222,72.58282313814347,Apartment,2726.0,5,4,2,9,19,1,Unfurnished,2.751503720849135,3.4239995939191528,3.7056384739183894,5.0,90.16465504617382,8.850587442843109,18247062.0,42421.0
TXN02302,2023-10-12,Ahmedabad,Gota,23.093002382512456,72.53800250382324,Apartment,871.0,2,1,24,4,10,0,Semi-Furnished,3.5784531154849506,3.116653461614687,3.1064310432049247,13.306264148998833,87.80039369772679,9.05369900395183,6493719.0,14354.0
TXN02303,2025-03-15,Ahmedabad,Bopal,23.034431682114775,72.46904356289205,Apartment,2276.0,5,4,24,8,17,0,Semi-Furnished,2.3832807657103485,2.7619114180178395,2.933374570349848,8.707589139118497,83.91621978365723,8.298512909828867,16867743.0,36081.0
TXN02304,2024-12-16,Ahmedabad,Bopal,23.03083846953176,72.46211973226367,Apartment,1438.0,2,2,2,7,16,1,Furnished,2.574657702832691,3.7982824936490083,2.0926634691148926,7.877077493898084,79.2391569579254,10.441756324705276,13310809.0,28120.0
TXN02305,2020-09-24,Ahmedabad,Chandkheda,23.11768464432649,72.57930915920657,Row House,2426.0,4,4,10,2,19,0,Semi-Furnished,2.7837824265765025,2.4859322689834573,3.3356626666182274,5.409058184962974,75.45183531993742,10.183523059201221,18662583.0,39475.0
TXN02306,2023-04-22,Ahmedabad,Satellite,23.034425797458795,72.51737274105672,Apartment,2682.0,4,4,16,3,16,2,Furnished,2.3385059019178427,2.9232212367125285,2.4139747158769476,20.098271243454164,77.90123037168058,9.44946312594097,35333517.0,72053.0
TXN02307,2025-05-04,Ahmedabad,Chandkheda,23.109228515255474,72.58474351982984,Apartment,2597.0,4,4,20,4,4,2,Unfurnished,3.5257411405767707,3.6947377762170945,3.484001421886886,9.937133032307381,72.92406520837122,7.267893344997329,16625572.0,41914.0
TXN02308,2019-01-19,Ahmedabad,Prahlad Nagar,23.009430547640044,72.5072971792085,Apartment,2072.0,5,4,6,11,15,2,Unfurnished,2.170304349351653,2.1882505517932396,2.9729999722929477,7.947977796227681,69.72449317189015,8.446135056027023,23580296.0,52659.0
TXN02309,2023-11-27,Ahmedabad,Thaltej,23.050585874189498,72.51792910003857,Apartment,799.0,1,1,4,4,9,0,Semi-Furnished,2.4525786235431024,2.5191872134248325,2.669047318317311,19.573779678234352,76.39129656541506,9.24451128375976,7759831.0,16009.0
TXN02310,2020-10-06,Ahmedabad,Thaltej,23.041310827180066,72.51593122033422,Apartment,765.0,2,1,3,2,6,1,Semi-Furnished,2.4798685650938306,2.540105119060937,2.5669947636438732,17.29650340337788,70.59979213850866,8.777096190252271,7627435.0,19017.0
TXN02311,2025-03-29,Ahmedabad,Vastrapur,23.043078134264096,72.53563507316727,Row House,1849.0,3,4,7,11,19,2,Semi-Furnished,3.0148755885017673,3.3146392528747404,2.106259712960159,15.698631609980573,78.19898307918479,10.402865800468858,22392987.0,46157.0
TXN02312,2023-10-24,Ahmedabad,Gota,23.09098971691496,72.53950508226193,Villa,2300.0,3,3,5,4,14,1,Semi-Furnished,2.8440841731154722,3.1396909943454605,2.553936388815082,8.31659357746647,67.11764359931753,9.609430254696257,17951270.0,40315.0
TXN02313,2021-05-27,Ahmedabad,Thaltej,23.04440772075531,72.52079742545813,Apartment,2146.0,5,4,4,11,17,2,Furnished,2.365795198174773,2.9118065439519074,2.329998514557456,21.86353017544319,77.42578108448055,11.565732253481782,24016040.0,47269.0
TXN02314,2024-11-03,Ahmedabad,Maninagar,22.98411369625461,72.60455769436328,Villa,2613.0,5,4,9,8,19,2,Semi-Furnished,2.7479862405542486,3.656745627548203,2.3709250418708403,15.380041480870322,62.1667794397011,8.364544602746705,19659444.0,45429.0
TXN02315,2022-07-21,Ahmedabad,Bodakdev,23.033296429578392,72.5113524617887,Apartment,1428.0,3,3,2,1,7,2,Unfurnished,2.1269793531436534,3.10595948588935,2.471046684556976,10.373964502687942,79.43277748697244,9.117459021116469,18803099.0,40733.0
TXN02316,2024-08-13,Ahmedabad,Bopal,23.029510424950164,72.46143089551329,Apartment,1561.0,3,3,25,1,15,2,Furnished,2.669596014571594,3.3389773021735443,1.7421091216888291,5.0,75.12067323762751,8.396238682592026,12468538.0,28154.0
TXN02317,2025-03-04,Ahmedabad,Shela,23.000058616153698,72.46414716731029,Apartment,1478.0,3,4,25,12,15,1,Furnished,2.6497132861248445,3.4161017245659346,2.8811534846381197,5.91281872021009,87.87945792572617,12.473456498459248,11445929.0,23017.0
TXN02318,2020-05-30,Ahmedabad,Chandkheda,23.106532439457457,72.57469244800919,Apartment,1842.0,3,3,23,3,7,0,Unfurnished,3.0578567950893016,3.6257030636840852,2.459126382040335,12.352459216969262,81.30525294330315,7.621633449349581,11397253.0,30857.0
TXN02319,2025-11-04,Ahmedabad,Vastrapur,23.033762330836275,72.53269118761496,Apartment,1205.0,1,1,2,12,12,1,Semi-Furnished,2.105541520624164,2.137447245492294,1.4403364244481929,19.782873671108092,69.65114941216031,8.092675620365261,13654783.0,29605.0
TXN02320,2025-02-26,Ahmedabad,Prahlad Nagar,23.015328361122442,72.50729172957865,Row House,874.0,1,1,9,8,10,0,Semi-Furnished,1.8322021632133991,2.263779553179026,2.732944315142366,9.495927717532892,77.11138339064668,11.408173314856569,11760728.0,24945.0
TXN02321,2021-09-19,Ahmedabad,Bopal,23.030834226607443,72.47053264949847,Apartment,2022.0,4,4,8,2,9,1,Furnished,2.457056769462871,3.4640454957516114,3.6267372395910065,7.957693431208937,76.41800747328118,12.044744794117147,19005429.0,39791.0
TXN02322,2022-06-08,Ahmedabad,Bodakdev,23.039767064394418,72.50312691406108,Apartment,1340.0,2,2,20,12,15,2,Semi-Furnished,2.0070937256753667,2.9556361628725587,2.3360270649107817,7.782523876853606,78.24750058786978,10.674185609891692,17399515.0,40726.0
TXN02323,2025-07-28,Ahmedabad,Bodakdev,23.042931231533263,72.50653886921069,Apartment,829.0,1,2,19,9,14,1,Unfurnished,2.4574460528771365,2.6291894655400623,2.1380026810194295,9.571141304049359,85.86411093932125,11.722702602456991,11014150.0,24446.0
TXN02324,2021-07-01,Ahmedabad,Chandkheda,23.10428553000692,72.58156190564084,Apartment,869.0,1,1,17,1,5,2,Unfurnished,3.6163749883520353,3.7354877122462007,2.888603292757272,10.88741846715861,82.326215585663,10.77935412776145,6155253.0,13658.0
TXN02325,2024-12-22,Ahmedabad,Gota,23.09097828656583,72.54002447751412,Apartment,984.0,1,2,4,7,13,0,Semi-Furnished,3.7704276207797673,2.1968057501438274,2.9403137031016726,5.0,85.8978554957597,11.149939416371787,7758487.0,18028.0
TXN02326,2022-05-02,Ahmedabad,Maninagar,22.992922880160908,72.59770709443453,Apartment,1517.0,3,3,19,2,9,0,Furnished,2.437081803773377,3.7303331202990107,2.635651247680919,14.536182473228049,67.5141549006715,8.023680782329771,10958629.0,28443.0
TXN02327,2021-04-11,Ahmedabad,Satellite,23.025276801041652,72.52473788818256,Apartment,1788.0,3,2,16,7,18,0,Semi-Furnished,2.097427832595626,2.4904364448450176,2.6434758598550308,15.552279637297904,72.56802132563901,11.383807255493561,21976468.0,42651.0
TXN02328,2022-07-27,Ahmedabad,Chandkheda,23.112291763903357,72.58011372844557,Apartment,1049.0,2,3,8,7,7,1,Furnished,2.646165075147766,4.046986831431812,2.549005309498685,5.0,76.34191310100935,8.291052616077508,7989828.0,18875.0
TXN02329,2022-05-02,Ahmedabad,Thaltej,23.049855098935158,72.51375880418223,Apartment,723.0,2,3,12,12,14,0,Furnished,2.9382901595480035,3.0344840510597355,2.7776984183213003,10.152191651345488,74.27418794930429,9.863706606103026,6959875.0,17823.0
TXN02330,2021-06-10,Ahmedabad,Chandkheda,23.115225777780022,72.57711441054566,Villa,1557.0,3,4,14,7,15,1,Semi-Furnished,2.7777711325480934,3.497845267081489,1.6608917237705194,6.068648781222954,75.4150099050912,9.517265323256504,10387436.0,26315.0
TXN02331,2021-02-14,Ahmedabad,Bopal,23.032977745128047,72.46139202741278,Apartment,1263.0,2,1,11,3,7,2,Semi-Furnished,3.587289717265169,2.9508594698363653,3.4542732312478925,5.0,89.51552247418917,9.65974777088838,9971205.0,22848.0
TXN02332,2022-09-03,Ahmedabad,Maninagar,22.992283778075503,72.59728077094286,Villa,1865.0,3,3,0,2,19,0,Furnished,3.147353377110178,2.442578295412459,2.6635366182658187,18.654955448237683,57.60640569224023,7.605172102642862,14647018.0,35112.0
TXN02333,2024-03-14,Ahmedabad,Thaltej,23.049589062219898,72.5158378335956,Row House,2049.0,4,4,4,2,8,0,Furnished,1.9386630985718414,2.7261859481340713,2.194547350997021,15.057360242011084,69.23627791046317,8.665463916937632,21358891.0,50707.0
TXN02334,2024-07-01,Ahmedabad,Maninagar,22.99761126152921,72.59674572827431,Row House,2289.0,4,3,20,10,13,0,Furnished,1.7460607423293206,3.9457943349295768,1.6599797649027415,20.681282897583337,65.4059061758413,8.56902261820175,17301677.0,40279.0
TXN02335,2019-05-20,Ahmedabad,Chandkheda,23.111734683450344,72.58761618321319,Apartment,2787.0,5,4,11,5,14,2,Furnished,3.2769836170114415,4.070835425979081,3.095560420483017,15.095541331157719,71.52002605297653,11.932409872909078,23996855.0,53156.0
TXN02336,2019-09-18,Ahmedabad,Bopal,23.02323311612701,72.46493443864162,Villa,2006.0,4,3,23,1,11,1,Unfurnished,2.723644837660308,2.5301933882037746,2.903737122670621,5.0,67.98682190163471,10.467892575875265,16094082.0,33229.0
TXN02337,2025-03-27,Ahmedabad,Bopal,23.023758549745303,72.46454481263079,Apartment,1120.0,3,2,20,11,17,1,Semi-Furnished,2.1138831167873686,3.3643455351178533,2.3986733957802393,17.267819365915187,86.97721015801301,9.57815672386419,8902826.0,22066.0
TXN02338,2021-06-03,Ahmedabad,Gota,23.089656081003486,72.5443876859602,Apartment,2233.0,4,4,9,6,14,0,Furnished,3.125853299892185,3.3910495509562324,3.1638094436421342,12.387064599889458,78.30187626731926,10.065512703133763,18875726.0,39354.0
TXN02339,2025-03-16,Ahmedabad,Shela,23.012773710588494,72.46815760637752,Apartment,1060.0,2,1,15,4,5,2,Furnished,2.0253882488359545,4.02099750821002,3.7098573509520136,10.074624070543557,86.96191501153736,7.436089752416236,7302392.0,17723.0
TXN02340,2019-12-26,Ahmedabad,Satellite,23.031165098172085,72.52424213760331,Apartment,1123.0,2,1,23,1,6,1,Unfurnished,2.7477031708813087,1.3842229262325676,2.0532692557469625,17.97992235268326,76.8302179781927,10.531960077777086,11995939.0,26850.0
TXN02341,2020-01-30,Ahmedabad,Shela,23.00879565965678,72.46850584092397,Apartment,1344.0,2,3,15,9,15,1,Furnished,2.715327736866254,3.9527539932088627,2.6795803635939057,5.0,90.6012333143112,11.490412876693544,10025713.0,21384.0
TXN02342,2023-12-28,Ahmedabad,Chandkheda,23.110833784789087,72.5736795796198,Apartment,859.0,1,1,13,12,19,0,Unfurnished,3.5932492928965476,3.3962706373842315,2.877435448464233,5.0,75.55641224498889,10.110160828164009,5274387.0,12703.0
TXN02343,2021-01-04,Ahmedabad,Vastrapur,23.041086267328723,72.52780024186279,Villa,2338.0,4,4,8,10,14,1,Semi-Furnished,3.015803670064726,2.696283243538082,2.817729692593549,16.126018530754013,60.2810639248269,6.513547444432884,22723911.0,52941.0
TXN02344,2022-03-01,Ahmedabad,Gota,23.085074205156914,72.54006073841961,Row House,1836.0,4,3,4,5,9,0,Furnished,3.3279721496276378,3.6949101202281898,2.768604085665416,13.850609521337821,70.44776621316609,7.3667490822379085,14342389.0,36702.0
TXN02345,2020-10-16,Ahmedabad,Shela,23.00127162515827,72.45720563558234,Apartment,922.0,2,2,21,10,13,2,Semi-Furnished,2.9271592629419025,3.4677100035248074,2.904732122162045,5.0,80.79033328517917,9.624535766284147,6399527.0,14033.0
TXN02346,2019-08-29,Ahmedabad,Satellite,23.033970647994476,72.52222366612028,Apartment,1492.0,2,2,4,11,15,0,Furnished,2.2560364697634667,2.8230899723782668,2.1246443450820482,12.262163248307754,74.37024786022693,9.906195380353866,17718093.0,41202.0
TXN02347,2021-12-25,Ahmedabad,Bopal,23.030158248751878,72.46651589320076,Apartment,1829.0,4,4,23,4,11,0,Furnished,2.5620464649354577,3.617758334403296,2.3131938670680667,14.963194324586478,75.28075558183369,9.850672217065927,14879354.0,36109.0
TXN02348,2022-05-27,Ahmedabad,Shela,23.003270280084422,72.4663634895289,Villa,2288.0,4,4,6,7,16,1,Semi-Furnished,3.5132275498376297,4.080387028527422,2.6221404850877947,11.296828820222151,87.64909747696795,9.015447337874146,15374832.0,34850.0
TXN02349,2022-01-18,Ahmedabad,Maninagar,22.998794175546713,72.60161576940857,Villa,2144.0,4,3,10,1,17,0,Furnished,3.040939366199852,3.487145172136084,2.158324158371781,22.04790556320946,57.76396811134428,11.101151576706126,16729630.0,36071.0
TXN02350,2021-01-04,Ahmedabad,Vastrapur,23.03638583719225,72.53795666841548,Villa,2039.0,3,4,17,10,15,1,Furnished,2.3685903456710995,2.795670100543855,2.710460726897913,18.89936708920513,80.44770786733461,6.870534249403162,22349729.0,52573.0
TXN02351,2019-02-28,Ahmedabad,Bopal,23.030589645108556,72.46185979955706,Row House,1601.0,3,2,14,10,12,0,Semi-Furnished,2.8049513566895254,4.194678026217338,3.4959416720353986,8.522170154046186,82.97694366452852,11.462565783533051,12502362.0,28410.0
TXN02352,2025-07-14,Ahmedabad,Maninagar,22.990488517970956,72.60290934133639,Villa,822.0,1,2,16,11,19,2,Furnished,1.9434055759241016,2.712355864077255,2.603981328494929,23.926998632755552,59.68146540906011,7.796089444112101,6836229.0,14413.0
TXN02353,2025-06-18,Ahmedabad,Maninagar,22.992577276821045,72.60113537260429,Apartment,1670.0,3,2,9,3,16,0,Furnished,1.715443668892346,3.6203899123224654,2.016250613675233,12.516862618565037,70.41586899568914,9.820199521783472,13058835.0,27890.0
TXN02354,2023-01-20,Ahmedabad,Bopal,23.02949198803175,72.46158605743365,Apartment,707.0,2,2,11,7,17,0,Furnished,1.522040310480642,2.610527457793557,1.5918166123347588,7.047022507367943,73.4439728004075,9.24823112898798,5535949.0,12680.0
TXN02355,2022-07-01,Ahmedabad,Bopal,23.028980897503203,72.46856766456058,Apartment,1694.0,4,3,10,1,7,2,Semi-Furnished,3.786633835051935,2.3210410869971128,2.5014384679013637,5.0,70.59718442164952,7.090242014869116,13196760.0,28532.0
TXN02356,2020-03-12,Ahmedabad,Bopal,23.024972937623566,72.46444169401637,Apartment,1159.0,3,4,21,10,19,1,Semi-Furnished,2.6366988618191667,2.479556577883454,2.5118036098277345,6.813529338309908,76.06817914604875,11.339330083123512,8516269.0,20856.0
TXN02357,2024-03-03,Ahmedabad,Shela,23.00489979525214,72.46621320266284,Apartment,1696.0,3,2,10,3,19,1,Unfurnished,2.4891780330649595,3.9677019171816266,2.305378019978901,10.955062190946824,86.57932558577726,9.527567115416025,11246585.0,23717.0
TXN02358,2020-08-13,Ahmedabad,Bodakdev,23.04004920500655,72.50354435101079,Apartment,2323.0,4,4,1,3,17,2,Furnished,1.8385542661355032,2.5731705122082946,2.496466380577021,5.0,78.53513212243003,8.379337847022898,33152836.0,70854.0
TXN02359,2024-10-26,Ahmedabad,Thaltej,23.05219635351653,72.51811139335466,Row House,1916.0,3,4,25,1,9,2,Unfurnished,2.0590045093791782,3.482856769237362,2.796181891897191,24.448471122771,63.8391545853905,11.843401019373317,20101927.0,39185.0
TXN02360,2022-05-25,Ahmedabad,Thaltej,23.049623496058835,72.51088262298964,Apartment,738.0,1,1,21,9,15,0,Unfurnished,2.220133679780626,2.8651376237117803,2.4047948544883786,5.0,81.47220693415252,7.060371709414527,5787174.0,17311.0
TXN02361,2024-02-28,Ahmedabad,Satellite,23.02184493498237,72.52059686980269,Apartment,1371.0,2,1,19,2,15,1,Unfurnished,2.4634149846445474,2.6997336686434994,1.9321683464041848,6.35960378054527,59.25426577208969,8.626621783416404,13738976.0,30868.0
TXN02362,2019-10-16,Ahmedabad,Bodakdev,23.035835086013574,72.50796770117306,Apartment,676.0,2,3,15,8,10,0,Semi-Furnished,2.530124172055508,2.9187127210212127,1.9817979988264767,6.546815165164079,90.23738910818068,9.71545003414511,9198515.0,21275.0
TXN02363,2023-10-11,Ahmedabad,Vastrapur,23.038547005269958,72.53180143917321,Apartment,2014.0,4,3,14,5,18,0,Semi-Furnished,2.500283003188149,3.078571901916256,3.0632815821106014,19.3795917871492,68.99773727787603,9.511522580327483,21073067.0,50477.0
TXN02364,2024-02-21,Ahmedabad,Bodakdev,23.04192064737868,72.50959334083176,Apartment,1093.0,2,1,0,1,18,2,Semi-Furnished,1.9058646424010155,3.109722684628851,2.3925554961975233,6.43939284026028,80.25465465914262,8.70748611229738,15928523.0,35439.0
TXN02365,2020-06-26,Ahmedabad,Maninagar,22.99102337122022,72.59916376345033,Apartment,1495.0,2,3,23,2,18,1,Furnished,2.5152809927106636,2.7342870109200086,2.3078567453892385,16.382129426092046,69.48944489324815,10.212263284920276,12329014.0,28320.0
TXN02366,2021-01-25,Ahmedabad,Bopal,23.02891327989506,72.46510495043879,Apartment,2377.0,4,4,2,5,11,1,Semi-Furnished,2.238065920486184,3.424995793862216,2.6429817237410265,12.027188127306555,86.02570404119544,8.858754256185641,18572573.0,42615.0
TXN02367,2024-04-21,Ahmedabad,Satellite,23.029269872184155,72.50859560021789,Villa,2305.0,4,4,24,4,12,1,Furnished,2.419856768796627,2.8351719886930202,1.6590155500612571,6.371209884720267,72.84601909612678,8.079125119644882,24694157.0,64723.0
TXN02368,2021-03-08,Ahmedabad,Chandkheda,23.113371522630977,72.58421461185512,Apartment,675.0,1,2,4,11,11,2,Semi-Furnished,3.042260609318164,3.218065431864459,2.8449420960884018,13.116980280716446,84.85051796222638,9.208915243369423,4950501.0,10883.0
TXN02369,2021-09-16,Ahmedabad,Gota,23.086044748069995,72.53860221519034,Apartment,1297.0,2,1,13,7,18,1,Furnished,2.4560914764593282,2.8362724855913677,2.912523401526185,17.640043590075464,83.32850804789682,10.418462010876075,11433335.0,24310.0
TXN02370,2024-05-17,Ahmedabad,Gota,23.09610646948507,72.53635823180751,Apartment,1740.0,3,3,17,1,5,0,Semi-Furnished,2.736569684461309,3.281957465546664,3.745247770394775,19.307541574824562,75.2415673169318,10.572055636989422,12673890.0,28826.0
TXN02371,2019-11-04,Ahmedabad,Shela,23.006250186914176,72.46041508133247,Villa,2725.0,4,4,0,3,14,2,Unfurnished,3.0560111388090023,3.6305597557605975,2.876457217921208,11.334068404461103,82.43004980307343,7.784057142004308,18447426.0,38435.0
TXN02372,2021-09-05,Ahmedabad,Satellite,23.03232191992116,72.51699703239915,Apartment,820.0,1,2,23,2,4,2,Unfurnished,2.204192635297921,1.439930437577059,2.4976785536217734,7.828831264764258,60.28710826142368,9.103644844023611,8834961.0,20358.0
TXN02373,2024-11-17,Ahmedabad,Shela,22.998504511474597,72.4686160192876,Row House,1456.0,2,2,21,6,6,2,Furnished,3.2321904157799612,3.506735812229298,2.445452068888154,12.634095686232445,81.21921282514526,9.528642847000556,11197656.0,23674.0
TXN02374,2020-10-22,Ahmedabad,Maninagar,22.992910082398225,72.61101844033334,Apartment,1364.0,2,2,6,5,19,0,Furnished,2.7788965878339336,2.435337049744235,1.592162198228304,29.546245666507545,76.50195305080706,6.416947578152969,9989801.0,24962.0
TXN02375,2021-09-03,Ahmedabad,Prahlad Nagar,23.008011543849797,72.49848919199202,Row House,2415.0,5,4,12,4,9,2,Unfurnished,2.995829453730757,3.60345651519805,1.300387644075537,18.03858009808605,72.07893638362394,7.832282528742448,27246185.0,61513.0
TXN02376,2024-04-23,Ahmedabad,Gota,23.092016478163423,72.5436016520506,Villa,2776.0,5,4,12,5,19,2,Unfurnished,2.014906911981813,3.5769285802297865,2.6644447071688107,11.711085721133285,84.5085910682362,9.512976009891974,20537738.0,44861.0
TXN02377,2024-08-12,Ahmedabad,Maninagar,22.998536659337525,72.60532656349596,Apartment,1313.0,3,3,21,5,16,0,Semi-Furnished,3.280765219627761,3.232512722861073,2.679030796989559,17.559606570723084,73.74646701090049,7.9082412619381675,9086949.0,20021.0
TXN02378,2019-08-06,Ahmedabad,Shela,23.00738935302019,72.46248326217356,Row House,1650.0,2,3,15,10,12,0,Semi-Furnished,2.97382945290671,4.310303133831405,3.4275464698991396,5.0,81.0726432519172,7.4618393606696936,11011718.0,25954.0
TXN02379,2025-01-17,Ahmedabad,Bopal,23.021335110328362,72.46039356058108,Apartment,1342.0,3,3,18,11,13,1,Unfurnished,2.7509463589543928,2.300316193932895,3.0890579328288874,14.666118329419689,88.33944706046488,9.220916549035051,10358096.0,23311.0
TXN02380,2021-04-16,Ahmedabad,Satellite,23.031908278270315,72.51884302832657,Apartment,2262.0,4,4,25,2,12,2,Unfurnished,2.7396964268717587,2.775785880494585,2.6388922819052754,13.877759340199178,65.4812146665383,7.375241901116817,25104352.0,54131.0
TXN02381,2021-03-03,Ahmedabad,Gota,23.089086186728387,72.53965557746797,Apartment,630.0,1,1,8,12,15,2,Semi-Furnished,2.245431688777389,3.250017900778029,2.5272273858472682,10.5952882583246,81.45631741744604,10.316021358101084,5476940.0,11473.0
TXN02382,2023-07-20,Ahmedabad,Bodakdev,23.03853409906695,72.50725402204326,Apartment,2320.0,4,3,1,2,19,1,Semi-Furnished,2.3571015540651765,1.5200542069655516,1.3815500355460497,13.276302364738168,85.65926157385894,6.230110145601095,31936652.0,73665.0
TXN02383,2020-03-15,Ahmedabad,Shela,23.011207805485803,72.45768862128018,Villa,2455.0,5,4,15,1,11,0,Semi-Furnished,3.5251106234873744,4.249785446272485,3.5903588134491247,5.0,89.87387334475387,10.177679057525468,17216358.0,39046.0
TXN02384,2020-01-16,Ahmedabad,Chandkheda,23.108377840963442,72.58486630209873,Row House,1786.0,4,4,5,7,8,0,Furnished,3.22384607451152,3.454804534940047,2.4867792906202526,12.177884600245498,82.04712433994392,9.671380104947252,12882574.0,32507.0
TXN02385,2024-11-24,Ahmedabad,Thaltej,23.051648942961094,72.51070250450101,Villa,2649.0,5,4,14,2,14,0,Semi-Furnished,2.291505016679577,3.155790126046642,2.002978115171417,17.967578847380526,81.40256408048249,8.512645531282638,24504475.0,56892.0
TXN02386,2024-08-15,Ahmedabad,Satellite,23.03278704711109,72.52110799539444,Apartment,669.0,1,1,5,2,6,1,Semi-Furnished,2.214999692250536,2.475244754287375,3.0968172798243305,20.29486367411782,74.1862122258355,11.007222759182689,8448973.0,18175.0
TXN02387,2019-11-08,Ahmedabad,Satellite,23.033366708486422,72.52042403074856,Apartment,1111.0,2,3,14,8,17,0,Unfurnished,2.4724711153647325,2.443307712968574,2.3059641161106788,23.25610823747393,66.38745817271102,7.864719423041742,10910830.0,27640.0
TXN02388,2019-03-20,Ahmedabad,Bodakdev,23.036272243537717,72.50873464175908,Apartment,1289.0,2,2,24,8,10,0,Semi-Furnished,2.3288320058047485,2.694400322538796,1.745039549487418,25.375609565786085,82.72367481467184,8.346903447705152,17424012.0,38752.0
TXN02389,2019-05-04,Ahmedabad,Shela,23.002185548246896,72.46468155675358,Apartment,1059.0,2,1,17,9,18,2,Semi-Furnished,3.7929128128850795,3.78315450990179,3.250452870055165,10.016640799156384,83.35165762106182,12.733254724017185,8457527.0,16091.0
TXN02390,2022-12-18,Ahmedabad,Chandkheda,23.106903698044498,72.58016454895991,Apartment,1778.0,2,2,3,7,7,0,Unfurnished,2.6929811004012807,3.2900835633017986,2.727861059519224,5.0,75.250227450739,9.427594711655777,10962445.0,26831.0
TXN02391,2022-04-10,Ahmedabad,Bopal,23.029992854372246,72.46360591737522,Row House,1077.0,2,3,2,8,19,1,Furnished,2.4372712767279503,3.8838489002373713,2.9812767173532166,5.0,81.96811569736282,8.662925505527058,9219505.0,21123.0
TXN02392,2022-04-07,Ahmedabad,Satellite,23.03539141872673,72.5221598896544,Apartment,2534.0,5,4,20,11,18,2,Unfurnished,3.4816464804077016,1.6747904860527396,2.4614697251821847,16.355147283634174,76.20068402098082,10.256541173637762,30921357.0,61472.0
TXN02393,2022-11-08,Ahmedabad,Maninagar,22.994687790239208,72.6067079038436,Villa,836.0,2,2,7,10,13,0,Furnished,2.567164399718196,3.5877935053377414,2.0276080781353905,12.231950091623897,75.05876848527086,10.02234149369369,6362110.0,15340.0
TXN02394,2024-04-18,Ahmedabad,Prahlad Nagar,23.012905688124224,72.51392849161707,Apartment,597.0,2,1,21,12,12,2,Unfurnished,1.6368549935932646,2.2329416716475747,2.5184976330536006,16.58169981230683,77.29967279197196,9.455022380123397,7234229.0,14572.0
TXN02395,2022-08-25,Ahmedabad,Gota,23.09087118582561,72.53897847715317,Apartment,2125.0,4,4,20,1,7,1,Unfurnished,2.2685076138754043,3.718869180790948,2.5337145763856506,15.176047815333828,83.7541192253701,9.10381964588892,14058170.0,35762.0
TXN02396,2020-12-25,Ahmedabad,Shela,23.005158539430706,72.46249800070316,Row House,2554.0,5,4,6,8,12,2,Furnished,3.7107759751760003,4.136476225845456,3.191654820497919,6.24064513526654,78.04705163290154,9.62424875623366,18826310.0,44798.0
TXN02397,2019-09-04,Ahmedabad,Satellite,23.037688367557536,72.51238950534596,Villa,555.0,1,1,8,12,18,1,Unfurnished,2.5120544216690925,2.279117871466552,2.369898364788466,19.477254414233393,78.52547831867147,6.928795721378029,5459821.0,13114.0
TXN02398,2022-06-15,Ahmedabad,Maninagar,22.997342818685887,72.60518590449452,Row House,950.0,1,1,14,3,16,1,Semi-Furnished,3.033251681178819,2.961240283464134,3.1669798783375214,26.556063517555504,70.1529013686627,9.080377192297531,6782163.0,14165.0
TXN02399,2020-04-25,Ahmedabad,Gota,23.082967134301317,72.5342215676015,Apartment,1549.0,3,4,1,2,5,0,Semi-Furnished,3.3848982105603675,2.7226411288913543,3.216733395355438,6.658272705037464,79.28607415036657,7.920271581437581,12579727.0,26380.0
TXN02400,2025-05-18,Ahmedabad,Thaltej,23.050210346445553,72.51944137984702,Apartment,1555.0,2,3,25,6,9,2,Unfurnished,2.856143035961199,3.513020387003937,2.1081447663767703,12.472684639561392,79.23327996807953,8.279373558951837,13867498.0,30265.0
TXN02401,2022-01-12,Ahmedabad,Bopal,23.03178299534294,72.46711454006496,Apartment,2098.0,4,4,16,10,10,0,Semi-Furnished,3.238000002129311,3.069991575637439,1.9253925396546676,16.75595131142599,88.80661582425132,9.60254703772207,15900185.0,36295.0
TXN02402,2025-01-29,Ahmedabad,Satellite,23.032329902138493,72.51728016557705,Villa,2695.0,5,4,10,3,17,1,Semi-Furnished,1.396197316760265,2.4545103091077762,2.3989035693563756,11.3617208520979,76.52178251487405,8.894082384621456,29586148.0,71819.0
TXN02403,2021-05-15,Ahmedabad,Bodakdev,23.035019034279998,72.50346721223595,Apartment,2250.0,5,4,23,1,13,1,Semi-Furnished,1.978038856549333,3.157471194702171,2.300405850500984,17.760429123549585,81.67684132873931,8.987565097270418,29816289.0,74698.0
TXN02404,2024-10-30,Ahmedabad,Satellite,23.02197419082984,72.51609923976247,Apartment,1558.0,2,1,24,10,14,0,Furnished,2.3719257181586997,2.56083218233898,2.3679470326928636,17.415458809067168,68.04753201434015,7.8709202136705185,18558349.0,42506.0
TXN02405,2020-08-16,Ahmedabad,Shela,23.00692818520487,72.468721779035,Row House,1147.0,2,2,21,4,7,1,Unfurnished,2.9633582041174846,3.4849352050765345,2.69581416853419,16.85864294931536,81.79040770084079,8.743088500774885,7072664.0,16626.0
TXN02406,2020-09-22,Ahmedabad,Prahlad Nagar,23.013870895413856,72.50861113877293,Apartment,724.0,1,2,20,1,18,2,Semi-Furnished,1.2605605762013363,2.805342183023393,2.3556384418492144,16.646474897622454,79.96696360803573,8.239409910749407,8904140.0,19603.0
TXN02407,2022-01-10,Ahmedabad,Gota,23.08024948320967,72.5387311240973,Villa,1961.0,4,4,21,4,16,0,Semi-Furnished,2.8961812162045364,3.401495198924566,3.2373155629699735,5.0,85.47677746526897,8.614418380571884,15571248.0,34276.0
TXN02408,2023-09-18,Ahmedabad,Satellite,23.03070529940769,72.51643965860349,Villa,1545.0,3,3,9,6,14,0,Unfurnished,2.704895052652655,2.226692831036962,2.176477373616206,11.121870000661016,79.44056157656888,8.537076511312232,14612399.0,39136.0
TXN02409,2019-06-20,Ahmedabad,Maninagar,23.003448912951484,72.60365218889513,Apartment,647.0,1,2,21,9,15,1,Unfurnished,3.182297422806438,2.5007515692402773,2.6820795259346166,24.850420012562736,65.22918365088529,9.625115491673501,4458530.0,10433.0
TXN02410,2025-07-16,Ahmedabad,Chandkheda,23.109570023150095,72.57871386130321,Apartment,1051.0,2,1,8,1,13,2,Unfurnished,2.3490244180317834,3.2922288682257648,3.3821440790512285,16.006796930985832,79.93337789127494,11.033142163627836,7604351.0,16749.0
TXN02411,2020-10-26,Ahmedabad,Bopal,23.029983736534135,72.46344201164783,Apartment,878.0,2,2,21,2,17,1,Furnished,2.788196845622448,3.751754276738144,2.727740714347352,5.0,91.84430585633672,8.927214913004768,7181370.0,16520.0
TXN02412,2019-01-25,Ahmedabad,Prahlad Nagar,23.010655413478087,72.50601563414055,Apartment,1340.0,2,3,7,8,11,1,Semi-Furnished,1.9896638709947965,2.794246770515539,2.419128310287745,5.0,73.57795753560191,8.612392684782053,17097478.0,36233.0
TXN02413,2021-07-31,Ahmedabad,Maninagar,23.00232301460016,72.58818677959906,Apartment,2750.0,5,4,12,6,11,2,Furnished,2.465169540739137,2.5144829401714133,2.542835461902525,22.53516429746371,58.92940088393688,10.411821472961051,23444909.0,55188.0
TXN02414,2019-04-01,Ahmedabad,Thaltej,23.046444350550072,72.5125805313893,Apartment,1914.0,2,2,2,12,16,0,Unfurnished,2.594010798847132,3.3285150148381626,2.2103655204604435,12.437295565068055,71.79508558440894,10.225992238204329,17054425.0,38340.0
TXN02415,2020-02-04,Ahmedabad,Gota,23.09141505869754,72.54463372512905,Row House,2188.0,3,3,18,4,15,0,Furnished,2.367690393001056,3.825224619860779,2.4128122520567437,7.294603206226758,87.04486270857629,8.367751680197726,16773165.0,45264.0
TXN02416,2023-01-21,Ahmedabad,Gota,23.090735331118786,72.54490466714476,Apartment,1850.0,3,4,25,9,14,2,Semi-Furnished,2.462641677802529,3.5214691516390118,2.8806091701744854,18.90874420088803,80.05848431157555,9.922661788142149,15053503.0,32317.0
TXN02417,2020-08-27,Ahmedabad,Shela,23.010027799753406,72.46720660420839,Apartment,807.0,1,1,0,8,12,0,Semi-Furnished,2.69332632241505,4.516907883448254,3.518846828762908,9.132153663264248,78.08336046925061,10.919495507317148,6379586.0,11993.0
TXN02418,2020-11-19,Ahmedabad,Maninagar,22.99742496929379,72.60554074857829,Apartment,710.0,2,3,19,11,13,2,Semi-Furnished,2.7908749972345563,3.6531519299111106,2.936986947589394,19.259218247164444,68.94794038203653,7.669843013391598,4775568.0,11598.0
TXN02419,2023-03-17,Ahmedabad,Bodakdev,23.03448261329238,72.50026536396433,Apartment,866.0,2,1,11,9,14,1,Unfurnished,3.1034595759521997,2.2217004072965665,2.2092706135193754,7.582521371553969,76.235647401295,12.557157892525883,11793437.0,23980.0
TXN02420,2025-11-19,Ahmedabad,Chandkheda,23.1144056462422,72.58753693929503,Apartment,645.0,1,1,25,7,19,2,Furnished,2.85311388305253,3.322933543663021,2.8406529167153725,13.910334716261495,84.81458417775147,11.194190299758372,5217335.0,11342.0
TXN02421,2025-08-09,Ahmedabad,Thaltej,23.052133134174216,72.51555291058732,Apartment,674.0,1,1,17,12,17,1,Semi-Furnished,3.0881987063153384,2.567184641817011,1.6292611910543489,10.843476836303921,65.19458323244598,9.090857956720656,6365944.0,15811.0
TXN02422,2021-10-25,Ahmedabad,Vastrapur,23.0363357632722,72.52891523421897,Apartment,1560.0,3,2,19,6,6,1,Furnished,2.6978256103937173,2.9191711611488937,2.3664237665737637,17.991436379067256,73.13627423843698,8.547004868439487,17499827.0,39887.0
TXN02423,2019-07-24,Ahmedabad,Shela,23.006800960800753,72.46194408917998,Villa,1421.0,3,3,11,2,8,1,Furnished,3.8152021897019845,4.0649467784577915,2.2168962284329528,12.878987192224697,99.19543374303788,11.012415709873437,10513689.0,23731.0
TXN02424,2020-01-31,Ahmedabad,Chandkheda,23.104059809206476,72.57893363187102,Villa,650.0,1,1,11,3,14,1,Furnished,3.0655977798512075,3.553598368944551,3.585711080336112,8.462777102907312,79.61289069832823,8.8666603903777,4949328.0,11438.0
TXN02425,2025-06-20,Ahmedabad,Gota,23.086861414026483,72.54024600486899,Apartment,2571.0,4,4,7,4,9,0,Semi-Furnished,2.504714163160987,3.362138523848691,2.733630231709522,9.068977837907765,92.94935138233791,8.02299054262575,18780491.0,43508.0
TXN02426,2025-08-09,Ahmedabad,Bopal,23.03160742420562,72.46538110801825,Apartment,2187.0,4,4,4,4,4,0,Semi-Furnished,3.0371314941001906,3.744826858854156,2.6126545341032132,22.258323659778505,82.8321056815883,9.938736020247497,16470741.0,38961.0
TXN02427,2023-03-09,Ahmedabad,Satellite,23.034540154343492,72.51901019762063,Apartment,2568.0,5,4,11,10,12,1,Semi-Furnished,2.3198246718835116,1.382724062509561,3.0016002833474147,14.793949053098657,77.8500896541762,8.350527044200742,29438382.0,66856.0
TXN02428,2020-12-22,Ahmedabad,Shela,23.004466802030016,72.4601618454871,Apartment,1452.0,3,3,20,1,14,2,Unfurnished,3.358664168859609,2.9400663210396027,3.623739718462767,5.0,78.75566393768128,6.455636270396608,8643991.0,21631.0
TXN02429,2019-09-18,Ahmedabad,Chandkheda,23.111115203712828,72.58148913403461,Apartment,2102.0,4,4,16,6,10,2,Semi-Furnished,3.770101986607262,3.8689042743196382,2.7931228296153296,5.075875402963468,89.19602674320377,10.74007188684461,14897252.0,32902.0
TXN02430,2021-07-06,Ahmedabad,Thaltej,23.042401874188677,72.51577040531278,Apartment,2693.0,4,4,3,3,4,2,Unfurnished,2.290356682951308,2.8259444956588013,3.351728623479796,7.329173096007784,80.6527119433521,8.638397443720017,24280132.0,56414.0
TXN02431,2024-02-19,Ahmedabad,Gota,23.087948413820655,72.54556346388989,Apartment,868.0,1,1,16,4,16,0,Unfurnished,3.064806304471767,2.6088421220417213,2.4408503122786125,6.751857096861524,79.98529647300134,9.594501499470772,6034665.0,16439.0
TXN02432,2019-02-28,Ahmedabad,Bopal,23.026888120762692,72.46042109104334,Apartment,2746.0,5,4,22,1,16,2,Semi-Furnished,2.480106373934347,3.6834118798183932,2.560676099301029,5.507975820243285,81.19955347735984,10.013821628721614,23648447.0,50596.0
TXN02433,2022-11-15,Ahmedabad,Shela,22.999708317975212,72.4604167050307,Apartment,783.0,1,2,2,11,17,0,Semi-Furnished,3.7066706332130854,3.0212994290088027,2.762055815541186,13.110165107502318,88.62441980423442,11.730365206826045,5797815.0,11604.0
TXN02434,2020-01-11,Ahmedabad,Prahlad Nagar,23.00618350824428,72.50281848668267,Apartment,868.0,1,2,20,3,18,1,Semi-Furnished,1.742349317213171,3.3060875156479734,2.6376437631167997,6.159389854451934,71.3505765317879,10.742907086657812,11859328.0,24712.0
TXN02435,2023-03-21,Ahmedabad,Maninagar,22.998618743901492,72.60539855187406,Apartment,2096.0,4,3,16,2,18,1,Semi-Furnished,3.2344251378770954,3.5375377677548028,2.4909595536047195,12.839751326154957,60.20115464644067,7.113481880088036,16222260.0,35492.0
TXN02436,2023-11-24,Ahmedabad,Maninagar,22.99837451976129,72.60444149127085,Apartment,1625.0,3,3,25,3,13,0,Furnished,2.4345536192793102,3.8423329789222946,1.4856549438540922,32.134715465428776,66.25982905084267,7.472323250026424,12187695.0,30047.0
TXN02437,2019-04-16,Ahmedabad,Shela,23.005699653380844,72.45890447739316,Apartment,707.0,1,1,8,10,18,1,Semi-Furnished,3.393021934224734,2.0844561589356227,1.9533480109137704,7.654627582367713,86.11945183856398,9.443300033812987,5043677.0,11637.0
TXN02438,2023-04-30,Ahmedabad,Vastrapur,23.042978644946302,72.53366557398837,Apartment,2530.0,5,4,14,1,6,1,Semi-Furnished,2.045217064911762,3.4365317103030284,3.1707811266503456,5.830363762042392,76.56561037208407,6.845966354710408,25325396.0,66368.0
TXN02439,2020-12-25,Ahmedabad,Bodakdev,23.038252056355986,72.50856711280782,Apartment,2431.0,5,4,19,11,16,0,Furnished,1.7276966124693194,2.2370154737757613,1.450577005199702,5.0,77.30493491646435,6.2373599906465,32878733.0,76810.0
TXN02440,2022-10-10,Ahmedabad,Shela,23.003025085685792,72.4618379456025,Villa,1383.0,3,4,19,7,17,0,Furnished,2.8724482938723783,3.6234319265544417,2.605854804035672,5.0,94.74487586746763,8.789992488576898,10213515.0,24041.0
TXN02441,2021-10-01,Ahmedabad,Bodakdev,23.03679811754086,72.50641408870347,Apartment,663.0,1,1,25,9,16,0,Unfurnished,2.2546276390638273,2.7810123413335797,3.0300836928128154,5.0,77.40207907782812,9.886492035212695,8274888.0,18802.0
TXN02442,2020-01-17,Ahmedabad,Bopal,23.033755660208225,72.46594107353846,Villa,2259.0,4,3,3,1,16,0,Furnished,3.274255205869979,3.1897375604826186,2.5760896875821357,11.72506341625557,90.45574507512111,9.330903259874274,19634282.0,43711.0
TXN02443,2025-04-20,Ahmedabad,Thaltej,23.048667900707017,72.51303808278213,Row House,1269.0,1,2,2,7,19,2,Semi-Furnished,3.189403101906015,3.043197519020188,2.3108748714609098,17.97983899384313,74.57134476546831,8.132068198099526,12921408.0,28386.0
TXN02444,2019-07-23,Ahmedabad,Vastrapur,23.03952527731396,72.52337792109078,Row House,2371.0,5,4,5,10,17,2,Semi-Furnished,2.051365145155057,2.1624628430666375,2.3790472669219307,10.045124683452629,62.93013882321442,9.29447569010076,27705510.0,60884.0
TXN02445,2020-11-07,Ahmedabad,Thaltej,23.04461131362854,72.5193530822478,Apartment,840.0,1,1,4,5,15,2,Semi-Furnished,2.801459305765574,2.9736441286834387,2.470247097532987,15.935913566971024,78.98861817993756,10.111678007682672,9246285.0,18503.0
TXN02446,2023-03-26,Ahmedabad,Maninagar,22.999032995873097,72.60694365909849,Apartment,687.0,1,1,12,9,11,2,Semi-Furnished,3.47502154036688,3.3046661298674094,2.574610833667509,8.134466902682163,63.89823872595322,11.186583769296377,5085910.0,11744.0
TXN02447,2022-04-03,Ahmedabad,Chandkheda,23.115435896920403,72.58437163986498,Row House,591.0,1,2,21,2,4,2,Unfurnished,2.2442123447012583,3.7588243794075087,3.051974637073155,10.699959883475628,80.80489768324998,8.975423270918279,3878017.0,10506.0
TXN02448,2022-10-12,Ahmedabad,Bopal,23.025444490620604,72.4650676589167,Apartment,1261.0,2,1,6,9,19,2,Furnished,1.6966478750323049,2.7851100591540967,3.391694811953696,11.593791878218841,87.41217117400181,8.353780263777058,10267459.0,24002.0
TXN02449,2020-01-07,Ahmedabad,Bopal,23.026250979347324,72.46728728459865,Apartment,2626.0,5,4,16,11,11,1,Furnished,3.0094176796481666,3.3573006181255254,2.9180314742438562,6.560081288005277,84.57315448078296,8.791859964558368,20527659.0,49078.0
TXN02450,2025-07-21,Ahmedabad,Maninagar,22.994042940504507,72.60156875115099,Apartment,2129.0,4,3,5,12,16,1,Furnished,2.5980033602255554,3.156172753738087,2.6995956415794797,19.67406211315632,78.5151319452309,9.816163932472302,17381150.0,39835.0
TXN02451,2019-03-25,Ahmedabad,Thaltej,23.052535598659023,72.52289952284771,Apartment,2209.0,4,4,20,8,17,2,Furnished,2.1321671746804554,3.4572256962196795,2.293420455615026,6.270187467630169,79.06829684670453,9.660268478892055,22917594.0,53647.0
TXN02452,2022-02-09,Ahmedabad,Maninagar,22.99518924309146,72.60214987042836,Villa,1439.0,2,3,13,7,16,0,Furnished,2.843914069273671,3.023934771719474,1.781462674286879,21.91824411092587,66.04309438773214,6.247535232160542,10206909.0,26164.0
TXN02453,2024-01-02,Ahmedabad,Shela,23.00202101962945,72.46740989964786,Apartment,2022.0,5,4,25,3,17,1,Semi-Furnished,2.2249406228071877,3.0617928956006675,2.400043550566666,10.442852700398575,80.33632112416154,11.389919597929925,14533464.0,27470.0
TXN02454,2020-03-06,Ahmedabad,Gota,23.09716885442765,72.55093778588179,Apartment,656.0,1,1,21,4,18,0,Semi-Furnished,2.8711580091465,2.7612710843409105,2.4675854396699695,24.348308978820995,72.50657398550213,7.7228095573769355,4820221.0,10888.0
TXN02455,2020-08-26,Ahmedabad,Bopal,23.031126276754883,72.46724474781031,Apartment,597.0,1,2,2,3,19,0,Unfurnished,2.949148457501185,2.4933451407224947,2.506510967685605,5.0,78.195474498652,9.067864810767658,4278202.0,10436.0
TXN02456,2020-02-02,Ahmedabad,Gota,23.09293834395356,72.54222270859346,Apartment,1519.0,3,4,0,5,13,0,Unfurnished,3.258499182963883,3.8203771882451174,2.7085738348311197,15.68714253062501,79.2519678883267,7.698376189896791,10421110.0,24985.0
TXN02457,2023-10-01,Ahmedabad,Chandkheda,23.11631717459798,72.57882685742815,Apartment,2317.0,4,4,21,6,14,0,Semi-Furnished,2.557096379158887,3.754028131735534,3.7051172229636062,8.924977460241486,72.26048823727609,8.96079184759996,15418426.0,39609.0
TXN02458,2024-05-27,Ahmedabad,Thaltej,23.04381242778052,72.50774690060072,Row House,858.0,1,1,25,1,11,0,Semi-Furnished,2.8465857632398532,3.183351611191062,2.5013563950231807,15.771591822593209,86.7787388293873,10.145096393063962,7926007.0,17218.0
TXN02459,2025-09-10,Ahmedabad,Prahlad Nagar,23.005904731774354,72.50545453671124,Villa,1343.0,2,2,21,11,19,1,Semi-Furnished,3.078762390011778,2.885627783914559,2.308575812803143,12.829010647835869,90.01882798488745,8.803978836988959,16403825.0,37886.0
TXN02460,2019-08-30,Ahmedabad,Shela,23.012241307717304,72.46440166775821,Apartment,1301.0,2,2,19,10,14,2,Furnished,2.86314775798017,3.718198207543265,2.9800605511400207,5.0,84.06372994229305,9.480916892676195,9183632.0,21667.0
TXN02461,2022-02-28,Ahmedabad,Thaltej,23.05163949422835,72.51187614543153,Apartment,1538.0,3,3,22,8,18,0,Unfurnished,3.0776534733928296,3.8584950368518607,2.0398134523730267,5.0,70.57444863185222,9.036878233481414,13245699.0,31429.0
TXN02462,2021-04-28,Ahmedabad,Prahlad Nagar,23.01169022276568,72.51064241789528,Row House,578.0,1,1,5,9,15,2,Semi-Furnished,2.265247609703756,2.6113518515848795,2.544438508233938,14.719501501159371,60.274143934116495,7.656915528219904,7132673.0,16703.0
TXN02463,2024-03-18,Ahmedabad,Gota,23.0863170973258,72.54028026391272,Villa,602.0,1,2,11,10,17,1,Semi-Furnished,3.1369591154536436,3.0887605049766145,3.5259536086310286,18.247054858688525,82.64819643402322,8.939104238256622,4795952.0,10697.0
TXN02464,2019-10-27,Ahmedabad,Shela,23.006544154237556,72.4666293952921,Apartment,1145.0,2,2,7,10,17,2,Semi-Furnished,2.869080130562744,2.910625735435704,2.6351948401194205,12.368726165603771,70.79825145523499,10.82631456372991,7954164.0,18916.0
TXN02465,2019-03-20,Ahmedabad,Maninagar,22.988150150597463,72.6018154692538,Row House,1484.0,3,2,20,2,12,0,Semi-Furnished,2.6099401581649433,2.572784839827473,3.0097810351895604,9.537992086989385,71.090710160846,7.458862980191694,10341155.0,24625.0
TXN02466,2025-06-03,Ahmedabad,Shela,23.00373452530356,72.46868050996078,Apartment,1566.0,3,4,22,6,16,0,Semi-Furnished,2.4174273062042024,3.287424080232984,3.473159822001044,14.35786668998579,84.2897783877347,10.01998919497902,10154284.0,24936.0
TXN02467,2022-07-21,Ahmedabad,Gota,23.088152965808018,72.53865223377367,Villa,2039.0,3,3,23,7,17,0,Semi-Furnished,2.157891096510207,4.51541036744145,3.1352662671812435,5.407326020819253,78.02370574490993,12.030449553488316,16679733.0,35839.0
TXN02468,2024-08-11,Ahmedabad,Prahlad Nagar,23.01070780629081,72.50994592802509,Row House,725.0,1,2,19,9,18,0,Semi-Furnished,1.8525887762921347,2.2835212647219043,1.9031799331280759,18.22308941996576,82.42657138412713,6.883852102702816,8442336.0,20226.0
TXN02469,2022-10-07,Ahmedabad,Thaltej,23.047695789231458,72.51250399721053,Apartment,2071.0,4,3,18,7,12,2,Semi-Furnished,2.464834452174525,2.292069903379917,1.6221080567141164,15.23959169619331,82.0982244560777,7.409855077367327,18888002.0,46835.0
TXN02470,2023-05-20,Ahmedabad,Bopal,23.02665978583143,72.46710920167622,Row House,609.0,1,2,10,7,12,1,Unfurnished,2.873042620805887,3.0850255178188837,1.470629725874752,7.005366925911642,75.61076148562405,7.278449610931517,4206772.0,10266.0
TXN02471,2025-09-30,Ahmedabad,Prahlad Nagar,23.014613770100336,72.50206164764249,Apartment,1243.0,2,2,9,11,13,0,Unfurnished,1.8233986332770329,2.3871477554092393,1.7788703151218126,5.8577499254485215,78.95811253133282,10.280873338406725,13336901.0,33837.0
TXN02472,2023-09-02,Ahmedabad,Maninagar,22.9894575568795,72.60210391668264,Apartment,1614.0,2,1,20,5,5,0,Semi-Furnished,3.100588424593847,3.0210897124284024,2.3952558583528245,13.814877907302737,62.66101914705906,9.656224517019666,12276072.0,27732.0
TXN02473,2024-02-07,Ahmedabad,Gota,23.09414530833395,72.54182692202603,Row House,743.0,1,1,14,1,19,1,Furnished,2.7780408036658075,3.6102341389581,2.5540254207299977,21.755377399003184,92.03541776584889,8.20178410069825,6345821.0,13377.0
TXN02474,2024-10-16,Ahmedabad,Gota,23.088554535309704,72.53720687863239,Apartment,1571.0,4,3,18,10,17,1,Semi-Furnished,2.4313367516779385,3.7051430813162134,1.9833140794841273,8.130484846377014,84.94989109054265,8.982588568436405,12811931.0,27793.0
TXN02475,2024-01-27,Ahmedabad,Prahlad Nagar,23.01781934267903,72.50997422547509,Apartment,2315.0,4,4,2,10,12,2,Unfurnished,2.129910738555388,2.018116405648412,1.5836939008714355,5.856060940649354,81.90230982074392,10.540488351991426,33096813.0,59006.0
TXN02476,2022-01-22,Ahmedabad,Shela,23.00334814286996,72.46431062244054,Apartment,1235.0,2,3,20,12,18,0,Semi-Furnished,3.5132301569292035,4.413625130725842,2.4904507143391745,7.405092179265212,79.47959051448666,10.582262654760417,7865296.0,19117.0
TXN02477,2019-05-18,Ahmedabad,Thaltej,23.05073453654491,72.51579706451766,Villa,1882.0,3,2,3,6,15,1,Furnished,3.2238562035950658,3.3684547720056015,2.5784758123049887,19.544599616523726,81.29158780264851,8.99788336416923,18355644.0,46151.0
TXN02478,2024-12-27,Ahmedabad,Bodakdev,23.039824551709906,72.50787530310299,Apartment,1185.0,2,2,21,9,14,0,Unfurnished,2.4428324187681945,2.4727077450421127,2.004771655223068,10.348582292959911,83.10807189563315,9.536896234652632,14072175.0,35289.0
TXN02479,2024-12-15,Ahmedabad,Maninagar,23.00281664032108,72.60410718121412,Villa,1856.0,4,3,10,9,13,1,Semi-Furnished,2.156826390409365,3.3439638313461297,2.8448316058567156,17.217464975325257,64.7878112666592,7.17828904425072,13544969.0,33989.0
TXN02480,2019-04-05,Ahmedabad,Thaltej,23.05195957493794,72.51547037345564,Apartment,2216.0,5,4,14,9,18,0,Unfurnished,2.7379821546403003,2.679836381121568,2.186780773654399,12.817073863760928,79.57892458464468,8.472510316931116,20036005.0,46432.0
TXN02481,2021-06-02,Ahmedabad,Gota,23.085950414099326,72.52992678974876,Apartment,1442.0,3,3,12,3,7,2,Semi-Furnished,3.188010688207999,3.2005867555416403,2.5618709279720293,10.507546607098645,84.76201936249575,9.302785134974414,10088083.0,24326.0
TXN02482,2024-07-14,Ahmedabad,Satellite,23.025456262947326,72.51888139451722,Villa,829.0,1,1,14,1,4,0,Semi-Furnished,2.5368947191266704,3.709944766410157,2.8631212414711045,18.375415688556966,71.05455838154188,8.685908617427987,8845519.0,21395.0
TXN02483,2020-09-01,Ahmedabad,Chandkheda,23.11612615640038,72.58153857602525,Villa,763.0,1,1,15,10,12,2,Semi-Furnished,3.2636099816101556,3.3992037475026153,3.2030732161056115,8.628237608534318,80.21177343948617,9.539122841200134,5379390.0,12954.0
TXN02484,2021-02-23,Ahmedabad,Gota,23.085493882454063,72.5397765249204,Apartment,1864.0,4,4,1,10,14,1,Semi-Furnished,3.2305348734790913,3.818312750045863,2.229031295137699,5.295534077117971,72.36107817060221,7.575782983202878,15228094.0,31051.0
TXN02485,2024-02-16,Ahmedabad,Bopal,23.034790921853734,72.45531883863524,Villa,1369.0,2,2,16,6,19,0,Unfurnished,2.379612934521927,2.872802570126861,1.9777489628226952,10.166439380972376,73.74850166364917,9.042165158161684,9785112.0,24063.0
TXN02486,2023-08-07,Ahmedabad,Thaltej,23.049685072622253,72.51199631451797,Villa,1073.0,2,2,15,3,16,1,Furnished,3.2957722093195128,1.9056730066509247,2.2218167052490574,8.006365931473585,82.61330919673684,6.822477106111085,9722538.0,24685.0
TXN02487,2020-09-26,Ahmedabad,Satellite,23.0321594340245,72.52092893538745,Apartment,1140.0,2,2,8,9,19,2,Semi-Furnished,2.646115379764183,2.32053256272069,3.1814460564830878,14.36161469213913,77.24346690665723,8.806679628928418,12760407.0,28353.0
TXN02488,2023-05-17,Ahmedabad,Thaltej,23.046601955768484,72.51591474193043,Apartment,864.0,2,2,15,2,5,2,Furnished,1.9497389017459872,3.4256731958201825,2.108693446034356,8.663647444712595,79.714625949313,8.90153107675624,10191626.0,18819.0
TXN02489,2023-11-17,Ahmedabad,Shela,23.002205831347343,72.46654927476295,Apartment,1504.0,3,4,25,6,13,0,Unfurnished,3.813016161238335,2.8168369241224136,2.7230410032493886,5.0,89.23766345992617,10.700387987439436,9065366.0,23033.0
TXN02490,2019-03-06,Ahmedabad,Prahlad Nagar,23.006980333969782,72.50676483907534,Villa,869.0,2,1,10,3,5,0,Semi-Furnished,1.333212922125348,2.5264679833980894,1.7853891758077414,20.453614406483297,85.35011278215066,7.406571139507893,10014190.0,24831.0
TXN02491,2020-09-24,Ahmedabad,Maninagar,22.98960852849937,72.60213180053097,Apartment,770.0,1,1,2,12,15,1,Semi-Furnished,3.443782220440503,4.1489478387541485,2.88626081234748,15.357606811400547,69.83055479562273,7.40115936524443,5632296.0,13210.0
TXN02492,2024-08-14,Ahmedabad,Maninagar,22.994170115201843,72.60059487708322,Row House,1826.0,3,3,7,10,15,2,Unfurnished,2.916612510089783,2.7896831557720287,2.1847102412470485,22.696074521282824,61.96633148833089,7.970613807530707,13020165.0,29857.0
TXN02493,2024-02-05,Ahmedabad,Shela,23.012199592850937,72.46396865268899,Apartment,1580.0,3,2,4,4,13,2,Furnished,2.508681060620249,3.127642404374682,3.0320566194378573,13.63667510920976,83.65136896280866,6.96521596642048,11265499.0,27648.0
TXN02494,2022-12-09,Ahmedabad,Gota,23.100667817587645,72.53365339922826,Apartment,801.0,2,1,20,12,15,0,Semi-Furnished,1.6052535604679528,3.4078368252267177,2.749675603169427,18.51551701584561,76.76994087513351,8.660194876944765,5539856.0,13583.0
TXN02495,2022-10-23,Ahmedabad,Prahlad Nagar,23.013320105414568,72.50842300358934,Apartment,2253.0,5,4,1,4,19,2,Semi-Furnished,1.971766019550242,2.5258835818417276,2.2277008679864263,10.816088109587477,73.72849928309572,9.947954863949953,29361106.0,59397.0
TXN02496,2019-08-31,Ahmedabad,Bodakdev,23.04178930436879,72.50638452636797,Apartment,1102.0,1,2,19,2,12,0,Semi-Furnished,2.92720007068932,2.366575520090018,1.8732343992188167,9.587683721452679,80.17193947947878,10.605198219586288,15103072.0,29491.0
TXN02497,2021-09-02,Ahmedabad,Bodakdev,23.039281476832276,72.50597817096636,Apartment,2127.0,4,4,11,2,16,2,Semi-Furnished,2.048916751654587,3.266493696197344,1.5610310752041805,9.598344601008604,87.62860413477115,9.747290360283433,29670988.0,66977.0
TXN02498,2023-11-13,Ahmedabad,Vastrapur,23.045795043651925,72.52382311110111,Villa,2607.0,5,4,11,12,14,1,Semi-Furnished,1.9851288913727392,3.0192233712838896,2.235696388116419,16.551144502082355,71.91970460601645,7.424452875293015,27395668.0,60847.0
TXN02499,2019-12-07,Ahmedabad,Maninagar,22.99846004791095,72.60007642768704,Apartment,2455.0,4,4,14,2,5,0,Semi-Furnished,2.8869283762204896,3.618188414733391,3.3925094541312295,10.405119462334195,53.838808070847406,8.259160490715695,16191810.0,40291.0
TXN02500,2019-01-25,Ahmedabad,Bopal,23.02570045434772,72.46539762326172,Apartment,1719.0,3,4,6,9,12,2,Furnished,2.6098276631730157,3.4612108992562423,3.240130821324961,16.07337468424825,76.17703979941359,9.704002213322132,14036486.0,31255.0
TXN02501,2025-09-30,Ahmedabad,Bodakdev,23.03822203891742,72.50464412091696,Villa,1602.0,3,2,5,10,17,0,Unfurnished,2.2487709078606435,3.729799771392747,2.830342863114014,10.172339069848125,79.40853301690197,9.233251170136176,19757856.0,44947.0
TXN02502,2022-08-16,Ahmedabad,Vastrapur,23.037155406706606,72.52281813595515,Apartment,686.0,1,2,20,3,4,2,Semi-Furnished,2.0504297717145463,2.3945853613663615,1.6690322902453667,21.538114688637517,79.9775192053059,9.607192368347441,8238818.0,16454.0
TXN02503,2019-08-11,Ahmedabad,Bodakdev,23.039507206560355,72.49965782613056,Apartment,2293.0,3,2,11,1,12,0,Semi-Furnished,2.279813112110878,3.614805907766004,1.369705464509952,16.41523597497756,89.59918738401701,9.915004479419862,32118811.0,66546.0
TXN02504,2019-04-22,Ahmedabad,Shela,23.001541480133337,72.46992163137239,Apartment,1681.0,3,3,5,9,17,1,Semi-Furnished,3.0614626663257987,3.0129580804450415,3.001721358781536,8.395280210850393,79.75660540883212,8.572293476802402,10578759.0,25357.0
TXN02505,2021-02-04,Ahmedabad,Prahlad Nagar,23.01075971320564,72.50922686390476,Apartment,1973.0,4,4,17,9,16,1,Furnished,2.4722334893436995,2.8749259073773543,1.9222333438213899,5.0,74.05995848524448,9.394589177949213,25755439.0,59775.0
TXN02506,2023-08-15,Ahmedabad,Bopal,23.029117360596125,72.4698453849034,Apartment,2660.0,5,4,23,7,16,0,Semi-Furnished,3.0909651607836435,3.264977322394697,2.123619900093018,5.0,76.24282912297207,10.079603997533255,21273593.0,51194.0
TXN02507,2023-01-26,Ahmedabad,Vastrapur,23.036601996286365,72.52809911008097,Apartment,557.0,1,1,7,3,19,1,Semi-Furnished,3.4017516305786133,2.003317204040161,1.8213698523166206,10.566460681704214,73.61594334062931,7.833748405904958,5669980.0,13512.0
TXN02508,2021-07-19,Ahmedabad,Bodakdev,23.04194013722539,72.50775702462614,Villa,857.0,3,4,0,4,10,0,Semi-Furnished,1.3334337657974964,2.958774397370899,2.3439359597366574,14.687383025967982,82.16187877733422,8.595242363430193,12172703.0,24542.0
TXN02509,2025-06-25,Ahmedabad,Bopal,23.03445312331232,72.45892140020648,Apartment,1569.0,3,3,19,11,19,0,Furnished,2.835689970721373,1.9144231764904198,3.080210235782233,8.020062444308648,80.466811924163,8.882718943340649,13113884.0,28859.0
TXN02510,2023-08-09,Ahmedabad,Chandkheda,23.105846097444182,72.57555809696987,Villa,2370.0,5,4,23,5,12,2,Furnished,2.5485913112186713,3.0676977193864428,2.378518334610183,21.82226289226427,86.75305818278379,7.064744571878036,16397283.0,39758.0
TXN02511,2019-01-07,Ahmedabad,Shela,23.006222032691433,72.46673680840568,Villa,964.0,2,2,16,4,12,1,Furnished,2.632639452748485,3.264299867133779,2.8103664331081832,12.810375400878183,93.74361130766401,10.402459017015838,6886788.0,16466.0
TXN02512,2021-03-06,Ahmedabad,Prahlad Nagar,23.01521693991669,72.504956905509,Apartment,1889.0,4,4,11,12,15,1,Unfurnished,2.0111040440278636,1.8688289803227631,1.5653269236665888,8.040863757144873,77.78316710360579,8.600182004744545,21752422.0,49046.0
TXN02513,2023-03-09,Ahmedabad,Satellite,23.027274396855432,72.51659315124063,Apartment,2785.0,5,4,24,4,4,1,Semi-Furnished,2.0663349139238143,2.1303686833920206,1.9803022139854405,7.334379738698108,62.28608474343078,12.671459956291345,32745787.0,73166.0
TXN02514,2023-01-11,Ahmedabad,Gota,23.092084949479887,72.5386671960991,Apartment,974.0,2,1,24,10,19,1,Unfurnished,3.665713556493386,2.85063741903895,2.286421742172074,12.498412431601082,76.68940210545898,9.429135169623045,6596823.0,15616.0
TXN02515,2021-05-16,Ahmedabad,Maninagar,22.99903134316417,72.60110467430633,Apartment,1454.0,3,3,1,4,16,2,Furnished,2.3824722513788616,2.9359114419805765,2.893472046540851,21.934966210950062,61.26342550509798,7.460266518146369,11817130.0,24491.0
TXN02516,2019-02-05,Ahmedabad,Gota,23.080737435421398,72.5417962941856,Villa,2795.0,5,4,3,1,12,2,Semi-Furnished,2.6614910696951966,4.071104442807411,3.9224232391142984,9.179439377224094,83.3540133761237,9.921394980251572,20890475.0,46180.0
TXN02517,2020-08-25,Ahmedabad,Satellite,23.02823753422046,72.51588499328535,Apartment,2146.0,4,3,6,3,18,1,Semi-Furnished,2.409059436934314,1.9483609469199341,2.62611965977288,13.400094182793904,79.99445987549821,9.456059382336575,22775699.0,53920.0
TXN02518,2025-03-27,Ahmedabad,Gota,23.08843559705288,72.5441278150274,Apartment,1778.0,3,4,4,10,12,1,Unfurnished,3.654757363284445,3.129069194314233,3.729458407859978,14.944792327140298,93.25922662349359,9.058837095880095,13090244.0,28916.0
TXN02519,2022-03-27,Ahmedabad,Maninagar,22.991457456333023,72.60241024970335,Apartment,1528.0,2,3,9,8,8,0,Unfurnished,2.7374767594558804,2.8691083833093476,2.4270163149878687,15.950263132696604,68.74549302628589,10.84564028915769,11072250.0,24663.0
TXN02520,2019-06-21,Ahmedabad,Shela,23.004033800268065,72.4591213791307,Apartment,762.0,1,1,7,10,17,0,Semi-Furnished,1.7542154639391987,3.5053672830249103,3.3740688953167455,5.0,85.90305307748834,10.387063506728214,5381542.0,11385.0
TXN02521,2023-01-07,Ahmedabad,Bopal,23.02738971877234,72.46874165255092,Row House,1258.0,3,2,14,4,14,1,Unfurnished,3.5975343554901134,1.486436060436058,2.753866600325571,16.39633844855512,86.16198028292361,8.811086659630412,9618472.0,20993.0
TXN02522,2025-09-16,Ahmedabad,Satellite,23.03348531631382,72.518761175867,Villa,1393.0,2,2,3,3,17,1,Semi-Furnished,2.5184083841667846,2.7612338600829975,2.0946475199800934,21.427832414147517,73.21249928545997,7.599821261552024,16129760.0,33694.0
TXN02523,2022-08-17,Ahmedabad,Prahlad Nagar,23.008974142127343,72.51121640065824,Apartment,1621.0,3,2,1,9,11,0,Unfurnished,3.0843884683283136,2.6305805876814192,2.153225225076191,10.927185771561545,71.19412529010138,9.425512749939761,19145056.0,40559.0
TXN02524,2025-02-05,Ahmedabad,Vastrapur,23.040840749207405,72.52973434810468,Villa,2705.0,5,4,6,4,18,1,Furnished,1.7903671042474705,2.3002029514488216,2.0482775507130384,9.192722478757815,83.03969272632722,9.813741003057292,32955860.0,68935.0
TXN02525,2023-09-21,Ahmedabad,Bopal,23.027608437107443,72.45806207620709,Apartment,2201.0,5,4,25,7,8,1,Semi-Furnished,2.8299076124185873,4.0091229217059565,2.918402426083163,11.824744523987995,89.06684619267597,10.589376963206494,18112830.0,41685.0
TXN02526,2021-12-23,Ahmedabad,Gota,23.093717990371466,72.53992566464727,Apartment,2378.0,4,4,19,1,18,0,Semi-Furnished,2.9911806402328582,3.643301814111106,3.1357427889867475,7.949910473565907,87.71515982600349,8.816176267993246,16998267.0,40504.0
TXN02527,2020-09-18,Ahmedabad,Thaltej,23.04836322820517,72.51721100808462,Apartment,2089.0,4,3,12,9,14,0,Semi-Furnished,2.4683448789445914,2.5993327494600575,2.1992027827423812,17.376941544714853,69.65554909446189,10.675149564034328,19685903.0,47581.0
TXN02528,2024-02-05,Ahmedabad,Prahlad Nagar,23.007260408172773,72.50859690677393,Row House,2358.0,4,3,14,4,9,0,Furnished,2.372467645771441,2.7067956707024643,1.369298772738981,20.30096521497827,82.5379715746845,9.614831791540778,29819950.0,71501.0
TXN02529,2024-03-24,Ahmedabad,Prahlad Nagar,23.00761010606469,72.50016262017878,Apartment,1390.0,2,2,22,11,16,2,Furnished,2.3534648922227315,3.0409067937403904,1.6858435743753237,8.064516915762425,76.69168843572486,10.444254584018665,18860201.0,40351.0
TXN02530,2020-08-24,Ahmedabad,Chandkheda,23.11837301059341,72.57981191985044,Apartment,1969.0,4,3,25,3,8,2,Semi-Furnished,3.173461794533328,4.063477316754696,3.4077359288742035,14.436649048686236,84.42086903524188,9.423882027530993,13512744.0,29385.0
TXN02531,2022-06-09,Ahmedabad,Satellite,23.029504810942793,72.51700171546905,Apartment,1081.0,3,2,15,12,15,0,Furnished,2.2381643304123195,2.6331139268844788,1.6936895492920683,17.23254329210828,75.94521894083562,10.299313377168755,12252104.0,28005.0
TXN02532,2019-03-12,Ahmedabad,Shela,23.005992037626356,72.46557191735437,Apartment,570.0,1,1,9,3,8,1,Semi-Furnished,2.8133268359480907,3.363131145943793,2.568116457144087,16.95755507080834,76.03652292914136,9.633338780601036,3855750.0,7961.0
TXN02533,2021-04-15,Ahmedabad,Vastrapur,23.045179972862538,72.53066391651818,Apartment,2714.0,5,4,16,6,12,2,Semi-Furnished,1.8458436140928736,3.429337175707719,2.93942990756093,12.876947449199687,66.54167315366182,7.191768356478077,28075411.0,70662.0
TXN02534,2025-01-16,Ahmedabad,Shela,23.00024441529475,72.45606622897776,Row House,1318.0,2,1,8,11,17,1,Semi-Furnished,3.475561573115937,3.474198606882638,3.1187970436112025,6.3735752141417965,88.95602033074933,11.2674018120414,9245157.0,20507.0
TXN02535,2021-08-02,Ahmedabad,Satellite,23.031665646171344,72.51991035501098,Apartment,1424.0,3,3,13,9,18,0,Furnished,2.47591170987123,2.9069203083712005,2.3392125806986006,21.181175184153275,73.75665160717483,8.224307278904897,16667741.0,40157.0
TXN02536,2025-10-14,Ahmedabad,Gota,23.089490636449586,72.54273188159065,Apartment,2427.0,5,4,11,12,12,2,Semi-Furnished,2.742609102926967,4.027234625298437,2.7940940075147433,5.446706025827428,79.26395627597462,10.917868699142844,19391814.0,38468.0
TXN02537,2021-04-12,Ahmedabad,Thaltej,23.045724730333273,72.51819073699683,Apartment,801.0,1,1,23,1,12,2,Semi-Furnished,2.7001611358986555,2.1854486154624135,2.5357469921625575,12.960277736159759,75.06392527219971,10.612817329258753,8184800.0,19342.0
TXN02538,2025-05-25,Ahmedabad,Maninagar,22.990742564759085,72.59190605540137,Apartment,2616.0,4,4,25,5,16,2,Semi-Furnished,3.0319769209755405,3.3138091690118077,2.172208163353786,8.7197007099362,68.24808868354727,10.5215361673721,20395260.0,48671.0
TXN02539,2024-02-19,Ahmedabad,Shela,22.99944722584476,72.47159165428361,Apartment,1766.0,3,3,5,12,19,1,Semi-Furnished,2.7564359456501717,4.2805687026607115,3.349928913694205,7.7320788062491745,79.32579802666274,9.351833502513726,11213712.0,27146.0
TXN02540,2020-11-07,Ahmedabad,Gota,23.08803634912443,72.5396327569864,Apartment,2771.0,5,4,22,10,11,1,Semi-Furnished,3.4249755645719833,3.882908521428299,3.5393523380392082,15.355517486696392,87.8392601810434,8.646234739205719,21360311.0,47018.0
TXN02541,2021-04-05,Ahmedabad,Gota,23.090618721038798,72.54509520255141,Row House,874.0,2,1,3,12,15,2,Semi-Furnished,2.3199429946627323,3.367145988399741,2.652716623002917,15.04802988337573,74.96254482240661,8.915393455569209,7206868.0,14676.0
TXN02542,2020-03-07,Ahmedabad,Thaltej,23.05553118970997,72.515445806821,Apartment,1699.0,3,4,10,7,10,0,Furnished,3.1374858233204312,3.8578883488886317,2.6282723563518697,8.459131330262945,75.25072582250073,9.006558430401158,18608638.0,39789.0
TXN02543,2025-06-23,Ahmedabad,Prahlad Nagar,23.012459748473077,72.50726684293082,Villa,1466.0,3,4,20,6,19,0,Semi-Furnished,1.9075919987628234,3.192221248272663,2.74634115294369,17.315266121239155,77.28355443837174,8.353118747394868,17334841.0,45571.0
TXN02544,2024-08-06,Ahmedabad,Maninagar,22.99720898081574,72.6049391887015,Apartment,2778.0,5,4,14,5,8,2,Semi-Furnished,3.2624358642508984,3.196061126755435,2.85790856594669,11.610080170242796,76.0183670772496,10.029681121094052,21401611.0,46108.0
TXN02545,2022-04-14,Ahmedabad,Vastrapur,23.041111976225068,72.52782059161346,Apartment,899.0,2,2,18,11,15,2,Furnished,2.2306816324242433,2.473048333660719,2.5301570701885243,20.427946092011297,84.05182716744774,9.070655834052051,10375074.0,21338.0
TXN02546,2022-07-27,Ahmedabad,Chandkheda,23.11452775380025,72.5851672512493,Apartment,1438.0,2,3,17,8,13,1,Semi-Furnished,3.576069345523141,3.4006488103791805,2.3261121848277453,5.0,70.14649170354588,9.19600513700659,9587245.0,23279.0
TXN02547,2021-09-12,Ahmedabad,Maninagar,22.994402107421784,72.59989281417573,Apartment,553.0,1,2,4,12,12,1,Furnished,2.5606295900163487,3.0095109734410954,2.97708239305665,13.567958419012218,70.40896930658757,9.048037257473974,4455862.0,9527.0
TXN02548,2024-01-17,Ahmedabad,Satellite,23.033358262742354,72.51647244409492,Apartment,2062.0,4,4,7,12,15,1,Semi-Furnished,2.299919746923705,2.3050944720685114,2.889851799650417,13.3908978949109,67.23415678292646,7.386333229472816,23048353.0,58197.0
TXN02549,2025-01-09,Ahmedabad,Thaltej,23.048866554787566,72.50883345611996,Apartment,1966.0,3,4,9,2,12,0,Furnished,3.432568370804629,3.89584646714703,3.1973467033817102,13.35720850244627,65.97897257902842,9.50831303601606,20238164.0,47608.0
TXN02550,2022-05-22,Ahmedabad,Chandkheda,23.10836218684738,72.5850438856656,Apartment,1746.0,4,4,20,9,19,1,Semi-Furnished,2.628106068160572,3.334198079652505,2.4579973656620226,21.59071748069858,82.75704888075809,9.354950618076053,11601470.0,30013.0
TXN02551,2025-09-09,Ahmedabad,Vastrapur,23.03311317645015,72.53119736980601,Villa,2228.0,5,4,3,6,14,1,Unfurnished,1.991896561476707,3.150056173540153,2.4426435792200314,15.696091091899108,71.81927376299247,8.9159785412529,22154879.0,47567.0
TXN02552,2023-04-17,Ahmedabad,Thaltej,23.0531449572435,72.51448896141774,Apartment,2053.0,4,3,10,6,9,2,Unfurnished,2.752457616160626,2.076469578143432,1.3790889626328438,11.788034154210921,81.70156608170082,9.60971273454618,19272274.0,42983.0
TXN02553,2020-02-09,Ahmedabad,Bodakdev,23.035718690187846,72.51283042004151,Apartment,971.0,1,1,12,1,13,2,Furnished,1.7600832552707135,2.391669783800441,2.393747393717593,5.895478646210753,66.34952037535317,8.772655961126416,14788905.0,30985.0
TXN02554,2025-11-23,Ahmedabad,Bopal,23.032146359504747,72.46664245344483,Apartment,2680.0,4,4,1,1,13,1,Furnished,2.4339131761668487,4.071508472875991,2.6799752421037923,5.0,84.95571685199351,8.925571356870824,22581523.0,51997.0
TXN02555,2021-07-13,Ahmedabad,Vastrapur,23.036422688253875,72.53034122943679,Apartment,2273.0,4,4,12,11,12,1,Unfurnished,2.1972707394911066,2.690790977271521,1.3743440877847228,6.2893876505332535,62.18711118267551,9.482973689626387,23061745.0,50217.0
TXN02556,2019-06-25,Ahmedabad,Bopal,23.029558418354444,72.46556477404987,Villa,938.0,1,1,8,12,19,0,Furnished,2.4789985310811,3.46291646944777,1.5334026918056793,16.25841265407757,75.50647760613357,8.888126018704959,7214154.0,17829.0
TXN02557,2024-07-25,Ahmedabad,Shela,23.00572244207217,72.46419166622253,Apartment,1914.0,3,2,20,8,9,0,Semi-Furnished,2.69712181775289,3.5047948497755392,3.68650107619848,14.032229244970281,86.89165525951908,10.135590993807202,14201191.0,30363.0
TXN02558,2024-10-27,Ahmedabad,Shela,23.001136599509934,72.46353114797499,Apartment,2229.0,5,4,2,6,8,0,Semi-Furnished,2.7880300341348003,4.11134225959433,3.721455428710078,19.3466281353498,84.68561874473644,9.792908977311058,15863851.0,33105.0
TXN02559,2021-07-02,Ahmedabad,Gota,23.086372716623547,72.53245939321626,Apartment,2236.0,5,4,20,8,19,0,Semi-Furnished,2.455678182535064,3.231961802380666,2.840361549429266,15.667518175488095,76.55178596928529,9.488387141037592,18345736.0,38614.0
TXN02560,2023-03-10,Ahmedabad,Vastrapur,23.037937375269525,72.5294063104323,Apartment,1487.0,2,2,24,5,16,0,Unfurnished,2.3197518033198263,2.1869452271365364,2.8880891944730527,21.027191137618622,73.76072397288193,7.327871750586455,14221872.0,34130.0
TXN02561,2019-07-02,Ahmedabad,Vastrapur,23.034949262545947,72.5321351382025,Apartment,2101.0,3,3,8,8,15,1,Semi-Furnished,2.2353082542478635,2.717219915747709,2.3927193672276936,15.108363580952034,61.93982067449234,10.306719311389482,23668558.0,52329.0
TXN02562,2022-11-06,Ahmedabad,Satellite,23.026222330682472,72.5149389384259,Villa,1680.0,2,2,8,4,16,0,Furnished,2.141769702654815,1.7831552959860457,2.9722923642124077,7.66987462420141,79.71709644700191,10.863046220598346,20904850.0,48516.0
TXN02563,2025-01-05,Ahmedabad,Bodakdev,23.04076342257734,72.50361806125397,Villa,2454.0,4,4,7,4,14,0,Unfurnished,1.9630289997153625,2.1822434288976025,2.4420595186863774,17.025266430001228,76.29382784613219,9.798182424433575,28920108.0,67907.0
TXN02564,2022-12-25,Ahmedabad,Bopal,23.02614272028049,72.46442961540879,Apartment,671.0,1,1,20,1,15,2,Furnished,2.8756769609734425,2.7227888000868763,2.8187464336745314,8.362930993237569,75.81997716151093,10.259989681940755,5990780.0,12251.0
TXN02565,2022-06-09,Ahmedabad,Chandkheda,23.11348914640501,72.58425108297108,Apartment,2655.0,4,4,19,11,14,1,Semi-Furnished,2.5181798272857012,3.4777518856610516,3.726660721778304,9.557743979160538,77.56737314714645,9.003112137628321,19165785.0,42672.0
TXN02566,2025-02-12,Ahmedabad,Shela,23.010156017124544,72.46404016244597,Apartment,926.0,1,1,10,1,11,2,Unfurnished,2.8334608542947377,3.9062844246784576,2.76551797025843,5.0,96.14207421207496,8.413629499014084,6013500.0,12861.0
TXN02567,2024-07-09,Ahmedabad,Bopal,23.026135788981115,72.46900447438733,Row House,2005.0,4,4,24,11,15,1,Semi-Furnished,2.4219960518133,3.05457118117584,2.782238229522571,14.872582719445736,92.90432811588853,9.050724164194289,16512293.0,36162.0
TXN02568,2024-06-27,Ahmedabad,Prahlad Nagar,23.013514546472443,72.5112505161432,Apartment,668.0,1,1,1,10,14,2,Unfurnished,2.444638497129868,2.275185771802484,2.056159746420163,17.81581756856655,75.88943230641668,10.488834311251914,8406306.0,16419.0
TXN02569,2025-04-04,Ahmedabad,Chandkheda,23.110396362501657,72.58673495211073,Apartment,2718.0,5,4,2,12,15,1,Semi-Furnished,2.5030695548821162,3.472178957165472,3.0878517403964185,10.485082042846514,90.27500702063062,6.968108429453515,19302209.0,44925.0
TXN02570,2019-07-18,Ahmedabad,Satellite,23.02891753871779,72.518956243957,Villa,945.0,2,1,4,2,11,0,Furnished,1.9768713048115207,2.7451619385430255,2.495928029040941,13.771731740575666,77.75714381016357,9.439604049035268,11878538.0,25923.0
TXN02571,2021-05-31,Ahmedabad,Maninagar,22.99964087086653,72.59468673276548,Apartment,2149.0,4,3,0,12,13,2,Semi-Furnished,3.1447492171979374,2.8713120212193486,2.8671555949991334,29.403730115929893,76.72510216620731,9.369614159010355,17163193.0,35673.0
TXN02572,2023-06-23,Ahmedabad,Prahlad Nagar,23.009112389302345,72.50994978564749,Apartment,1922.0,4,3,12,11,16,1,Furnished,2.4052715831142035,2.5851533537867435,2.5873422164975803,14.721370618534383,81.22560147392217,9.01280622382615,24730161.0,59446.0
TXN02573,2020-09-15,Ahmedabad,Thaltej,23.046744198668957,72.52098604081432,Apartment,2006.0,4,4,6,5,16,1,Furnished,2.470835699690839,3.4560063649628856,2.3727136921242504,20.73721779344556,84.66933498354663,5.499363417451854,18127466.0,47434.0
TXN02574,2021-07-26,Ahmedabad,Shela,22.999123637243343,72.46921459640755,Villa,922.0,2,3,24,6,9,1,Unfurnished,3.5149576036144863,3.8761315213106236,3.1636284374261012,10.653379568217467,84.05284443665981,7.126749274187277,5451613.0,14109.0
TXN02575,2019-09-10,Ahmedabad,Shela,23.005964910079193,72.4672105490346,Apartment,2180.0,4,3,8,5,11,1,Furnished,1.9671372730164292,3.835475212039457,2.967551832040946,6.000342994876043,84.70664098589221,12.349769972634213,17149938.0,35938.0
TXN02576,2019-09-23,Ahmedabad,Gota,23.09266134978921,72.54558685468,Apartment,2136.0,4,4,0,8,9,0,Semi-Furnished,2.5700442393843703,4.639334649112586,3.3386780080440532,13.161088735628276,85.63633960896536,11.32351604629567,17708420.0,34828.0
TXN02577,2023-03-02,Ahmedabad,Chandkheda,23.11194210656989,72.57753342524319,Apartment,1386.0,2,3,2,2,18,2,Unfurnished,2.633707676319493,4.615684371107543,2.7553674849670418,9.505585083373065,78.25940025446714,9.898786950293928,10231670.0,21982.0
TXN02578,2023-02-22,Ahmedabad,Chandkheda,23.106674247497985,72.58434564429783,Row House,1602.0,3,4,23,12,17,2,Furnished,3.031570206394559,3.892096216388823,2.6878567853361557,8.599570304447175,80.99292612151369,10.098169427406695,13296198.0,28061.0
TXN02579,2025-06-17,Ahmedabad,Chandkheda,23.113838731214166,72.58551374521369,Apartment,743.0,2,1,15,10,14,1,Semi-Furnished,3.026667071914478,3.658255670800164,2.739190457891423,17.77896006154584,72.77763564394411,7.858994578547088,5506537.0,11742.0
TXN02580,2025-12-15,Ahmedabad,Satellite,23.02136720111755,72.51841782069394,Apartment,1831.0,4,4,8,4,10,2,Unfurnished,1.7578707313587092,2.013167522679505,2.196260551620495,14.66914157592519,75.49841570405572,7.377359221491459,19609550.0,43420.0
TXN02581,2020-02-03,Ahmedabad,Bodakdev,23.03937804217181,72.49685836888648,Villa,1862.0,3,2,24,2,4,2,Semi-Furnished,1.7288714176626345,2.7435947243730006,2.0421294309128095,12.129568492685634,79.64361372565482,6.890754365215404,24974253.0,57860.0
TXN02582,2025-07-14,Ahmedabad,Maninagar,22.994032508226923,72.59751269557277,Apartment,1937.0,3,4,20,4,14,1,Furnished,3.0881641746426003,2.376751395198041,2.463011557563016,21.908628944818588,69.19535016100436,8.407982826641344,14866932.0,34475.0
TXN02583,2019-09-02,Ahmedabad,Bopal,23.03126172568557,72.46398044175572,Apartment,1977.0,4,3,11,8,17,1,Semi-Furnished,2.476639020997098,3.3341999181753343,3.384198745470105,5.5057721197383,90.79610492949149,8.507939361500647,15618741.0,37549.0
TXN02584,2025-06-20,Ahmedabad,Prahlad Nagar,23.01206593228581,72.50794486078509,Apartment,847.0,2,2,25,6,10,0,Furnished,1.4756379561863961,2.703706962923447,1.753839014252452,21.414640841838047,84.05101337375028,8.461582603364352,10586914.0,25915.0
TXN02585,2020-12-17,Ahmedabad,Vastrapur,23.04271438360038,72.52605108391019,Apartment,2475.0,4,4,24,9,12,0,Unfurnished,2.7743557000369754,2.534291729413279,2.7166501847994278,21.63055375424665,73.21123655941433,9.586582863385999,21206298.0,54308.0
TXN02586,2023-09-11,Ahmedabad,Vastrapur,23.04403582716571,72.52922044220225,Apartment,664.0,1,2,12,10,18,0,Furnished,1.502288990124685,2.7904054339362943,1.6758880680169892,15.942700189996632,86.1623433830828,8.615870216464419,7214746.0,18344.0
TXN02587,2021-06-21,Ahmedabad,Satellite,23.02606951834392,72.51621494033898,Row House,1956.0,3,3,14,8,15,0,Semi-Furnished,2.29299247634507,2.5809095936948667,2.5474233341139643,13.121974243909987,76.55334738960568,7.940189308548296,21782417.0,48681.0
TXN02588,2020-11-02,Ahmedabad,Thaltej,23.05666785997481,72.51749355180263,Apartment,2186.0,4,3,16,6,11,0,Semi-Furnished,3.113670869503967,3.630876501103016,2.6605807662855234,13.900539695996283,81.10094183147305,9.066698492690787,19968493.0,47464.0
TXN02589,2024-03-03,Ahmedabad,Bopal,23.03938788888175,72.47035221126109,Apartment,1247.0,2,2,23,5,12,2,Unfurnished,3.187545508678333,3.0926189204702146,3.175643574536891,21.524555724232506,81.5564451196185,11.462924570982473,9373196.0,21343.0
TXN02590,2024-04-24,Ahmedabad,Thaltej,23.048210001169384,72.51121461788296,Apartment,2227.0,5,4,25,6,7,2,Unfurnished,2.6051659184086184,3.262690266983376,2.1029414579702874,12.48061627171308,80.77153610674831,8.629969174598479,20311213.0,42302.0
TXN02591,2019-12-02,Ahmedabad,Maninagar,22.996302785227762,72.5972867259344,Apartment,780.0,2,2,12,6,9,0,Unfurnished,2.522634630602008,3.1781144892178075,2.8549458755000567,20.190813982219787,67.42335993430092,7.505042350365716,5348187.0,11224.0
TXN02592,2025-05-02,Ahmedabad,Satellite,23.031365075062155,72.50676979921498,Apartment,1657.0,3,2,2,2,17,2,Furnished,2.446881802538347,2.806634520630316,1.6185543521948527,17.911901663327075,82.28760960014885,9.069546194116747,20906395.0,45615.0
TXN02593,2021-08-15,Ahmedabad,Thaltej,23.050255742046097,72.51860230120961,Apartment,852.0,1,1,1,10,11,1,Semi-Furnished,2.6002048552082355,3.416150498761161,2.2945814025153295,13.459902608774708,76.33285068955863,10.184612812931471,8184700.0,18792.0
TXN02594,2024-07-22,Ahmedabad,Satellite,23.025638646691252,72.51977799124245,Apartment,2442.0,4,4,5,5,18,0,Semi-Furnished,2.046357718894574,2.090018219029204,2.2617374609329173,17.986414873596274,76.72939318326746,7.117963700352838,26188714.0,58864.0
TXN02595,2025-08-10,Ahmedabad,Vastrapur,23.036428894326573,72.52924104920668,Apartment,2459.0,5,4,3,10,10,0,Semi-Furnished,3.5411243598766777,2.8035360446750075,1.627552082172929,19.257067027034246,76.05300732569998,10.28812817279535,27034141.0,57545.0
TXN02596,2020-03-09,Ahmedabad,Maninagar,22.995381285814986,72.60504414604343,Row House,2152.0,5,4,11,11,16,0,Furnished,2.6664008717861187,3.3503467111799248,2.7384612788442726,20.2310745505148,65.68966470574352,10.580570595347838,17690576.0,40172.0
TXN02597,2019-07-26,Ahmedabad,Bopal,23.028421825142907,72.47443014893271,Apartment,2370.0,5,4,15,2,11,1,Unfurnished,2.5243831648763977,3.96190967659006,2.672368483625083,7.828760973690715,84.75780425532191,10.605692567382428,17869492.0,39298.0
TXN02598,2025-10-05,Ahmedabad,Bopal,23.035187913114356,72.46388498476085,Row House,1572.0,3,4,19,6,8,1,Semi-Furnished,2.231644363382755,2.9897398490912885,2.825838045289207,5.0,83.12559040250476,10.68176360612837,12176185.0,27195.0
TXN02599,2022-05-18,Ahmedabad,Gota,23.092266008965737,72.54069971802254,Apartment,1395.0,2,2,6,10,11,2,Semi-Furnished,1.356473813539608,3.652875019019161,2.5574813207253344,5.0,78.30419138694869,9.499790362987516,10286022.0,24312.0
TXN02600,2024-12-03,Ahmedabad,Thaltej,23.055202895307602,72.51113275329821,Apartment,2286.0,3,4,3,1,8,2,Furnished,2.2283218291416738,2.9088611170929584,2.9571915075196262,22.363331762417054,66.63555621214802,10.780486028750706,24834481.0,55611.0
TXN02601,2019-09-15,Ahmedabad,Satellite,23.022460407383807,72.51170309511087,Row House,1909.0,4,4,4,8,11,1,Semi-Furnished,3.775179128802859,2.534670545542107,3.3929369020141857,23.35429750343945,76.17070724695836,6.813711733546068,19524233.0,47964.0
TXN02602,2022-01-02,Ahmedabad,Chandkheda,23.112400392097555,72.57999243285462,Apartment,2695.0,5,4,15,12,17,1,Semi-Furnished,2.826847641103292,3.719201398373171,2.223685493137805,16.712042392918793,89.31117782351015,7.743078579646913,18934457.0,45722.0
TXN02603,2024-11-10,Ahmedabad,Prahlad Nagar,23.00996122982203,72.50291010730685,Apartment,1801.0,4,3,17,1,17,0,Semi-Furnished,2.0257103220506556,2.139223873126345,2.590001880422664,17.776283249994034,78.42926115070003,9.599115684554963,21294218.0,51652.0
TXN02604,2025-04-07,Ahmedabad,Maninagar,22.998015213668737,72.59910094016506,Apartment,2694.0,4,3,1,5,12,0,Unfurnished,2.3058689276940973,4.25489242005036,2.6519205367923595,20.30943033205855,63.119058006080905,9.547634366463981,20147576.0,43867.0
TXN02605,2022-10-26,Ahmedabad,Shela,23.003262756901563,72.47247616961694,Apartment,1959.0,4,4,7,9,19,0,Semi-Furnished,2.832189977112722,3.6632441252815933,2.7625928616046065,11.700292885590937,97.6616672966975,9.6445103915892,12698743.0,30182.0
TXN02606,2019-09-17,Ahmedabad,Maninagar,22.99486818673322,72.60225167054966,Apartment,2534.0,5,4,8,7,16,2,Unfurnished,3.389391630725954,2.9553242981533256,2.7745167767085324,16.081356850742115,73.4887457771158,8.45073501820176,17292828.0,35460.0
TXN02607,2024-04-10,Ahmedabad,Chandkheda,23.100620471344037,72.57190824877588,Apartment,2262.0,4,4,19,12,13,1,Unfurnished,2.39196449233621,3.4026765553812925,2.440870169184571,18.762036921604068,82.23440993997517,7.277486716026333,14485028.0,35571.0
TXN02608,2024-07-16,Ahmedabad,Prahlad Nagar,23.014739584940305,72.50714683369375,Apartment,765.0,1,1,20,3,7,1,Semi-Furnished,1.3161759822830912,2.3353345270621424,1.8885149759585544,11.95788065338742,72.10831022916649,12.283332979648195,10396887.0,21658.0
TXN02609,2019-06-22,Ahmedabad,Chandkheda,23.109009623181976,72.57687882700299,Apartment,2137.0,4,4,21,1,14,0,Unfurnished,2.575233836290045,3.5204275901194233,3.169558699060286,16.889620909653605,81.75616750838635,10.515103251007977,14240093.0,32611.0
TXN02610,2025-01-15,Ahmedabad,Maninagar,22.995312847153517,72.60810131183094,Villa,2615.0,5,4,23,3,9,1,Semi-Furnished,3.1009962107464233,2.426438097666944,3.031282511720449,15.293464730997622,79.49889716025498,8.93718226480191,18402247.0,42286.0
TXN02611,2020-01-12,Ahmedabad,Thaltej,23.054148609442894,72.5159282974243,Apartment,557.0,1,2,21,7,16,0,Furnished,2.92319707073255,2.3936880057063754,2.3584333595459372,16.36791563204014,69.52436369153452,7.784013962478564,5356522.0,13340.0
TXN02612,2023-11-17,Ahmedabad,Gota,23.092370407589502,72.53979480157294,Apartment,1473.0,3,3,21,1,9,0,Semi-Furnished,1.9964276939806889,3.684453955445809,2.4475764901786583,13.17173247299106,82.61989365050756,7.468958891810791,10267229.0,24794.0
TXN02613,2025-09-14,Ahmedabad,Bodakdev,23.033329466933658,72.50729209581955,Apartment,1860.0,4,4,23,11,13,2,Unfurnished,2.6841339300303386,2.7502808559738705,2.528510061836686,9.547082562127324,85.69963494920368,10.670724335438276,23930108.0,53640.0
TXN02614,2019-01-16,Ahmedabad,Maninagar,22.99949219499651,72.60526155520449,Apartment,2558.0,5,4,20,3,13,0,Furnished,3.2299964651234694,4.091257554194677,2.6938480384583334,15.077486859673026,69.70433222792163,7.918731678817131,18866031.0,42633.0
TXN02615,2020-07-31,Ahmedabad,Prahlad Nagar,23.007485692499902,72.50854641515278,Row House,1654.0,3,3,4,10,14,2,Semi-Furnished,2.1472172845146553,3.0492039249161875,1.9529183934481886,7.82710458963183,80.81778159037925,8.619742302563928,20965645.0,43072.0
TXN02616,2022-09-22,Ahmedabad,Chandkheda,23.110418296964514,72.5847855297206,Apartment,2523.0,4,3,14,11,14,2,Furnished,3.5759794616925014,3.036250958007185,2.7306412547195533,8.981943618127275,77.75747880440058,10.93496556042885,19528404.0,44309.0
TXN02617,2019-11-04,Ahmedabad,Thaltej,23.04859077487564,72.51669736372394,Villa,1858.0,3,3,16,9,18,0,Semi-Furnished,2.7361902214451908,3.354694627031507,2.4998546280539036,14.024299596411058,79.37607247782323,10.08246488980279,18295842.0,40909.0
TXN02618,2022-09-01,Ahmedabad,Gota,23.091611953202815,72.53782214480943,Apartment,819.0,2,3,9,7,9,2,Semi-Furnished,2.5715376409626383,2.848548106116642,2.6936278396361106,8.559274608764925,79.7587352498276,9.551324051694639,6148802.0,15230.0
TXN02619,2024-07-09,Ahmedabad,Bodakdev,23.03629708161692,72.51270064482259,Apartment,1253.0,2,3,15,8,17,1,Unfurnished,2.4997660240169406,2.7845535919565045,2.703697099790074,13.61076517783491,80.5597417221675,9.619780665899402,16001809.0,32605.0
TXN02620,2019-02-27,Ahmedabad,Shela,23.011379911625458,72.46024168366897,Villa,2487.0,5,4,10,9,9,2,Furnished,3.629530150003629,3.405942420275996,3.393363916326757,14.41097798910743,95.05746806917558,8.908906848309673,19084504.0,38763.0
TXN02621,2023-06-15,Ahmedabad,Prahlad Nagar,23.007978401754325,72.50102110269235,Apartment,665.0,2,3,22,9,18,1,Unfurnished,2.0568621567112375,2.3989931581828556,2.6428330595910903,9.664736656178444,69.13652261179153,8.332599353326815,7412944.0,17400.0
TXN02622,2019-10-08,Ahmedabad,Vastrapur,23.039390827888223,72.53559152111515,Apartment,1927.0,3,4,9,1,17,0,Unfurnished,3.0291424432916116,3.191701614500661,2.2374184316573924,9.009710280953446,71.16181409496146,7.151910495107229,17304471.0,42644.0
TXN02623,2024-10-13,Ahmedabad,Thaltej,23.05811003033389,72.5138896005051,Villa,837.0,1,1,14,5,13,0,Semi-Furnished,2.627562545287737,3.4061445045477923,2.226053776117615,20.76468003447121,78.90611878150388,8.481328860581378,7745493.0,19109.0
TXN02624,2021-01-05,Ahmedabad,Bopal,23.03506119007916,72.46566434850789,Apartment,600.0,1,1,19,9,15,0,Unfurnished,1.2782271968446097,3.927769736299597,3.599678888444016,13.242546941063459,75.41907492659317,8.343953345469027,3911904.0,10482.0
TXN02625,2022-04-16,Ahmedabad,Prahlad Nagar,23.01178498496326,72.50755168835776,Apartment,1369.0,2,3,11,3,15,1,Unfurnished,2.10749027785388,2.4577907629515003,2.4175264436081894,14.258277973843061,72.9041765118545,10.33529121199014,16857314.0,34002.0
TXN02626,2023-08-08,Ahmedabad,Bodakdev,23.03572206367707,72.51407676689784,Row House,2239.0,4,3,9,2,12,1,Unfurnished,2.1246325430563218,2.213085021876944,2.1473626043144325,11.33974963920544,77.06211933681806,8.009366176648502,25726474.0,61551.0
TXN02627,2025-11-14,Ahmedabad,Maninagar,22.994103997462087,72.58905895419396,Apartment,732.0,1,1,6,10,16,2,Furnished,2.1579153427531956,3.3275939875575387,1.9614215143345417,17.331099907456398,71.43788512027484,8.291768204049827,6035346.0,13329.0
TXN02628,2023-05-31,Ahmedabad,Satellite,23.026501738425697,72.51680540117866,Villa,2035.0,4,4,22,4,9,0,Semi-Furnished,2.872560102918279,2.5006100119671504,2.9133725643910946,11.806155037496099,76.48374022068653,9.646572761433536,22688056.0,52739.0
TXN02629,2020-07-11,Ahmedabad,Thaltej,23.042013646046478,72.51376777762867,Row House,2153.0,4,3,20,4,14,0,Unfurnished,2.535853629728096,3.324263431562911,3.1916082907529812,10.74647920903692,81.50878799556017,8.649712435234482,18457532.0,44719.0
TXN02630,2019-02-15,Ahmedabad,Prahlad Nagar,23.012939432166434,72.51518604005933,Apartment,1832.0,4,4,23,4,19,1,Unfurnished,3.1853414978677668,2.5750790238780414,1.562390647906613,8.530272913939195,68.02974799518661,9.78883780441392,20982243.0,47430.0
TXN02631,2020-04-08,Ahmedabad,Bopal,23.026630707539198,72.46719819825685,Apartment,2442.0,5,4,3,12,14,0,Semi-Furnished,2.0961111592295762,3.4917754631350544,1.4443186427385013,15.243505683761615,80.2611249704034,10.5387307031533,20421606.0,41619.0
TXN02632,2022-12-11,Ahmedabad,Gota,23.0889049507834,72.54399727665026,Row House,959.0,2,3,12,6,14,1,Semi-Furnished,3.012413549015234,2.902109657720275,3.441617004315851,16.152549265357926,76.18693897003271,11.87106687688694,7403619.0,17252.0
TXN02633,2022-09-04,Ahmedabad,Chandkheda,23.107616933076606,72.57099235285209,Row House,1942.0,4,3,1,1,9,1,Furnished,2.809094799890834,4.460345446866323,2.2701365102883684,10.970130623231015,83.85980475698537,9.369901673538793,14628057.0,33777.0
TXN02634,2023-09-06,Ahmedabad,Chandkheda,23.10881321248632,72.58639345381953,Apartment,2431.0,4,3,9,6,7,0,Unfurnished,3.3406096641575638,3.2724765579142194,3.238709312716694,5.0,85.4161499212953,9.729058645298664,16902450.0,34895.0
TXN02635,2021-11-10,Ahmedabad,Satellite,23.03002022467129,72.52385447625312,Row House,2544.0,5,4,15,12,14,2,Unfurnished,1.8793010079426118,2.255113997498262,2.0985379033272697,12.766864213883824,75.0828445599357,9.29083928109543,26986310.0,65206.0
TXN02636,2020-03-15,Ahmedabad,Bodakdev,23.04071996600411,72.50354466522268,Apartment,1839.0,3,4,23,5,11,1,Furnished,1.9743150311238757,3.5087286716624497,2.0535139904512443,14.350971219931584,81.60899872147809,9.371688615886333,27528496.0,63767.0
TXN02637,2024-02-04,Ahmedabad,Bopal,23.030061193221627,72.46996149106415,Apartment,707.0,1,1,17,5,9,0,Furnished,3.2200466089515265,3.4562882100186254,2.9971201051827068,7.1775385226925295,85.97979027439267,9.01575135537364,5501982.0,13231.0
TXN02638,2021-04-25,Ahmedabad,Gota,23.09123120169337,72.53903108275243,Apartment,2531.0,4,3,9,4,11,0,Furnished,2.9359765915320706,2.8642060093631896,3.242957567368487,12.380153103850041,76.70033597781172,10.03447942224675,19462946.0,45899.0
TXN02639,2019-10-30,Ahmedabad,Thaltej,23.04501758361646,72.51522545245308,Apartment,986.0,2,1,9,1,16,0,Semi-Furnished,2.741810952722139,3.257010642609639,2.2440351528382774,22.990440203856984,77.06320555777522,9.524131237003703,9730173.0,22737.0
TXN02640,2021-01-08,Ahmedabad,Prahlad Nagar,23.007305068138525,72.51065866586072,Villa,2230.0,4,4,1,8,17,2,Semi-Furnished,1.9600361882389465,2.2923079886809865,3.0633828758799044,9.217307679514864,75.41002348031346,10.66430209474035,30057058.0,63668.0
TXN02641,2019-01-25,Ahmedabad,Vastrapur,23.036385195522303,72.53116880559267,Apartment,1486.0,2,3,15,11,11,2,Semi-Furnished,2.0602838108246218,3.317148795441513,2.3917675665675375,7.09738117212812,65.42905454486572,8.13035855215093,16102623.0,34991.0
TXN02642,2020-06-25,Ahmedabad,Maninagar,22.997577525287827,72.60014680732111,Apartment,2138.0,4,4,3,6,13,2,Semi-Furnished,2.8163946229747534,3.61989694851629,2.549589175254475,16.364915769082863,75.60750525949783,8.141350509983496,16283721.0,33727.0
TXN02643,2020-04-05,Ahmedabad,Vastrapur,23.044895378066357,72.5295311507385,Apartment,628.0,2,2,16,1,13,2,Semi-Furnished,2.805801037524351,2.40307882698533,1.837846086533256,10.418479397978713,58.6596184556992,9.76990329501972,7045734.0,15183.0
TXN02644,2020-03-08,Ahmedabad,Maninagar,22.991593882965176,72.60278759726464,Apartment,1311.0,2,3,7,2,8,2,Semi-Furnished,2.4840376528307746,3.8679734691949657,2.7271488747984822,15.460698269247253,68.1910792789928,7.226363643144352,9179359.0,21880.0
TXN02645,2020-02-23,Ahmedabad,Bodakdev,23.036563296331387,72.5066955561876,Villa,2104.0,4,3,20,3,6,0,Unfurnished,2.92284965614356,3.3171741475254812,1.617294987655051,6.267804923136545,85.83166022454475,8.792174033597416,25229725.0,57690.0
TXN02646,2023-08-10,Ahmedabad,Bopal,23.031186245993034,72.46911006523054,Villa,1886.0,3,2,19,10,18,1,Semi-Furnished,2.7802850730771285,4.028783095268601,1.939909886482004,5.0,70.28215992316652,8.019653852922447,13884910.0,34952.0
TXN02647,2020-09-05,Ahmedabad,Gota,23.091854654674613,72.5437369231148,Villa,1210.0,2,3,15,8,16,1,Unfurnished,2.883208948232192,4.117982753472304,3.2053605916802725,12.30507042961849,76.13322826864875,8.954230478146904,8452279.0,20878.0
TXN02648,2022-05-06,Ahmedabad,Chandkheda,23.10853874307553,72.57530672678318,Apartment,1666.0,4,3,18,3,8,1,Semi-Furnished,2.6463639957839264,3.418342836443356,2.4863398852788787,9.417137881234583,85.04632934206128,10.640093937102126,12418012.0,28839.0
TXN02649,2024-11-11,Ahmedabad,Bopal,23.03018366961461,72.46893457877312,Villa,1411.0,3,4,18,3,5,2,Unfurnished,2.661590887489883,3.4749710090495087,3.8249709600102983,5.0,80.46003871554154,8.557215786983873,10073775.0,22837.0
TXN02650,2025-09-12,Ahmedabad,Bopal,23.030465234087714,72.46151761030482,Apartment,2128.0,4,3,21,12,18,0,Furnished,2.805764569703481,2.84619143923269,2.8092162834886976,8.836666931707198,90.25290000402713,7.736620860123622,16582424.0,40033.0
TXN02651,2021-07-22,Ahmedabad,Chandkheda,23.10551891446725,72.57574150626301,Apartment,1034.0,1,1,7,12,18,0,Unfurnished,2.616969087455887,3.517605439984944,3.2482531669601196,21.272562435877237,74.09531880252838,9.856724907649497,6975031.0,17201.0
TXN02652,2022-11-05,Ahmedabad,Chandkheda,23.105241713099332,72.58349310709926,Villa,1303.0,3,2,5,3,18,2,Semi-Furnished,3.0333256168399605,3.773609373601953,3.5927745686030175,10.874713647306127,77.54901329605042,9.640271764309098,9528472.0,21226.0
TXN02653,2019-01-28,Ahmedabad,Bopal,23.026992793543705,72.46287217442001,Apartment,2244.0,4,4,11,11,17,0,Semi-Furnished,2.4554263606594198,3.496086770516571,3.0340388045276745,14.88525624408474,75.80105113953078,9.475583153389838,18033583.0,38935.0
TXN02654,2020-06-27,Ahmedabad,Satellite,23.023518139057586,72.50840948372027,Apartment,1498.0,3,3,2,3,17,0,Semi-Furnished,1.5102224824079113,3.2168560551615335,2.2069929234223644,24.370467672242345,73.16114979634649,8.15471110247806,16833409.0,36459.0
TXN02655,2020-08-16,Ahmedabad,Bopal,23.026799691002257,72.46062002099893,Apartment,2505.0,4,3,17,7,7,1,Semi-Furnished,2.834425851959227,2.7002648587417815,3.099472194859545,8.895168547315384,80.27943943488555,9.591175370918615,19441684.0,43117.0
TXN02656,2021-09-15,Ahmedabad,Bopal,23.02518111921422,72.46828524814275,Apartment,1723.0,2,1,20,11,11,0,Semi-Furnished,3.373281817282795,3.0434810913144723,3.1858145401557043,13.613000630108594,84.1264763205843,7.70347640319237,12200261.0,29195.0
TXN02657,2019-08-13,Ahmedabad,Shela,23.00590630276157,72.47041137700498,Apartment,2366.0,4,4,17,2,16,0,Semi-Furnished,2.6722098623205213,4.533863370804851,2.803567041930826,5.0,91.2141019781966,9.478866393488348,15505384.0,38051.0
TXN02658,2021-04-16,Ahmedabad,Bopal,23.03195147010615,72.47036736594221,Apartment,2205.0,4,3,6,6,13,0,Semi-Furnished,2.874651978713261,3.567918521305743,2.834095648135153,15.704130967435342,80.65363490513572,8.045688347587769,15448646.0,39968.0
TXN02659,2020-05-08,Ahmedabad,Vastrapur,23.035725445465193,72.5347286643266,Apartment,2303.0,5,4,20,11,11,0,Semi-Furnished,2.112559524110969,2.989026750164169,2.301561291533914,26.205417782301446,67.17714392220635,9.844219620894208,24334495.0,58691.0
TXN02660,2020-06-20,Ahmedabad,Maninagar,22.997675343791293,72.60334919582925,Apartment,1539.0,3,4,20,11,12,2,Furnished,4.017851749077943,3.2187742144656846,2.277307910980039,8.63839571277712,65.8376158076518,10.122618104781086,13153570.0,31441.0
TXN02661,2021-07-20,Ahmedabad,Satellite,23.029378811131185,72.51299819110886,Row House,2668.0,4,4,22,5,8,2,Furnished,2.917150139953441,2.387693339502164,1.5669281473028844,17.682277467601594,70.65840727521731,10.209907482470173,33689790.0,65167.0
TXN02662,2023-07-28,Ahmedabad,Satellite,23.037268223222686,72.51556277165486,Apartment,2364.0,4,4,21,4,12,2,Semi-Furnished,2.1186876002055977,2.9956918372934527,1.8673997590547802,16.83652406907534,67.8411559213145,10.524286874563888,26697042.0,57216.0
TXN02663,2019-05-10,Ahmedabad,Maninagar,22.99779942831906,72.60213245870624,Apartment,2308.0,3,2,11,9,18,1,Semi-Furnished,2.763932252052767,3.290193494232274,2.436442311907962,21.428301379257856,60.630124330808606,10.400091477354401,17077794.0,39030.0
TXN02664,2023-12-24,Ahmedabad,Prahlad Nagar,23.01093803823061,72.51605766443402,Row House,1302.0,2,1,3,8,9,0,Furnished,2.1460699248138573,3.759076578056179,1.9734817226559522,20.42171127656572,82.82256151078322,10.887983483869768,17326722.0,39276.0
TXN02665,2025-06-01,Ahmedabad,Shela,23.004639198902428,72.46941069525715,Row House,1726.0,4,3,14,2,10,2,Semi-Furnished,2.8932935988491444,4.085427398331657,2.761949110261612,14.382174377623969,94.02677102594423,9.294161519529466,12453460.0,27498.0
TXN02666,2022-09-03,Ahmedabad,Bopal,23.033796890415054,72.46358729365578,Apartment,2161.0,2,1,21,4,8,1,Unfurnished,3.3996836722315393,3.5286212218205404,1.7356056110281322,10.535874962984312,83.66952743745382,11.06054469169598,16664984.0,35672.0
TXN02667,2019-09-13,Ahmedabad,Satellite,23.02748863933446,72.52069540316826,Apartment,2293.0,4,3,17,2,18,0,Furnished,2.848827508910959,2.118042461813798,1.9122718719365306,14.676276159007427,77.1888216984817,9.914294187579797,26720028.0,65055.0
TXN02668,2020-10-17,Ahmedabad,Bopal,23.033745772853454,72.4645679212027,Villa,2740.0,5,4,20,4,4,2,Semi-Furnished,2.9736357691347077,3.8136361489008235,3.208066277013489,11.240210480927182,83.77365306150887,8.895082634008771,21567819.0,49627.0
TXN02669,2023-03-27,Ahmedabad,Shela,23.011495060032356,72.46204033038347,Villa,2386.0,5,4,20,5,19,2,Furnished,2.67851039985055,3.4216091586305466,2.486064320996708,20.609916310908588,87.66298636558432,11.61272035055947,18508710.0,43356.0
TXN02670,2022-08-19,Ahmedabad,Satellite,23.031139183783424,72.52460915649829,Apartment,1984.0,3,2,0,5,8,2,Furnished,3.028133618630399,2.096555175705766,2.809041170958131,7.8499309103026675,80.26009890186184,9.247898641140228,26882875.0,53284.0
TXN02671,2025-01-19,Ahmedabad,Satellite,23.029297036000916,72.51583281071707,Apartment,708.0,2,1,19,9,19,2,Semi-Furnished,2.874221668254238,1.635648815026459,1.6651194916659338,13.793333896228656,77.7552673693441,8.084920720406691,7053235.0,18622.0
TXN02672,2019-01-26,Ahmedabad,Maninagar,22.99818088935536,72.59953315560445,Apartment,2350.0,3,3,10,10,15,2,Furnished,2.7261235254134544,3.6502526773597364,2.864236589197072,25.773399050042904,60.619490482809645,8.089859864983087,19089280.0,43391.0
TXN02673,2022-01-26,Ahmedabad,Bopal,23.030948619866702,72.46443266278966,Apartment,1647.0,3,3,14,1,12,0,Furnished,2.446993696252726,3.534538423249851,2.8433194296461504,5.0,92.39244194880276,10.57097800332787,14398215.0,28265.0
TXN02674,2021-04-12,Ahmedabad,Vastrapur,23.04253980376844,72.52932625648664,Apartment,2776.0,5,4,7,1,18,1,Furnished,1.8856132976518423,2.3060362402461916,2.2507601339088747,6.245584364718587,78.36942450825185,7.673841359956249,29804524.0,75670.0
TXN02675,2024-10-30,Ahmedabad,Shela,22.99966062929531,72.4605587031575,Apartment,1123.0,1,1,21,9,18,1,Furnished,2.6675909383984915,3.3226566836342513,2.842772884831106,11.444798570285245,85.86789297457034,10.115119003012772,8467625.0,18625.0
TXN02676,2021-05-27,Ahmedabad,Satellite,23.034748488459474,72.5185504182835,Apartment,1330.0,2,2,13,7,19,0,Furnished,1.5665740757879687,2.805815706262498,2.5243181247638016,9.74223441112211,80.99776025266763,7.16244088881536,15303495.0,35180.0
TXN02677,2022-06-02,Ahmedabad,Vastrapur,23.032547812951012,72.5248078032545,Villa,1778.0,2,3,6,11,13,1,Semi-Furnished,2.645850222281051,2.739588430618162,2.33251329528385,14.340706316867989,65.76118176927332,9.443929993280882,18958400.0,38822.0
TXN02678,2025-08-11,Ahmedabad,Bopal,23.03104802012039,72.46226786448746,Apartment,2185.0,4,4,21,7,16,1,Unfurnished,2.8172187518371117,4.335633654978446,2.6047717446289274,13.743316787363838,78.78649458423169,9.318956838999954,16676471.0,40638.0
TXN02679,2021-04-11,Ahmedabad,Satellite,23.030317769553747,72.51674167297087,Row House,2602.0,5,4,8,4,4,2,Semi-Furnished,2.8018806881764284,2.7224460247850297,2.829731593734019,16.9437402545272,74.80531204168354,8.609309342478431,29685908.0,67493.0
TXN02680,2025-06-10,Ahmedabad,Chandkheda,23.111617119318396,72.58383788725692,Row House,1115.0,1,1,4,7,10,1,Semi-Furnished,2.6284934942831084,3.2943169416030864,3.1284947818724764,19.583740890005032,75.34474243295715,9.663837519962742,7892543.0,19195.0
TXN02681,2021-12-12,Ahmedabad,Satellite,23.027936681906684,72.5198129978258,Apartment,1363.0,3,2,22,8,19,1,Semi-Furnished,1.9384890202667187,2.691225749856583,2.405269672229326,19.601240817772737,76.14641242595916,9.550681072704933,16161372.0,34571.0
TXN02682,2021-08-27,Ahmedabad,Prahlad Nagar,23.009981256725027,72.50667405711727,Apartment,568.0,1,1,6,10,18,2,Furnished,2.1652136974547265,3.0380882908387545,1.9243019631518958,6.500258801919395,83.47966158864152,10.196133208114915,8077722.0,16626.0
TXN02683,2025-09-28,Ahmedabad,Bodakdev,23.039286126083347,72.50275742654665,Apartment,812.0,1,1,11,2,10,0,Unfurnished,2.0816180293528976,2.534251562057342,2.7560087411203544,14.451896612093579,81.91883132638384,10.703639831543676,10491510.0,22608.0
TXN02684,2025-06-21,Ahmedabad,Chandkheda,23.105146993212724,72.57982494004708,Villa,1711.0,3,4,15,1,9,0,Furnished,2.4756096761410946,3.167316540606098,3.176595852260888,5.0,80.2727227348776,9.519310585784572,12109138.0,30484.0
TXN02685,2023-07-13,Ahmedabad,Chandkheda,23.117391522872747,72.58166402569512,Apartment,1664.0,3,4,14,4,17,1,Unfurnished,2.965998130559198,3.7476621421881355,3.053614353164694,13.053841625512606,82.0547764965105,9.079194547112257,10652671.0,24472.0
TXN02686,2024-04-24,Ahmedabad,Prahlad Nagar,23.006456115262758,72.50671917693205,Apartment,1167.0,3,4,16,4,11,0,Semi-Furnished,2.1220730503475482,2.3418339759000455,2.7123433590244908,12.046833310753309,83.4227648822422,10.259567666148946,15467911.0,33371.0
TXN02687,2025-02-05,Ahmedabad,Prahlad Nagar,23.015725876867336,72.49986651347925,Apartment,559.0,2,2,2,12,18,1,Semi-Furnished,2.0534520677139017,2.042036163725305,1.442639352062732,5.0195545081038215,82.44901206253803,10.497608613390248,7133969.0,15730.0
TXN02688,2021-04-26,Ahmedabad,Satellite,23.032998542789144,72.51860379958327,Apartment,1326.0,3,3,21,4,11,2,Unfurnished,2.377789156740287,2.8713383045645,3.0496688098415428,18.521740113768956,77.45423817827253,8.604977923393614,13258015.0,32573.0
TXN02689,2024-02-07,Ahmedabad,Chandkheda,23.10559199194562,72.5826116985545,Apartment,1518.0,3,2,9,1,9,2,Furnished,3.2375257500906,3.3461306968561337,3.1125242615313944,6.174244019089512,80.7886549754688,8.569252384225011,11071377.0,26489.0
TXN02690,2021-12-29,Ahmedabad,Thaltej,23.05341897739981,72.51533542407125,Apartment,1896.0,3,4,21,5,14,1,Furnished,2.441410823100511,3.5943288869729564,2.823057280150325,5.0,69.24956133069003,9.280263128564167,19384074.0,43971.0
TXN02691,2022-09-15,Ahmedabad,Gota,23.089172854057175,72.54067518182538,Apartment,1065.0,2,3,20,1,9,2,Unfurnished,2.4008123042293814,3.699272934032618,3.435343472655555,10.802291253278952,81.72703492183454,7.791567638877346,8073234.0,16752.0
TXN02692,2025-09-16,Ahmedabad,Bodakdev,23.038628407604964,72.49670370773293,Apartment,1635.0,3,4,12,2,9,0,Furnished,2.713177193341282,2.904661587308327,2.862904496202711,5.0,65.58268084890783,10.01338491106662,25087027.0,56007.0
TXN02693,2022-05-24,Ahmedabad,Bopal,23.02622136540286,72.46783591647069,Apartment,1108.0,2,3,2,12,18,1,Unfurnished,2.410490640361657,2.642448122795329,3.2006646370381744,5.0,87.77380089780307,10.931016155327026,8860411.0,18743.0
TXN02694,2020-11-24,Ahmedabad,Gota,23.084518434808004,72.53277017410734,Villa,1548.0,4,3,16,7,11,2,Furnished,2.2286835792935342,3.040888945230935,2.559263411742721,19.13660008969175,85.38077734234771,9.036075331901966,12808761.0,28619.0
TXN02695,2024-12-23,Ahmedabad,Chandkheda,23.101140031165134,72.58124743889964,Villa,1151.0,2,1,10,12,16,2,Semi-Furnished,2.9109421216335813,3.8992891986866574,3.094855099321915,15.221260701387267,80.92426998622553,9.736472734401659,8172323.0,19384.0
TXN02696,2022-07-15,Ahmedabad,Satellite,23.02817255667655,72.51563378669091,Apartment,935.0,1,1,2,9,11,1,Unfurnished,2.013374035253048,3.084582546221667,2.695999362219653,11.27949531622048,71.75870550279991,7.625481512995464,9904824.0,21229.0
TXN02697,2021-01-22,Ahmedabad,Bopal,23.024463992322794,72.46589398973296,Row House,1138.0,2,2,6,11,15,1,Furnished,3.010378056009198,1.8632907432167263,2.598384677119179,5.926050468626354,79.19398838569826,9.635184369946352,9817883.0,22727.0
TXN02698,2024-04-20,Ahmedabad,Gota,23.091302127112243,72.53825095893538,Apartment,2601.0,4,4,19,11,12,2,Furnished,2.110180674755968,3.4263147163503462,3.34176495075561,12.81683392693845,80.17930262763319,7.499718455192279,21355213.0,48373.0
TXN02699,2024-12-02,Ahmedabad,Bopal,23.029305978541352,72.45677482692568,Row House,2056.0,4,4,10,11,14,2,Furnished,2.625697268494054,2.5584580207739647,2.2118485723815997,5.0,86.7185067234251,8.627551961172344,17247181.0,38459.0
TXN02700,2019-03-08,Ahmedabad,Thaltej,23.040039283703535,72.51432135493766,Apartment,2728.0,5,4,0,10,13,2,Unfurnished,3.219972734785458,4.062983390977549,2.5035274291655565,12.599485526395522,72.33477633404394,8.85235325731411,27334760.0,60118.0
TXN02701,2023-09-25,Ahmedabad,Shela,23.001488618166338,72.46579059917974,Apartment,602.0,1,1,22,7,18,2,Unfurnished,2.646178839665754,3.8880764141391992,2.5579960194757927,5.0,92.5748815608062,10.702774187369073,3892612.0,8275.0
TXN02702,2023-01-11,Ahmedabad,Maninagar,22.994568223896398,72.60502539879688,Villa,1311.0,2,3,14,9,9,0,Semi-Furnished,1.876564729438916,2.803025493067527,2.6243919611845694,14.99896120202132,63.41683985835367,9.653054619517578,9816853.0,22834.0
TXN02703,2019-02-07,Ahmedabad,Bopal,23.026244642246052,72.46320784500156,Apartment,2528.0,4,3,10,5,16,2,Semi-Furnished,2.765142150628434,3.3244860879269735,3.064458089963943,5.0,73.9241941053497,10.1421748920906,18177325.0,50221.0
TXN02704,2025-04-22,Ahmedabad,Shela,22.998443389828726,72.4667636175142,Apartment,1784.0,3,2,3,1,15,0,Semi-Furnished,3.048523402368864,3.730793995034814,3.4571363666014334,7.046059299218778,84.24111872837244,11.469923490085897,12991702.0,28680.0
TXN02705,2022-07-06,Ahmedabad,Vastrapur,23.03703965161647,72.53171593826885,Apartment,2451.0,4,3,16,7,14,1,Furnished,2.906204534212145,2.433229320222829,3.004549807238746,17.72079311122043,79.64196887043941,8.776461165621313,30612243.0,63580.0
TXN02706,2023-04-17,Ahmedabad,Bodakdev,23.041420753524566,72.5055189019964,Apartment,779.0,2,1,14,12,17,0,Furnished,2.501097535009812,2.2846773525943296,3.163262475780509,6.714430595433817,71.14745686211005,9.050003162346263,12029261.0,24245.0
TXN02707,2019-08-06,Ahmedabad,Maninagar,23.00006791508088,72.60143685140261,Apartment,1597.0,3,2,17,11,15,1,Furnished,3.018516606493655,2.9902714071159013,2.0460657524584365,16.474410712250297,66.69957478416575,7.565167102095037,11812916.0,26712.0
TXN02708,2019-12-31,Ahmedabad,Vastrapur,23.040169744427274,72.52518029731984,Apartment,960.0,2,1,4,6,6,1,Unfurnished,2.7758954102750337,2.5698212567828715,2.4670328668285273,15.917716547980557,66.95303706209,9.320255196453784,10312487.0,20842.0
TXN02709,2020-07-05,Ahmedabad,Maninagar,22.993461169732587,72.60162546760101,Villa,618.0,1,2,18,3,14,0,Semi-Furnished,2.4252786223508433,3.207874212138138,3.1277028117051673,14.865948934732147,68.38712461238534,9.423678805170145,4525113.0,10067.0
TXN02710,2024-06-26,Ahmedabad,Thaltej,23.054313444742576,72.50992433877435,Row House,710.0,1,2,2,6,8,1,Furnished,2.5981544271353627,2.8669886112257537,3.1085152839286776,11.93841493753224,73.44857692195697,9.769164422811501,7526810.0,17367.0
TXN02711,2023-02-09,Ahmedabad,Thaltej,23.049648186097862,72.5087237176487,Apartment,2413.0,3,3,13,11,19,2,Semi-Furnished,2.341446216979506,2.741274260808875,3.1848081455076653,13.272553827751508,77.25814178461003,10.014907809595044,26315130.0,50771.0
TXN02712,2024-04-11,Ahmedabad,Thaltej,23.05426718704754,72.52096841106459,Row House,2652.0,5,4,19,2,9,2,Furnished,2.979296414173403,2.842199039513128,2.275970670503512,26.243899896186733,82.45561075480477,10.0991159230479,28235096.0,59086.0
TXN02713,2022-01-07,Ahmedabad,Vastrapur,23.041296955737227,72.53550417077689,Villa,1542.0,2,1,12,5,15,2,Semi-Furnished,1.558490175441154,2.2728790949561937,3.163295755267282,18.355970055535984,69.80902940949325,10.024176171474451,17202427.0,37814.0
TXN02714,2024-10-12,Ahmedabad,Shela,23.00063487040813,72.46667704040343,Villa,2251.0,4,4,18,9,16,1,Semi-Furnished,3.0448066145404526,4.593386028962259,3.306361888707485,12.516489045081833,87.7621936651747,9.843263904165914,15230540.0,36374.0
TXN02715,2022-03-04,Ahmedabad,Thaltej,23.035676680963018,72.51608587467138,Villa,1611.0,4,4,1,1,11,2,Semi-Furnished,2.5048401809263914,3.279492309614559,1.4555562202086374,11.496799642616834,68.61045835548629,8.956983030358035,16020719.0,37893.0
TXN02716,2021-08-26,Ahmedabad,Satellite,23.02570515464552,72.51882254081674,Apartment,834.0,2,3,14,10,18,2,Semi-Furnished,2.1236318778513854,2.4097673433609987,1.9295854348525818,9.27267899644647,76.49919726148582,7.481416967603246,8896456.0,19986.0
TXN02717,2021-10-28,Ahmedabad,Bopal,23.03258531177344,72.46254205166575,Apartment,2583.0,5,4,16,8,12,2,Semi-Furnished,2.3743650806526433,2.697470186758684,3.4538554575647313,10.102124314594462,76.40006616280606,10.847326452589899,21018585.0,43401.0
TXN02718,2022-11-30,Ahmedabad,Thaltej,23.054265275107262,72.50805494786985,Row House,2493.0,5,4,24,5,17,0,Semi-Furnished,1.5559312964626024,2.8047669519169687,2.094179896766693,7.649153256851639,69.665671560182,8.486769948529837,22031782.0,55550.0
TXN02719,2020-06-25,Ahmedabad,Prahlad Nagar,23.008541871980555,72.50305327608716,Apartment,2051.0,4,4,13,3,6,0,Furnished,1.32147790985985,2.4777039892465145,2.2499662870139523,5.5376543886284635,80.94922811286489,8.863523472373602,25448036.0,62168.0
TXN02720,2022-06-26,Ahmedabad,Vastrapur,23.04039441393729,72.53181048306081,Apartment,1581.0,2,3,8,7,10,0,Semi-Furnished,2.7127436221145227,1.938025411829805,2.100359482106266,14.911857640637777,73.10808832425228,9.402425464706713,17985284.0,37186.0
TXN02721,2021-09-12,Ahmedabad,Maninagar,22.989524119370504,72.5986220870379,Apartment,649.0,1,1,15,11,17,1,Semi-Furnished,3.0705047917574935,3.427969221448059,2.747976962089159,17.673096059003772,80.13529117122921,9.233430736146442,4963355.0,11246.0
TXN02722,2025-06-07,Ahmedabad,Gota,23.096616416356675,72.5296588702432,Apartment,2478.0,4,3,17,4,18,2,Semi-Furnished,2.5092948430063426,2.8464522442213145,3.162939981459379,9.98966618055837,82.33967974470285,7.959586807746905,21756378.0,42930.0
TXN02723,2020-06-12,Ahmedabad,Maninagar,22.99835251651404,72.60368369991797,Row House,2671.0,5,4,11,12,13,2,Semi-Furnished,3.111056756205209,2.8904943964986525,2.5862659164028754,16.797381263952374,66.06961246524338,7.3925777194630395,19022283.0,42762.0
TXN02724,2023-09-25,Ahmedabad,Thaltej,23.05010170308984,72.50740688379659,Apartment,1710.0,3,4,20,6,9,2,Unfurnished,2.70426135038006,3.018367364307139,2.001368740414407,12.196563096553847,77.8369624278458,9.621642593383193,14998461.0,35658.0
TXN02725,2022-03-11,Ahmedabad,Maninagar,22.995764386940508,72.60626588023855,Apartment,1771.0,4,4,8,5,17,0,Semi-Furnished,2.5241790458742375,2.7854958201159974,2.8799710453990017,12.37501897683316,66.25618660064681,9.190697574210763,10700992.0,28911.0
TXN02726,2023-05-06,Ahmedabad,Bodakdev,23.040323146499183,72.5043163978576,Apartment,1110.0,2,1,18,7,18,2,Furnished,2.3695398676930477,2.542189136246091,2.1233832147506226,5.0,83.81228781335989,10.240051694802071,17299141.0,35772.0
TXN02727,2020-08-08,Ahmedabad,Satellite,23.02785114721123,72.51549492195696,Apartment,641.0,1,1,11,12,15,0,Furnished,2.951863364647516,2.1475685209174857,1.9928120734295705,8.465906178844545,68.51604540862904,7.262496043200707,7340357.0,17065.0
TXN02728,2022-09-13,Ahmedabad,Thaltej,23.046212591440376,72.51523208591965,Apartment,1762.0,2,1,14,4,4,2,Furnished,2.934387529688431,2.349630688184023,2.707591318708059,25.507773465627906,76.53084363030487,9.122037416277243,19205203.0,40362.0
TXN02729,2021-12-24,Ahmedabad,Maninagar,22.994667021796516,72.60119071428801,Apartment,2357.0,5,4,19,11,14,1,Furnished,3.2210073712326657,3.5636666142258067,3.308043381348642,15.958658911657054,65.48527913859199,8.857928456618684,17587583.0,43051.0
TXN02730,2024-02-13,Ahmedabad,Bopal,23.03090065016013,72.46270987614291,Apartment,2246.0,5,4,10,8,16,0,Unfurnished,2.863781610691786,2.6658983083794405,2.7120331394560866,11.060273354011583,78.4132770757217,8.091153971391496,15512933.0,40318.0
TXN02731,2025-12-09,Ahmedabad,Shela,23.00337665038676,72.46577032519642,Apartment,2350.0,4,3,17,12,13,2,Unfurnished,3.532901538976786,4.7612578918217885,3.1582046907550634,5.0,87.66767279804058,11.172203452473706,15509105.0,32615.0
TXN02732,2020-01-17,Ahmedabad,Satellite,23.027752775760145,72.51185708964671,Row House,2676.0,5,4,0,5,13,0,Furnished,2.0872033787406514,2.6974972392991257,3.4202763739100304,20.551729192012623,75.78098936615856,9.909039946834854,34267815.0,72383.0
TXN02733,2023-11-01,Ahmedabad,Shela,23.01682347871954,72.46937216629149,Apartment,1287.0,3,4,3,2,9,0,Furnished,2.6414151528541154,3.380340496917083,3.1517101494811732,5.0,77.7722292425718,11.56022971056284,11705332.0,20244.0
TXN02734,2022-04-12,Ahmedabad,Bodakdev,23.04322262093065,72.51016824512624,Row House,1194.0,2,3,9,8,16,0,Furnished,1.7769420098861752,2.896500295250301,2.455437933685757,5.597188016397177,85.07491502793506,8.8639822324243,17554774.0,38056.0
TXN02735,2020-01-06,Ahmedabad,Maninagar,22.995012724203693,72.6092497024127,Apartment,2573.0,4,4,10,1,14,0,Semi-Furnished,2.3615021826726577,2.7921606527871417,2.0402155526871084,14.629513939144406,70.3975968296085,7.177150921372603,16751614.0,42301.0
TXN02736,2025-12-21,Ahmedabad,Bodakdev,23.041236013339816,72.5091359023964,Row House,1065.0,1,2,11,3,13,0,Semi-Furnished,2.0804641934572903,3.6093534610233675,1.966436895050045,7.432478683352919,88.16108705482036,8.807391659841525,13870279.0,34451.0
TXN02737,2020-06-20,Ahmedabad,Gota,23.083156006679456,72.54404517852615,Apartment,1385.0,2,1,1,5,13,0,Unfurnished,3.0546814951020336,3.0871976069288305,3.26954363767044,5.0,84.00431958614348,9.29644231303975,10368445.0,22424.0
TXN02738,2022-11-05,Ahmedabad,Shela,23.006100441420045,72.4661843383679,Villa,1730.0,4,4,13,9,17,1,Furnished,2.5717831640322513,3.92251937605347,3.6275944842966688,7.170226364941191,85.58694181122267,10.94417559371472,12530017.0,26401.0
TXN02739,2021-01-28,Ahmedabad,Shela,23.005513820204886,72.46383134231768,Apartment,2683.0,5,4,4,10,16,2,Furnished,2.524068550710173,4.123520550619702,2.708654176491767,12.299072995208517,76.67541242574852,11.228405023208719,19682429.0,45023.0
TXN02740,2024-08-20,Ahmedabad,Shela,23.002687138397818,72.4650419815651,Row House,1507.0,3,2,2,8,17,2,Semi-Furnished,3.4882768814194263,4.143908391000605,2.578473387278283,5.0,77.39686193084525,10.671182605780457,11846902.0,23517.0
TXN02741,2021-08-28,Ahmedabad,Chandkheda,23.10695678034253,72.57804466221766,Apartment,2137.0,4,3,25,4,8,1,Furnished,3.1872320614798366,3.1835214418173896,2.9339203605047315,10.400697741130719,96.05252694077912,10.18249907998909,15912228.0,37878.0
TXN02742,2020-05-10,Ahmedabad,Gota,23.08357233860413,72.54289384574076,Apartment,2498.0,5,4,8,5,5,1,Semi-Furnished,2.2574169892223885,3.319704410773205,3.024008309414163,7.194997885891141,78.04618510145337,8.37614917270798,19232185.0,44158.0
TXN02743,2020-05-04,Ahmedabad,Shela,23.005134763640275,72.46991780004228,Apartment,1740.0,4,3,6,5,18,2,Furnished,2.8408871931525854,3.344246219700721,3.5634586723070454,13.228040838753966,88.49341261169401,11.317284624447566,12468239.0,29096.0
TXN02744,2020-12-14,Ahmedabad,Chandkheda,23.10849513760449,72.57987943634177,Apartment,1753.0,2,1,14,7,8,0,Semi-Furnished,3.52323509158928,3.938015694788522,2.4816767863100493,6.027984059385884,79.29895277136337,8.105308904014715,12141609.0,30353.0
TXN02745,2022-07-06,Ahmedabad,Prahlad Nagar,23.01264315931147,72.51001098021078,Apartment,1917.0,4,4,0,11,19,0,Furnished,2.0413637626580887,2.269432494624886,1.8657641832245195,23.273005517338227,79.20810770743053,8.607618139118602,26944420.0,56829.0
TXN02746,2025-03-23,Ahmedabad,Bodakdev,23.04491198078472,72.50272043929291,Apartment,1561.0,2,1,2,7,8,1,Furnished,2.8261870973019705,2.532384160912036,2.0452552946698805,9.099405866785398,84.64916712043795,12.686948708085508,25144802.0,43382.0
TXN02747,2022-10-28,Ahmedabad,Satellite,23.028877428597703,72.51713927666562,Villa,2427.0,5,4,22,9,12,0,Semi-Furnished,2.5427458816213893,2.3067910001895733,1.540933483252511,13.805067085908322,66.47904468863887,8.86616589175831,24420587.0,62769.0
TXN02748,2021-06-29,Ahmedabad,Chandkheda,23.108924286227484,72.57618183393588,Apartment,1814.0,3,3,17,8,12,2,Semi-Furnished,2.653983802843345,2.758897803297519,3.126863595798429,11.019219363098092,85.91314351563832,8.464190374546742,12535795.0,32230.0
TXN02749,2020-02-16,Ahmedabad,Chandkheda,23.105564999867735,72.57584454091707,Apartment,1405.0,2,3,0,1,8,2,Semi-Furnished,3.309250595039103,3.276890100438855,3.03324102969561,13.665795058752924,83.13657280283958,7.727203389221738,10736052.0,24330.0
TXN02750,2020-09-23,Ahmedabad,Bodakdev,23.035256938429807,72.50385402702278,Apartment,1431.0,3,2,1,10,11,0,Furnished,2.88457085908794,2.4064014041478514,2.373905270075477,19.984014708807486,83.8325558126801,9.46350298728511,23133608.0,50859.0
TXN02751,2024-03-10,Ahmedabad,Maninagar,22.99290780587119,72.6059290715214,Apartment,1488.0,3,3,9,1,7,1,Unfurnished,2.7907177803214402,2.521712230438353,2.4952086887496945,21.567912705071958,62.7684758725155,6.721993479696983,9846257.0,24490.0
TXN02752,2021-08-30,Ahmedabad,Thaltej,23.044421440051764,72.5139822308659,Apartment,2401.0,5,4,17,9,17,0,Furnished,2.804276035029069,2.919779213001409,3.3031354968342175,5.0,78.68667089818001,8.1956395130726,23756990.0,58532.0
TXN02753,2020-03-01,Ahmedabad,Thaltej,23.057819967637474,72.51535631337423,Apartment,1604.0,3,2,13,6,9,2,Unfurnished,2.4336682129791147,3.087189381859051,2.417674761403205,13.00522304247181,68.78645212929409,10.954057236297011,15899376.0,31644.0
TXN02754,2021-04-17,Ahmedabad,Prahlad Nagar,23.010017380116626,72.50526507498924,Villa,2553.0,4,3,7,8,17,0,Semi-Furnished,2.126718641966247,2.873263090908416,2.626475401912321,25.598360993659156,87.05634658602722,8.394832134690786,28926294.0,75828.0
TXN02755,2023-06-13,Ahmedabad,Chandkheda,23.112621896618045,72.57555145944968,Apartment,912.0,2,1,22,2,11,1,Unfurnished,3.264429952010455,4.258588459357201,2.8538553091902967,6.780175130736665,91.69274028812235,7.200234802301168,6091226.0,12813.0
TXN02756,2021-04-22,Ahmedabad,Bodakdev,23.036411990044243,72.49155535286151,Apartment,1656.0,2,3,16,1,19,0,Furnished,2.6939542584649034,3.043801782709352,3.270955949480404,15.631242628756084,75.11760113973652,11.766051396375824,25633602.0,57329.0
TXN02757,2023-03-29,Ahmedabad,Bodakdev,23.043646167730948,72.5135296226592,Apartment,1577.0,3,2,16,12,17,0,Unfurnished,2.1924211369120834,2.3667381897860027,2.683354362806726,18.18189072832247,83.3038960006261,7.926467895089864,17777725.0,40740.0
TXN02758,2025-06-26,Ahmedabad,Maninagar,22.996247104219403,72.60553380362211,Apartment,2758.0,5,4,24,5,15,0,Semi-Furnished,2.4748540605527243,2.782504423170507,2.448300459920269,5.140203507448227,68.35780118584334,10.159416584244052,20101403.0,45289.0
TXN02759,2025-05-05,Ahmedabad,Thaltej,23.05210421075842,72.51521013747302,Villa,972.0,2,2,0,1,17,0,Unfurnished,2.5402123675063777,3.0731949297584467,2.3888388736660713,20.33936882357918,75.30961770792688,9.710640160951488,9304883.0,20182.0
TXN02760,2021-08-03,Ahmedabad,Vastrapur,23.03895961094368,72.53201234411901,Apartment,1624.0,3,2,0,9,11,2,Semi-Furnished,2.0206355165082943,3.4323168877354346,2.535205144189089,17.98208727239939,68.24203858871343,8.733263248228763,18484095.0,40780.0
TXN02761,2023-05-04,Ahmedabad,Chandkheda,23.1124701463273,72.57853061310448,Apartment,1214.0,2,2,5,9,9,1,Furnished,3.2702393651502595,2.153921909857204,2.5621775541823903,11.688300776682008,73.12947599135627,7.8723175759172666,8678124.0,21806.0
TXN02762,2024-04-22,Ahmedabad,Shela,23.011750407108604,72.46264670922771,Apartment,2135.0,4,4,17,7,8,1,Furnished,2.7841764554343547,4.095126458848421,2.209183214535024,7.1910304268478615,98.02212452972353,10.030695552943568,15200849.0,35194.0
TXN02763,2021-05-12,Ahmedabad,Vastrapur,23.03945126983124,72.53128882941444,Apartment,2585.0,5,4,1,12,18,1,Unfurnished,2.311914436113752,2.6234218801932445,2.3426422035165695,21.88254779168802,74.95224079684746,8.238852113969552,27192162.0,62081.0
TXN02764,2019-05-06,Ahmedabad,Bopal,23.029438581397837,72.4609181209263,Apartment,2166.0,5,4,20,1,10,1,Furnished,2.487530410161111,3.9929151882029226,3.0447530949471155,7.6889253628781935,82.33575949470502,8.29732430808436,18076885.0,41622.0
TXN02765,2019-10-24,Ahmedabad,Prahlad Nagar,23.01160414865325,72.50630136003383,Row House,2376.0,4,4,18,11,12,2,Semi-Furnished,2.0052522558557686,3.010581431358318,2.6810646206070126,16.054526118397025,71.37398214411218,9.439838719323893,29428627.0,61441.0
TXN02766,2019-11-22,Ahmedabad,Bodakdev,23.044078267809276,72.50351847665256,Apartment,865.0,1,1,20,7,14,1,Semi-Furnished,1.6171823069042666,2.9095345651351576,2.4048535350996074,12.411757556555738,84.16938377589754,9.593200732389377,11582620.0,26532.0
TXN02767,2021-03-08,Ahmedabad,Maninagar,22.99954197366225,72.59537860730035,Apartment,1757.0,3,3,7,4,10,0,Unfurnished,1.913437241368375,2.9097513969539754,2.293144936357015,18.12128550825937,68.9219026000759,9.0860594099058,12106508.0,27311.0
TXN02768,2022-11-03,Ahmedabad,Gota,23.095136194260743,72.5407662651548,Apartment,1133.0,2,3,16,2,19,2,Semi-Furnished,2.5367802055056736,2.893849618753128,2.6266837099511346,17.07320532675182,78.13134026863644,10.784245486093761,9326286.0,19809.0
TXN02769,2025-04-10,Ahmedabad,Shela,23.015228363666917,72.459588411499,Apartment,1580.0,3,2,18,5,10,2,Semi-Furnished,3.240948573035454,3.2852460485566524,2.6685883062793847,5.0,79.20263999328704,11.58779805925445,11839580.0,22804.0
TXN02770,2021-09-22,Ahmedabad,Bodakdev,23.04320353442639,72.50519664057265,Villa,1520.0,2,1,1,6,8,0,Unfurnished,2.0294556820026877,3.431382013216642,2.448941760150521,21.590795238037444,78.14753985064372,8.33846979417851,19142467.0,40342.0
TXN02771,2021-09-10,Ahmedabad,Maninagar,22.99196242619853,72.6108531941914,Apartment,1265.0,2,3,17,11,15,1,Unfurnished,2.5241502342736517,4.0334140399125635,2.585752015932148,23.295287402061355,77.0949873986282,8.091896617624718,8059728.0,21047.0
TXN02772,2021-02-15,Ahmedabad,Satellite,23.032198853738063,72.51209559216566,Apartment,2778.0,5,4,23,1,4,2,Furnished,2.237437335956543,3.0433736310297066,1.8935030689180516,14.620600489441347,69.80048383518067,8.133815540330085,33011349.0,73062.0
TXN02773,2023-04-19,Ahmedabad,Bopal,23.027731890318147,72.47192728772723,Apartment,923.0,2,2,13,6,10,0,Semi-Furnished,3.0192787551964844,3.593487827068922,2.6414857012669475,5.0,90.67278947032746,8.33321101209466,7021007.0,16730.0
TXN02774,2022-12-14,Ahmedabad,Gota,23.08894754011661,72.54296638611856,Villa,895.0,2,3,5,5,19,2,Furnished,2.5807501505234836,2.6152386310940408,2.091001505756318,5.848004179028781,85.61186094642756,7.422858916246538,7376477.0,16765.0
TXN02775,2024-12-01,Ahmedabad,Chandkheda,23.1097532556302,72.5881717112954,Apartment,753.0,1,1,14,6,10,1,Semi-Furnished,2.5188957931833866,3.7803315175362284,2.6001968936932087,5.0,78.76916923588078,8.433145081832894,5610092.0,11914.0
TXN02776,2022-11-27,Ahmedabad,Shela,23.00204724323274,72.46576645876438,Row House,2140.0,4,3,7,8,16,0,Semi-Furnished,2.513170999013024,3.5789562643079593,2.7942442541647803,5.0,81.01720278948659,6.892404327917658,13213539.0,35079.0
TXN02777,2025-03-03,Ahmedabad,Shela,22.999253147826842,72.47537430686499,Apartment,2358.0,3,2,22,3,10,0,Semi-Furnished,4.080737225886412,3.4490295939993247,2.586535880183783,19.70108885923773,93.78876279892322,8.059848182404492,14957195.0,37350.0
TXN02778,2020-06-26,Ahmedabad,Vastrapur,23.036306985310016,72.5308825702014,Apartment,1334.0,3,4,4,2,16,1,Furnished,2.167599911474262,2.358341731644934,1.9389759834844658,20.715183184221903,70.89668659140752,8.36448315529328,15608381.0,37022.0
TXN02779,2022-11-04,Ahmedabad,Satellite,23.03010569632411,72.51727677242674,Apartment,2280.0,5,4,6,8,11,1,Furnished,2.9298409415676683,1.6513595787525313,3.0333212536449174,17.424746637590314,65.18578794349973,8.627183435404307,26629411.0,65482.0
TXN02780,2019-12-11,Ahmedabad,Thaltej,23.04679123355601,72.51029998461335,Apartment,1210.0,2,1,5,4,13,0,Semi-Furnished,2.19721814493479,2.2957926277176495,2.1902646249774804,5.0,71.99419792429337,9.69141156990968,11419355.0,26571.0
TXN02781,2025-03-29,Ahmedabad,Maninagar,22.997454527981468,72.6065272309031,Villa,1909.0,4,4,9,7,19,1,Semi-Furnished,3.2743699819275514,3.601270415212153,2.6206342441872685,5.0,70.7976870186564,7.013550495880015,13119507.0,32275.0
TXN02782,2020-05-05,Ahmedabad,Satellite,23.02832309894452,72.50918518625303,Row House,1845.0,4,3,19,6,19,1,Unfurnished,2.3900200616305614,2.375403474026961,1.4603518572362195,9.10954065698867,66.43174141985459,8.036073913216972,19243460.0,46183.0
TXN02783,2022-11-21,Ahmedabad,Maninagar,23.003003035612924,72.60232765125903,Apartment,1455.0,3,4,1,3,9,0,Semi-Furnished,2.3250242726082977,2.3922650667561935,2.814006079471353,12.764727445061895,67.94701863217159,9.017499839044444,11958947.0,24639.0
TXN02784,2025-01-15,Ahmedabad,Bodakdev,23.037841246207403,72.50368175047431,Villa,2408.0,4,4,23,7,18,1,Unfurnished,2.8868301692767337,1.7585322233864704,2.778739579923882,19.998556977213156,79.19643164847469,7.085118838450006,27972965.0,71294.0
TXN02785,2021-11-29,Ahmedabad,Vastrapur,23.03740465899918,72.52574642029623,Apartment,1864.0,3,4,9,2,4,1,Furnished,2.43162716646336,2.2811319819802103,1.8081397709758191,5.0,78.47236905008602,8.150511963377328,19235660.0,50209.0
TXN02786,2021-10-16,Ahmedabad,Gota,23.08642940444751,72.53824690740197,Villa,1342.0,3,3,6,4,4,0,Unfurnished,2.646071797835499,3.9008019660911,2.5609565279147084,5.466226073516532,81.01594398282107,11.659570462043774,9959137.0,22688.0
TXN02787,2022-07-05,Ahmedabad,Chandkheda,23.11358886517162,72.58473100979755,Apartment,1451.0,3,3,14,6,12,1,Furnished,3.46171452738184,3.1109230870154385,2.6807405675928577,12.713027237896883,78.5752829523751,7.381649653697592,11452315.0,28071.0
TXN02788,2021-11-24,Ahmedabad,Satellite,23.029491960044655,72.51379026453056,Villa,1261.0,3,2,5,9,17,1,Semi-Furnished,2.62334978850871,3.5169879272907645,3.039912028063116,16.332565016344255,78.68885695636337,9.02173438843888,15160795.0,29446.0
TXN02789,2020-12-18,Ahmedabad,Prahlad Nagar,23.008953796449195,72.50670263789446,Apartment,2452.0,4,4,5,11,13,0,Furnished,1.7843459543798965,2.786093580316552,2.365616678813315,22.313115647284327,71.8446026334589,10.395092126761195,31759792.0,76256.0
TXN02790,2022-01-08,Ahmedabad,Shela,23.01296762130682,72.46806317082594,Villa,2214.0,5,4,13,10,16,2,Furnished,2.6456097588182743,3.9033497594350224,3.512653046369292,16.369824452240458,77.60334333052386,8.553618080507746,15244804.0,38086.0
TXN02791,2021-11-15,Ahmedabad,Maninagar,22.993188610663644,72.60216870397025,Apartment,1062.0,2,1,5,5,9,1,Furnished,3.18136985129285,2.884969973732003,1.9090575399967635,21.665222268290364,61.46562535374517,7.278977450527904,8231217.0,18630.0
TXN02792,2020-02-15,Ahmedabad,Shela,23.000296762646105,72.46756640985616,Apartment,676.0,1,1,13,1,5,2,Unfurnished,3.1527574571063317,3.9803471926066445,2.6558926135136716,15.243048466510036,84.12602171281424,9.871996853206003,4762682.0,8882.0
TXN02793,2019-03-08,Ahmedabad,Gota,23.09081744016327,72.54255922499405,Apartment,1044.0,1,1,17,5,10,2,Unfurnished,3.1602327731732043,3.2156462242101087,3.362650819542835,5.48149465665575,82.15671036547369,9.254122597750127,8216616.0,17904.0
TXN02794,2022-08-20,Ahmedabad,Chandkheda,23.10812906723864,72.5793104107307,Apartment,2142.0,3,3,5,7,13,2,Semi-Furnished,3.1178423658024808,3.804387509468317,2.463393448866386,5.0,85.1637665547571,11.759110763484205,16422469.0,36431.0
TXN02795,2022-04-07,Ahmedabad,Prahlad Nagar,23.01451710250746,72.502229981288,Villa,2712.0,4,4,17,1,15,1,Semi-Furnished,1.761543175009066,2.477474856100211,1.9063195300627869,5.0,77.10394150261943,10.818456241203087,37101481.0,70630.0
TXN02796,2021-04-14,Ahmedabad,Satellite,23.027848264155807,72.51507379517429,Apartment,764.0,2,1,9,6,13,0,Semi-Furnished,2.7342510122301746,2.9291694611699874,2.331537369370963,15.800313122980569,77.90706654283406,11.448538702039167,8605841.0,20227.0
TXN02797,2022-10-07,Ahmedabad,Thaltej,23.04986797727087,72.51058858604839,Row House,1884.0,3,4,17,1,15,0,Semi-Furnished,1.972898063439422,3.9187279795043524,2.1828729634002952,5.0,80.76478245963449,7.753799955730425,17363480.0,42811.0
TXN02798,2022-06-29,Ahmedabad,Shela,23.00574133314993,72.46251598268164,Apartment,1293.0,2,2,6,5,12,1,Semi-Furnished,3.3834824012032385,3.1666324636556826,2.25093791473501,7.70397043892535,94.95536338264145,10.648939113309714,8339270.0,21520.0
TXN02799,2023-03-23,Ahmedabad,Thaltej,23.053942703267964,72.51929478607657,Apartment,1353.0,2,3,14,12,13,2,Unfurnished,2.845797215014473,3.7855702695524807,2.5367000033377494,11.446868435700619,74.59313823949488,9.638969074776982,11619946.0,28713.0
TXN02800,2025-10-13,Ahmedabad,Vastrapur,23.038360452728774,72.5386191012909,Row House,2623.0,5,4,18,10,18,0,Furnished,1.9334945954012033,3.243665835575503,1.391696140550993,16.332091750498638,76.27551772847752,10.679778595765999,31637444.0,68592.0
TXN02801,2022-10-26,Ahmedabad,Vastrapur,23.043195283159122,72.52980904795079,Villa,1025.0,2,2,4,2,11,2,Unfurnished,2.7160860255555073,2.8547333058826783,3.1846358321584978,7.480265009926236,84.82838602108166,8.907537544164045,11168247.0,23374.0
TXN02802,2023-08-16,Ahmedabad,Prahlad Nagar,23.008659487283968,72.50106148480249,Row House,2468.0,4,3,3,5,17,0,Semi-Furnished,2.4280481748643226,2.797747982337951,1.8616283177864226,9.36115071516945,78.57318376171246,8.849583892116565,30065657.0,73022.0
TXN02803,2019-04-08,Ahmedabad,Satellite,23.03146811721817,72.5109136422258,Apartment,1811.0,4,4,12,1,16,1,Semi-Furnished,2.54132334814635,2.1162863528912608,2.2373232413544484,14.076488262341353,71.53332098599795,10.372367053720879,20226341.0,44940.0
TXN02804,2025-08-17,Ahmedabad,Bodakdev,23.048145555240108,72.50166234665832,Apartment,553.0,1,1,13,2,18,2,Unfurnished,1.5445089453248777,2.8570533182624245,2.191350644316333,5.0,85.91281374313596,8.618542341135182,7524004.0,14625.0
TXN02805,2025-06-04,Ahmedabad,Shela,23.002922079581616,72.45866865974597,Villa,2724.0,4,3,14,8,8,2,Semi-Furnished,3.516023943129605,4.236703060807894,2.7466782911586534,7.25068101285324,83.17151573695324,10.520720634198362,20515660.0,41999.0
TXN02806,2025-11-08,Ahmedabad,Vastrapur,23.033925666791053,72.5273443693615,Apartment,1926.0,4,3,22,12,16,0,Semi-Furnished,3.3560903053849556,2.2675878456053264,2.3914245873259876,5.0,69.51638816106497,8.14416370329431,20108973.0,46443.0
TXN02807,2019-04-08,Ahmedabad,Shela,23.002404346143795,72.46437682906793,Villa,1658.0,3,2,6,7,15,1,Semi-Furnished,2.387692402393057,3.5001840797129704,3.22241596504315,18.12068871886604,85.4885167303362,8.656082807822202,11431019.0,27371.0
TXN02808,2025-03-20,Ahmedabad,Bopal,23.02886110548439,72.4702376289336,Apartment,1206.0,3,3,12,3,14,0,Furnished,2.5928066240429306,3.1463636409296956,3.377275652025104,10.40805224666096,77.03578502475565,9.721553432713394,10475870.0,22353.0
TXN02809,2023-11-19,Ahmedabad,Chandkheda,23.104693898781903,72.57941109161841,Apartment,2695.0,4,4,13,1,13,2,Furnished,1.6205216199484105,4.000374543363223,3.3616950295236543,19.45814914465976,77.31019639799175,9.759211331704773,22030052.0,45940.0
TXN02810,2019-12-25,Ahmedabad,Prahlad Nagar,23.00726793649038,72.50339158921288,Apartment,2699.0,4,4,10,6,8,2,Furnished,2.1126815715765477,2.96355794232875,1.4978466322860315,15.621357075329573,77.94467866217023,8.578945148688483,39106857.0,79371.0
TXN02811,2022-06-22,Ahmedabad,Bopal,23.023789031356344,72.4605594753362,Row House,1416.0,3,3,14,12,14,1,Semi-Furnished,2.018195044812026,4.027521794563022,3.3461893194625434,9.966887789672606,80.03406630222327,11.038399278618101,11018553.0,25689.0
TXN02812,2025-08-29,Ahmedabad,Satellite,23.0327704515503,72.52096516544415,Villa,2439.0,4,4,21,9,12,0,Unfurnished,2.827455728611368,2.421601621081688,2.203953487270589,11.945393416707097,73.4081505208342,6.703190101848373,24419143.0,59144.0
TXN02813,2024-07-10,Ahmedabad,Bopal,23.02317235859589,72.45879404537331,Apartment,1028.0,2,3,3,6,13,2,Unfurnished,2.8839606188229046,2.708755416670374,1.8789792059829202,6.400396261198576,86.6163735990812,8.604536852384504,7463900.0,17240.0
TXN02814,2024-05-24,Ahmedabad,Satellite,23.027638211147593,72.52362623961133,Villa,892.0,1,1,20,12,16,1,Semi-Furnished,1.729421013766283,2.614193971785261,1.2410683670989873,10.188773088744366,60.649651613952344,9.963735461708866,10627567.0,21458.0
TXN02815,2020-09-17,Ahmedabad,Bodakdev,23.036212424893506,72.50327688391955,Villa,2170.0,4,3,13,4,16,2,Semi-Furnished,2.013726370875381,1.9074937186812195,1.5216353724153715,17.778978872805904,82.77746729294782,11.629269768436249,29339664.0,62634.0
TXN02816,2024-05-27,Ahmedabad,Shela,23.001199986081403,72.46171610835853,Apartment,968.0,2,3,25,9,14,2,Furnished,3.4009286847258653,3.0492141121869736,3.2793450481508217,8.579950008827323,86.35781943162425,10.053635288598763,7839079.0,15355.0
TXN02817,2023-02-22,Ahmedabad,Bopal,23.03727616832061,72.4694830865203,Apartment,748.0,1,1,13,1,4,2,Semi-Furnished,2.6593334630489167,2.5701731139386244,3.6883227797614744,9.065290582082845,79.26641372011164,11.608236423648545,6546536.0,13091.0
TXN02818,2023-07-04,Ahmedabad,Bopal,23.03148283504666,72.47027182550957,Apartment,688.0,2,3,21,9,16,1,Semi-Furnished,1.8152220954904927,3.8082292015392847,3.289614763801683,5.971135821658164,84.99909457397075,6.629991071204495,4780280.0,11439.0
TXN02819,2022-06-08,Ahmedabad,Thaltej,23.048145487175173,72.51969080941895,Villa,1628.0,3,3,4,10,13,2,Semi-Furnished,2.9327005676188294,2.8504809210321453,2.860627631553078,15.774626864999547,80.15833004302242,8.737220203702684,14740740.0,33924.0
TXN02820,2024-07-07,Ahmedabad,Satellite,23.035443003241873,72.52008266932823,Row House,1623.0,2,2,0,3,18,2,Unfurnished,2.1016896318215883,2.3766647194006536,2.8129640480750084,10.170176678246943,76.7970434299137,6.132856699192612,18657180.0,36911.0
TXN02821,2021-02-20,Ahmedabad,Satellite,23.02111356256071,72.51754741371133,Row House,2635.0,4,3,3,1,18,2,Semi-Furnished,1.6855719796573858,1.7905197962038768,2.632720138560585,11.207401249291518,77.27935032454165,8.712661486001354,32243668.0,63174.0
TXN02822,2020-10-08,Ahmedabad,Bopal,23.03189181941009,72.46367816842597,Apartment,2251.0,4,4,8,10,18,1,Furnished,2.748347899267407,3.5002333757938198,2.4615083413393797,23.271536769712267,74.28164554808389,7.5006415158986695,16747938.0,43363.0
TXN02823,2020-01-30,Ahmedabad,Bodakdev,23.03580440944492,72.5094403803845,Villa,955.0,2,3,8,5,5,0,Semi-Furnished,2.32709246057264,3.291822396348627,1.6702115327685267,7.0182048991529955,92.5411585073119,9.631466519914362,12972400.0,27509.0
TXN02824,2021-05-29,Ahmedabad,Satellite,23.033075480955393,72.520581389824,Row House,1799.0,4,4,20,3,7,0,Furnished,2.100882737270253,2.652289711525661,2.80585821015215,16.849658493548876,72.29776434761679,7.243724069691524,21685880.0,47845.0
TXN02825,2024-10-23,Ahmedabad,Chandkheda,23.10831316597082,72.57983127263871,Apartment,960.0,2,3,24,8,12,0,Semi-Furnished,2.8353389578398587,3.2355708386001116,2.453596345473166,14.29849793829312,79.38155317715743,10.341739459665424,6673875.0,16888.0
TXN02826,2023-01-22,Ahmedabad,Gota,23.086208646947533,72.53853202371045,Apartment,2721.0,5,4,5,11,13,2,Semi-Furnished,2.71884629675597,3.196122118068351,2.807438560007042,6.315834599235427,74.99746705362483,11.033843096571058,22766253.0,49258.0
TXN02827,2024-06-29,Ahmedabad,Shela,22.99887577412416,72.46889914414929,Villa,2511.0,4,3,6,2,5,2,Unfurnished,2.1678151900176124,4.252605211547605,2.4155150619255177,12.917955891743098,81.20439487066164,8.889711915052986,17427839.0,36403.0
TXN02828,2025-10-18,Ahmedabad,Chandkheda,23.11059246929084,72.57758520568244,Villa,1326.0,2,3,8,2,14,2,Furnished,2.828605736458747,3.6978148731026277,3.0614404503196533,9.891594858041787,83.41364730193447,10.268475882969595,10489390.0,23135.0
TXN02829,2025-08-06,Ahmedabad,Maninagar,22.9989212978789,72.59503711670749,Row House,2449.0,4,4,21,2,6,0,Unfurnished,2.693754670099358,3.02850252105093,3.3559560890053124,28.096751814594143,71.36679307410726,7.909610772792396,17589712.0,36929.0
TXN02830,2019-07-19,Ahmedabad,Maninagar,22.994252084895187,72.59581618381064,Apartment,2565.0,4,4,24,9,10,1,Semi-Furnished,3.038304535163858,2.2584675811051946,1.1285469508105992,17.898064820738156,75.03092383758104,7.521225991803008,17811625.0,44285.0
TXN02831,2021-01-23,Ahmedabad,Gota,23.090098762199922,72.53794718948792,Villa,2069.0,3,3,21,6,15,1,Furnished,2.9056413739187144,2.5462406681374077,2.731296248907679,7.561998742386338,82.49615995123803,9.621823075012495,17044821.0,36870.0
TXN02832,2024-05-09,Ahmedabad,Vastrapur,23.04130163355982,72.53474462882556,Row House,1746.0,3,3,21,7,17,2,Furnished,2.3987399073697535,1.8731485857035528,2.002601370065333,13.750471329755168,60.65354111672352,10.38218701965213,20298501.0,41627.0
TXN02833,2021-08-23,Ahmedabad,Maninagar,22.998492397160096,72.60617082519147,Apartment,2031.0,3,2,1,12,16,2,Furnished,2.50021144706637,3.5529394620728785,2.620906680170393,19.791757711801516,69.98492999279762,10.978263642432342,17285655.0,36067.0
TXN02834,2021-03-03,Ahmedabad,Bopal,23.02790909289767,72.4635454785076,Row House,2513.0,4,3,0,10,12,0,Semi-Furnished,3.0948641476250365,3.948797847302762,1.5809985891917786,9.318138864728951,74.53145617897022,10.465109489534438,20377530.0,46519.0
TXN02835,2023-10-23,Ahmedabad,Prahlad Nagar,23.009395727067297,72.50439966213558,Apartment,719.0,1,1,12,1,10,0,Semi-Furnished,2.3532472737453203,3.268852945817146,2.4320610200797455,23.18219292566431,79.51616653879445,9.265526432122284,8896781.0,19510.0
TXN02836,2025-12-23,Ahmedabad,Satellite,23.033553120525884,72.51624181254218,Apartment,1651.0,4,3,10,5,12,1,Semi-Furnished,2.016750797352599,2.280157843529399,2.0407403839966665,15.588553077182741,69.63322133971951,9.947433454516771,20352589.0,42834.0
TXN02837,2023-09-25,Ahmedabad,Vastrapur,23.043854928388445,72.5375223613173,Apartment,1742.0,4,4,11,7,18,2,Semi-Furnished,1.8647550184890007,2.463480050249096,2.550289153308717,8.483762224803685,66.46392335553956,7.619866973145445,18893668.0,42341.0
TXN02838,2025-10-21,Ahmedabad,Bodakdev,23.04344882905147,72.50242731351825,Apartment,1495.0,3,2,6,9,17,2,Semi-Furnished,2.3584150806663198,2.6021638304548427,2.067936127652745,12.78541236911579,81.00287744130085,7.7678180614110115,18813476.0,48451.0
TXN02839,2024-09-08,Ahmedabad,Maninagar,22.99157025948659,72.60746478916471,Apartment,1617.0,3,2,2,3,13,0,Furnished,2.513861422655136,3.2939115814938917,2.8802191690290027,13.90399778995535,78.56936195887035,6.746721225871902,12130131.0,30044.0
TXN02840,2019-05-12,Ahmedabad,Chandkheda,23.11074976962298,72.5813740142092,Apartment,1985.0,4,3,0,9,11,0,Unfurnished,2.777986654866457,2.9640978105586555,2.928506986732968,15.501556991002758,87.87448506084073,10.173805683114576,14790567.0,31887.0
TXN02841,2023-07-31,Ahmedabad,Bodakdev,23.039665104000616,72.50216588042807,Apartment,2595.0,5,4,22,6,15,2,Furnished,2.1503190449291982,2.317843223926244,2.4100644564508182,5.0,82.4088715593564,8.719574463487515,42539349.0,83318.0
TXN02842,2022-07-12,Ahmedabad,Gota,23.08251908734511,72.53911575274456,Villa,2357.0,5,4,7,11,17,1,Semi-Furnished,3.232093186799086,3.9975832779915104,2.764378160757619,10.304887954383094,82.34433494987566,8.823609497605508,16832544.0,36051.0
TXN02843,2024-09-10,Ahmedabad,Vastrapur,23.03756810354573,72.52942216667662,Apartment,1180.0,2,3,25,10,10,2,Unfurnished,3.143251689144181,2.801630168649488,1.4546632874088479,9.1371907158293,73.45186930974401,8.969665411681591,11902071.0,26115.0
TXN02844,2019-05-26,Ahmedabad,Thaltej,23.04647823121126,72.51492498889921,Apartment,716.0,1,2,1,11,12,0,Unfurnished,3.159732074333126,2.831436293976797,2.1857524364677916,15.995507930571772,68.3406158988262,7.538240133535525,6248404.0,15038.0
TXN02845,2025-04-24,Ahmedabad,Thaltej,23.049812298063614,72.51765946726785,Apartment,970.0,2,3,24,12,16,2,Unfurnished,2.4534508727568656,2.9038033649561026,2.0834325552713677,6.642766827809386,65.92564829258563,10.489204689251249,9360256.0,19995.0
TXN02846,2019-01-30,Ahmedabad,Chandkheda,23.110071132460362,72.57611267726715,Apartment,1519.0,4,4,14,7,11,0,Semi-Furnished,3.0380504423657633,2.5513525608654164,3.1034251087616487,8.471447732076287,76.88926913808974,10.343556751143716,11124972.0,23240.0
TXN02847,2023-07-02,Ahmedabad,Prahlad Nagar,23.007476137952132,72.51176475213016,Villa,2499.0,4,4,14,6,7,2,Unfurnished,1.843355489157846,3.376418137335548,2.799806760511811,6.419149594777009,75.11946534466846,10.241720215779155,29013457.0,63455.0
TXN02848,2021-07-12,Ahmedabad,Satellite,23.031791460104298,72.51400211773343,Apartment,1234.0,2,3,18,5,17,2,Semi-Furnished,2.154000638869371,2.926720906664504,2.6183554129495503,8.371444578450777,63.14784665344739,8.94682020398867,14245545.0,31965.0
TXN02849,2025-07-16,Ahmedabad,Shela,23.011549000607395,72.46353238334292,Apartment,1506.0,3,3,19,11,15,1,Unfurnished,3.0216069645997172,4.065523706311277,3.0287715938210407,5.0,92.67282384465832,9.459039367797294,10398425.0,20645.0
TXN02850,2023-06-03,Ahmedabad,Chandkheda,23.11968432066717,72.57423354248424,Villa,2212.0,4,4,20,12,16,0,Furnished,2.5479590240666874,4.2735673521840525,2.5675126687509318,13.990380790659165,87.46233450288919,9.334508951094147,15703822.0,40187.0
TXN02851,2021-04-25,Ahmedabad,Chandkheda,23.10635883546658,72.5762686295298,Villa,2213.0,4,4,0,5,9,2,Semi-Furnished,3.4138079825579535,2.8096333258524626,2.1577020276938144,5.0,75.71408797423501,9.133811854496159,16287019.0,34860.0
TXN02852,2020-11-14,Ahmedabad,Satellite,23.025367989272112,72.52431988465034,Apartment,2316.0,3,2,19,9,14,2,Semi-Furnished,2.716217223780107,1.81372826152773,2.1649932804206644,14.168842936647382,77.46640952834493,10.342904929231063,27966297.0,61871.0
TXN02853,2021-02-10,Ahmedabad,Vastrapur,23.036317059517238,72.53176968043287,Apartment,2457.0,4,4,20,2,13,1,Unfurnished,2.8288718178621393,2.010030182751316,1.7446653538062997,17.028143547168373,70.1231406086486,8.563109866251526,26007786.0,59938.0
TXN02854,2019-04-11,Ahmedabad,Satellite,23.03292474087876,72.51522951819607,Apartment,814.0,1,2,13,4,8,0,Semi-Furnished,2.882292439042535,2.772819245631276,1.8063162858420552,19.70374741245678,76.46881852068516,7.819459979359377,8531002.0,22178.0
TXN02855,2020-07-02,Ahmedabad,Vastrapur,23.034520428512923,72.53352059709786,Apartment,2504.0,4,4,1,6,10,0,Unfurnished,2.3901250091351534,2.988266489368878,1.6130660480594896,12.39136067731706,64.97708938672862,7.7748166770549165,26297618.0,55503.0
TXN02856,2025-04-04,Ahmedabad,Prahlad Nagar,23.0053740590016,72.50667341922683,Apartment,890.0,1,1,19,6,10,2,Semi-Furnished,2.1516869630845936,2.9461903459279806,2.209608364614088,12.0788349812414,81.98919073559419,8.512990220736237,11339625.0,22732.0
TXN02857,2020-05-21,Ahmedabad,Chandkheda,23.09985339477408,72.57695014191563,Apartment,685.0,2,2,24,1,13,1,Furnished,2.21772271169809,3.37571878242611,2.5103159012585845,20.2272249425444,80.37967803360169,11.043300757884383,5491071.0,11734.0
TXN02858,2024-03-18,Ahmedabad,Maninagar,22.99556063635854,72.59604385349378,Row House,1443.0,2,2,2,12,15,1,Furnished,2.3562592073414956,3.6561631797724576,1.7038697519843709,14.73273909647157,69.96318984864949,9.296329416019555,11672490.0,26628.0
TXN02859,2020-06-05,Ahmedabad,Thaltej,23.046977449700922,72.5139894861252,Row House,2553.0,5,4,0,1,13,2,Unfurnished,2.8533840448220587,3.549172479181576,1.9608146186637416,13.932072805584204,76.27869347870676,8.160053854068842,28192781.0,55236.0
TXN02860,2025-02-02,Ahmedabad,Shela,23.006380855512685,72.46547934050751,Apartment,1141.0,1,1,24,2,5,1,Furnished,2.778834042946087,4.379789543148419,2.671841438148947,5.0,100.0,8.29411558921072,7516988.0,20681.0
TXN02861,2023-08-28,Ahmedabad,Bopal,23.02608888474257,72.46337802595161,Apartment,1236.0,3,4,17,1,14,1,Semi-Furnished,3.680590813662096,3.3545874696469675,3.7943781427695216,5.0,89.42897243183914,9.421486091026392,9735901.0,22831.0
TXN02862,2020-09-23,Ahmedabad,Vastrapur,23.040774053778037,72.53048219186628,Row House,2263.0,4,4,23,7,17,0,Unfurnished,2.1818169127088782,3.826201585031912,2.664587595439931,10.322551756491894,71.19511363359604,9.398546050468125,22944514.0,54463.0
TXN02863,2024-03-01,Ahmedabad,Bodakdev,23.03671029440721,72.50520135015945,Apartment,1455.0,3,2,6,9,13,1,Semi-Furnished,2.796686612152916,2.896843829430587,2.5556942160292633,5.0,74.30909379320323,8.644946993774647,19192113.0,45849.0
TXN02864,2020-03-15,Ahmedabad,Prahlad Nagar,23.015301023350524,72.51089722047578,Apartment,2387.0,4,4,11,12,14,0,Furnished,1.2975457414913012,2.404435138000185,2.2397276196134044,5.841195776220198,78.11734422542607,8.553776450710904,30677940.0,65903.0
TXN02865,2023-02-12,Ahmedabad,Gota,23.093411101918417,72.54836025394243,Apartment,795.0,2,2,16,3,9,0,Unfurnished,3.055697961409741,2.9344409451554903,2.680922341703706,14.056133727331902,81.12558258548734,9.762805503765746,5608182.0,12964.0
TXN02866,2024-01-02,Ahmedabad,Satellite,23.02919830544467,72.52341874589568,Row House,1311.0,2,3,11,11,14,1,Unfurnished,2.7797014023595166,3.0014675948734584,2.0707551319448307,12.356457788324107,75.4045676377767,8.937342111256177,14277456.0,30804.0
TXN02867,2025-06-17,Ahmedabad,Vastrapur,23.045778441132292,72.53570963131826,Villa,1037.0,2,3,22,1,7,0,Unfurnished,3.341048804162047,2.485557241228233,2.7920781831135733,16.475237223039763,68.2868977481525,10.328015979923538,11096226.0,25616.0
TXN02868,2025-04-22,Ahmedabad,Gota,23.087892535296987,72.53663845389482,Villa,1511.0,3,3,5,7,7,0,Semi-Furnished,3.165667304945703,2.802250094620899,4.026721018985919,12.778807108516094,74.13524712777847,7.690581759781783,9755195.0,27472.0
TXN02869,2023-09-17,Ahmedabad,Prahlad Nagar,23.017169526261647,72.5088630422087,Apartment,1480.0,3,2,24,5,16,0,Semi-Furnished,2.435941026203829,2.339503502281535,3.0096286310166476,13.3520196472716,81.10657491322941,10.774146333273444,19116956.0,39910.0
TXN02870,2022-05-27,Ahmedabad,Vastrapur,23.043139298675698,72.53448640909546,Apartment,1665.0,3,3,15,3,4,0,Semi-Furnished,2.9345810462584465,1.831606126876161,2.0845489113467783,9.36543499094893,71.14370771710247,9.55073160442972,17437651.0,40427.0
TXN02871,2020-09-22,Ahmedabad,Satellite,23.03077736680984,72.52047444760404,Row House,1598.0,4,4,18,3,4,0,Unfurnished,2.1405477290505313,1.9820785815926771,2.469941011056129,22.926990996915034,72.6960946733637,9.638759098544233,17230696.0,37753.0
TXN02872,2024-04-19,Ahmedabad,Prahlad Nagar,23.0116258422844,72.51396213481156,Row House,612.0,1,1,22,12,13,0,Unfurnished,2.0666289879186586,2.8902226649532086,2.712553656351279,8.977593119757792,72.61413159584588,10.04987132081948,6721467.0,16165.0
TXN02873,2025-06-10,Ahmedabad,Thaltej,23.050097318614768,72.51220201464389,Apartment,1320.0,1,1,25,9,14,0,Furnished,1.9977728717709904,3.948624567187675,2.8314294227829664,23.754116253235402,83.63606683166006,6.718580120799189,12537803.0,30470.0
TXN02874,2024-09-10,Ahmedabad,Vastrapur,23.041951150544456,72.52961181664394,Apartment,1081.0,1,1,19,7,16,2,Semi-Furnished,2.8600504679604053,2.9319072068339063,2.1696832945705347,10.7628602561274,63.125855246966665,10.769414976793053,12310553.0,24681.0
TXN02875,2021-11-30,Ahmedabad,Chandkheda,23.110752216071774,72.58003289863903,Villa,2095.0,4,3,0,5,14,0,Furnished,3.4015637033288812,3.9680174124969527,2.7136966424277404,16.99456310929736,61.26565186368074,8.890413013443744,17258422.0,37843.0
TXN02876,2025-06-26,Ahmedabad,Satellite,23.02305451862311,72.51983671114964,Apartment,2245.0,4,3,2,6,11,0,Semi-Furnished,2.5023624843115875,2.9899979128412664,1.9274837744665443,10.566524876280365,66.10294933040936,6.735387899149088,22903371.0,60105.0
TXN02877,2023-01-26,Ahmedabad,Gota,23.091909681269875,72.53672813469805,Apartment,1831.0,4,3,13,11,18,2,Unfurnished,2.4752935765496447,2.3486133275698347,2.7947200743421345,11.520340552922343,81.36650561443169,6.820577098048525,11216863.0,32540.0
TXN02878,2022-05-18,Ahmedabad,Prahlad Nagar,23.00820711113514,72.51073519358663,Apartment,2117.0,4,4,19,1,19,0,Unfurnished,2.9779095776705065,2.412364560461073,2.3429156456260163,6.128521463838199,79.7116968200004,11.983921292399591,24318933.0,58842.0
TXN02879,2022-12-23,Ahmedabad,Bodakdev,23.040431951313206,72.51098292416552,Villa,810.0,2,3,0,1,19,0,Unfurnished,2.1408827221981497,2.4228834917798645,2.665831246868577,6.5426270289540325,81.30682051687538,10.038191499469086,10554858.0,22041.0
TXN02880,2020-02-19,Ahmedabad,Chandkheda,23.107081963791533,72.57974570554714,Apartment,847.0,2,2,13,2,11,2,Furnished,2.185481148076155,2.8960370603848387,2.8602785829298383,5.218333785949042,82.27989367274915,7.433925284957845,6244950.0,15531.0
TXN02881,2025-07-31,Ahmedabad,Vastrapur,23.033014179852813,72.52384492508149,Villa,686.0,1,1,20,7,16,2,Semi-Furnished,2.989384942422128,2.737964672575965,2.4324202875403054,15.299533960536369,75.01568584176546,6.719290887553205,6892979.0,15779.0
TXN02882,2022-10-19,Ahmedabad,Shela,23.014250591648892,72.46273578564865,Apartment,1773.0,3,2,7,1,18,1,Semi-Furnished,1.6581251050854975,3.8624996334427144,3.2343734592346682,12.641890760008312,82.55591753147877,7.324818058159993,10892868.0,25768.0
TXN02883,2022-10-02,Ahmedabad,Gota,23.084505463310943,72.5360680926851,Apartment,1776.0,3,2,17,5,10,1,Furnished,3.5666912538019737,3.7885352761804056,3.1856096588064213,16.25974335631317,77.26188453255526,11.118620444080499,14006880.0,32262.0
TXN02884,2021-06-17,Ahmedabad,Vastrapur,23.040363004315235,72.53255720438683,Apartment,2581.0,5,4,7,8,17,1,Semi-Furnished,1.5795364379847574,3.03401940078408,3.3707150247744697,16.47282296152164,68.81043872489325,9.168003367856128,27618656.0,67396.0
TXN02885,2019-07-23,Ahmedabad,Chandkheda,23.113598836040275,72.58763316112002,Apartment,1544.0,3,2,0,11,16,1,Furnished,3.0146926493355313,4.067532451356914,2.098118104822076,5.0,84.0130704966888,9.241942565191602,12481439.0,25658.0
TXN02886,2019-03-02,Ahmedabad,Bodakdev,23.03381509890838,72.50468301214973,Apartment,826.0,2,3,3,6,8,1,Semi-Furnished,1.9568602573065494,1.9191389740842535,2.957480357462729,13.665868994664313,82.65242238611634,9.302369888089125,11405505.0,22686.0
TXN02887,2021-10-14,Ahmedabad,Shela,23.00777723239179,72.464020107263,Apartment,2523.0,5,4,20,5,9,1,Furnished,3.01118124234535,3.3042543012794696,3.1894498525482993,6.618495407898765,89.75905218945273,9.476057859520461,18830121.0,46321.0
TXN02888,2025-06-20,Ahmedabad,Chandkheda,23.107560938730796,72.58233037588158,Apartment,1466.0,3,2,2,3,17,2,Unfurnished,3.3292426937237356,3.699091416237121,3.073186537859279,5.0,71.65643543723105,10.329675371259574,10597434.0,22120.0
TXN02889,2023-01-25,Ahmedabad,Bopal,23.025653601693257,72.46785107102725,Apartment,1040.0,2,1,3,7,14,2,Semi-Furnished,3.565320080067201,3.6636540751696067,2.6387631709098858,6.836788026528081,84.91618999981279,8.65024891268647,8091247.0,18610.0
TXN02890,2025-07-29,Ahmedabad,Shela,23.00434741928022,72.46896219409162,Row House,2130.0,4,4,11,12,12,2,Furnished,3.0191596247065156,3.4423430846616307,3.370769745704973,10.031698937281956,93.84423113294751,8.30068237189222,13691494.0,37304.0
TXN02891,2019-02-19,Ahmedabad,Bodakdev,23.035433207264063,72.50933595940295,Apartment,2497.0,4,4,5,6,16,1,Furnished,1.68845304584885,2.4483539216803836,2.649250296756272,13.985241897066384,82.37424738408899,9.189630947184174,35615328.0,73397.0
TXN02892,2020-10-18,Ahmedabad,Maninagar,22.991596711121097,72.61000141669147,Row House,1001.0,2,2,24,7,12,1,Semi-Furnished,2.3201018997365863,3.2062267711674437,3.0909299207601246,9.427473835096515,72.7894938097411,8.68408485846742,7136922.0,16558.0
TXN02893,2025-11-30,Ahmedabad,Shela,23.007516584491537,72.47069137056984,Apartment,1034.0,2,2,16,11,18,2,Furnished,2.6800964647073133,3.454158145021212,3.2902130148865356,11.629635209606398,80.05317554573229,9.500492514668975,7429523.0,18569.0
TXN02894,2019-04-21,Ahmedabad,Chandkheda,23.10914191848591,72.58164094902997,Villa,2639.0,5,4,2,6,10,1,Unfurnished,3.038390692421623,3.1201014514452825,2.7709732199056343,7.041837774442193,75.89897247947528,10.480328056278331,17571167.0,39311.0
TXN02895,2023-12-14,Ahmedabad,Vastrapur,23.039072291364928,72.53208714788344,Apartment,2036.0,4,4,22,3,5,0,Unfurnished,2.799414294564537,2.8932542032040653,2.177031939504855,17.259658862990896,64.69038128465357,10.320039900068057,21934680.0,45899.0
TXN02896,2019-01-02,Ahmedabad,Vastrapur,23.039030665585795,72.53487009089626,Row House,1772.0,3,4,17,5,18,0,Unfurnished,2.429957767942707,2.970778363049303,2.306004729041411,13.654861679457095,80.18921734441304,6.521646144693404,15618431.0,44242.0
TXN02897,2024-12-23,Ahmedabad,Satellite,23.030650296704597,72.52205123555568,Villa,731.0,1,1,5,8,8,2,Unfurnished,2.575618210342084,1.8861517261161698,2.182438454071393,5.0,74.75478465803937,8.549603092713676,7597131.0,17287.0
TXN02898,2025-11-22,Ahmedabad,Bodakdev,23.037337368342556,72.50198524584037,Apartment,1472.0,3,3,21,8,13,1,Semi-Furnished,2.705021802179841,2.7069488323032185,1.846042884104202,12.654965820442076,80.68841167164265,9.64144367885383,20603450.0,40334.0
TXN02899,2023-02-03,Ahmedabad,Chandkheda,23.102242441722733,72.57982890525521,Apartment,2308.0,4,4,2,6,12,1,Furnished,2.5945935429150353,3.3835322914825077,2.6237014384313158,26.25491699114393,80.30620465673645,7.149542066395599,17009747.0,40243.0
TXN02900,2022-01-17,Ahmedabad,Chandkheda,23.10693911491282,72.58000325747814,Apartment,2743.0,5,4,12,12,17,0,Unfurnished,3.3341844537074308,2.821670296934065,2.985244896809898,5.0,91.997960480869,8.739001142996948,18259176.0,39431.0
TXN02901,2023-01-07,Ahmedabad,Chandkheda,23.103940152870095,72.5847771743612,Apartment,1751.0,3,4,3,10,15,2,Semi-Furnished,2.990677101790844,3.197736016241863,3.5073266466423547,17.382415156491557,78.45160234969214,9.298549357970803,14008769.0,31309.0
TXN02902,2020-04-07,Ahmedabad,Bodakdev,23.036423470795455,72.50406380220113,Apartment,676.0,1,1,0,12,15,0,Semi-Furnished,3.271973843457878,2.1790729893951024,2.2273528362468986,11.039987317247002,70.95781329755786,9.14493720037796,9873404.0,19532.0
TXN02903,2020-02-25,Ahmedabad,Bopal,23.027153757809437,72.46669516510399,Apartment,1408.0,3,3,18,7,15,1,Semi-Furnished,2.300554616207682,3.2211130553053,2.3047146845353033,22.11333043095541,79.77302705943029,9.64629179424986,11436026.0,23830.0
TXN02904,2024-02-23,Ahmedabad,Vastrapur,23.039413798242165,72.52449526828954,Apartment,721.0,1,1,15,10,12,2,Semi-Furnished,2.188971554814933,3.544989310153385,2.894193532236762,25.206205202445755,72.64070786088085,8.672023862011846,7345898.0,16323.0
TXN02905,2020-06-15,Ahmedabad,Prahlad Nagar,23.008919235676824,72.50579501163627,Row House,2270.0,5,4,6,11,19,1,Semi-Furnished,2.2278719772881073,2.2736937890310815,2.280300206696614,10.874963178001607,85.2094692910785,9.088423103848108,29521716.0,64743.0
TXN02906,2023-10-11,Ahmedabad,Shela,23.01039686148342,72.4666221570036,Villa,2674.0,4,4,15,6,11,1,Furnished,2.2258085879928657,3.9192687171569935,2.919947989157013,10.383455898870253,71.12321528437164,8.855334824360986,18391603.0,45124.0
TXN02907,2019-07-30,Ahmedabad,Chandkheda,23.111408799378413,72.57711110165731,Apartment,2273.0,4,3,4,10,16,2,Semi-Furnished,1.864594519725217,2.8455929070315977,3.3725258458215492,18.24816491565146,85.47634690968056,9.774614485393483,16305022.0,35977.0
TXN02908,2019-02-10,Ahmedabad,Gota,23.091927008047325,72.54211364392721,Apartment,1749.0,3,2,0,5,5,1,Semi-Furnished,3.1479749369887005,3.4699707675502873,3.0826807300591135,13.945473466162701,78.9348142326071,9.553114496579866,13763659.0,30472.0
TXN02909,2020-02-02,Ahmedabad,Chandkheda,23.104544477814215,72.5829690214705,Apartment,814.0,1,1,2,12,13,0,Unfurnished,2.9207177842884913,3.5741700527754308,2.884242874545087,15.072758802029796,72.81519463220204,9.595345367077202,5615842.0,12309.0
TXN02910,2024-08-28,Ahmedabad,Thaltej,23.055367866378923,72.51759112521863,Apartment,1184.0,2,3,19,4,13,1,Semi-Furnished,2.0792546391008493,2.9923115056848055,2.227316355217446,5.0,72.1406877212917,8.684016425612747,11520394.0,26524.0
TXN02911,2023-04-08,Ahmedabad,Bopal,23.033508202258545,72.46353570346328,Apartment,1946.0,3,4,20,3,13,0,Furnished,2.4492727961574214,3.3746677481623686,2.4735261379627977,5.0,82.80179854487804,11.700409999083362,16838360.0,39096.0
TXN02912,2021-01-10,Ahmedabad,Thaltej,23.042799475330153,72.51066879588096,Villa,1031.0,2,2,18,9,10,1,Furnished,2.1844800888504463,2.2311754865160784,2.73015390677416,11.959806721121264,85.9264140717006,8.55202507494833,10433130.0,23650.0
TXN02913,2021-01-12,Ahmedabad,Maninagar,22.994595846377855,72.60307203340037,Apartment,1494.0,3,4,25,4,15,2,Semi-Furnished,2.5362198826231293,2.587539722295366,3.0599442183433796,21.115791135074293,68.77146046191824,8.962560860297145,10768657.0,27048.0
TXN02914,2024-07-27,Ahmedabad,Bopal,23.035884570949335,72.46796638737808,Apartment,2668.0,5,4,22,1,8,1,Semi-Furnished,3.239179642543114,3.3144408820253544,2.04486466184589,8.363223439621244,80.29012824557854,9.395512531175491,19965703.0,44433.0
TXN02915,2020-01-28,Ahmedabad,Chandkheda,23.10660442043157,72.57732278924253,Apartment,1605.0,3,3,4,7,17,1,Unfurnished,3.1664531652309984,3.104318904788373,3.156805919209831,18.065418335086182,93.24925891723038,9.685279096633813,10767460.0,22845.0
TXN02916,2021-12-19,Ahmedabad,Satellite,23.02666234299322,72.51791301841237,Row House,1633.0,3,2,10,1,9,1,Semi-Furnished,2.1773626868000058,1.9130651133208967,1.313119961631604,22.079079349775558,72.49763894162255,7.946540779649078,18343058.0,39236.0
TXN02917,2024-04-06,Ahmedabad,Chandkheda,23.111586633219563,72.57455252918807,Apartment,1281.0,3,4,13,9,15,1,Unfurnished,3.0160237758000177,3.1170883028492526,3.5222794895731804,8.160317425728312,74.22785640069026,8.24198484342549,7443789.0,19273.0
TXN02918,2019-06-21,Ahmedabad,Shela,22.99967642278655,72.45977329476901,Apartment,2489.0,4,4,22,1,19,2,Furnished,2.301377363574389,3.067434992143125,3.201916898855994,5.0,85.55746799765052,8.92934552999914,17839582.0,37822.0
TXN02919,2023-07-24,Ahmedabad,Maninagar,22.99867268675405,72.60140441546287,Apartment,1129.0,2,1,25,10,14,0,Unfurnished,3.5205626230645373,3.089905115886637,2.4219020920043786,19.795808733568055,64.72033041881585,8.77618301522911,7741175.0,19457.0
TXN02920,2025-05-09,Ahmedabad,Vastrapur,23.04757013520918,72.52888884225986,Apartment,1633.0,2,2,6,1,8,0,Semi-Furnished,1.5934694706681838,3.551560716752722,2.7156073547364956,5.0,74.65960518222374,9.600109307384418,18576916.0,43610.0
TXN02921,2020-03-06,Ahmedabad,Chandkheda,23.1157400294266,72.58435777070595,Apartment,2011.0,4,4,16,9,19,1,Semi-Furnished,2.9307065509898513,4.185563878555031,2.6161390582825508,5.0,76.36365273364166,8.796190874201093,14352830.0,35811.0
TXN02922,2021-12-23,Ahmedabad,Gota,23.09112490880843,72.54208523344506,Apartment,2545.0,5,4,23,10,10,1,Semi-Furnished,3.2694498682039352,3.132571600294048,3.127419694185687,11.690887333139203,68.23090907769837,10.990446679216598,21254025.0,47382.0
TXN02923,2020-12-25,Ahmedabad,Satellite,23.034362473743556,72.5166260491539,Apartment,1776.0,3,2,21,5,16,1,Semi-Furnished,2.6632597779050586,1.8640417856570037,1.9537534587660377,5.923175507109468,78.98543286857009,7.111050371237952,18666010.0,43813.0
TXN02924,2019-12-29,Ahmedabad,Vastrapur,23.03347158527669,72.53083832831267,Apartment,1095.0,2,2,15,8,10,0,Semi-Furnished,2.5078099061329286,1.777015969858501,2.2776020315708205,6.187434758606667,75.3310917446202,9.270455023444857,11919781.0,26663.0
TXN02925,2021-11-16,Ahmedabad,Satellite,23.028463582953425,72.52651784408988,Apartment,1137.0,2,2,18,1,18,0,Furnished,1.655151737509624,1.8936354912342663,2.589716813747681,11.334399781014177,76.92824509928364,9.237854183051345,13689930.0,29011.0
TXN02926,2023-08-13,Ahmedabad,Bopal,23.030481384982547,72.46723927425752,Apartment,2687.0,5,4,12,10,15,1,Unfurnished,2.0517861363561156,3.712543249212856,1.4345386073157842,14.492656206416992,96.96102623099918,10.619097343185118,20099574.0,44297.0
TXN02927,2023-12-09,Ahmedabad,Shela,23.004582219297063,72.46334894564558,Row House,2134.0,4,3,9,12,19,2,Unfurnished,3.315596045076936,3.9463584052582905,3.0194349154872335,11.839925225980492,87.1963870918821,8.292029811501086,13628825.0,29535.0
TXN02928,2021-04-24,Ahmedabad,Shela,22.991370876853853,72.46631310220307,Row House,2647.0,4,3,11,7,9,0,Unfurnished,2.9267711160625054,3.6615667931922617,2.4292760126617865,5.0,80.14795966333946,10.35265379530024,16170898.0,37599.0
TXN02929,2019-06-01,Ahmedabad,Chandkheda,23.105912068928685,72.57803737053779,Apartment,655.0,2,2,21,2,11,1,Unfurnished,2.711691882614926,3.641534120101633,2.8213902906533943,10.38239341599796,77.36904492155132,8.417985707108668,3841230.0,10575.0
TXN02930,2023-10-26,Ahmedabad,Satellite,23.033000782899883,72.52150835655883,Apartment,2633.0,5,4,12,10,14,1,Semi-Furnished,2.755435667457911,2.0062232239790148,2.3001417658984376,9.670030193347985,74.4737425598904,10.222675198844815,30588941.0,63102.0
TXN02931,2019-01-01,Ahmedabad,Thaltej,23.051081548315114,72.51657956761987,Apartment,2267.0,4,4,19,4,8,2,Semi-Furnished,2.5208155566588895,3.4392046924089144,2.058982551745541,18.79610644573137,79.99802145545885,7.056377030012449,22385128.0,51925.0
TXN02932,2022-08-13,Ahmedabad,Prahlad Nagar,23.004066487200497,72.51285780454978,Apartment,1014.0,2,3,13,2,19,2,Semi-Furnished,2.303253275489298,2.8744318446821078,2.6965203743337116,6.377589741110707,76.91658577284926,10.092214968527472,13577590.0,30570.0
TXN02933,2019-08-31,Ahmedabad,Prahlad Nagar,23.009463316666178,72.5113483351249,Apartment,907.0,1,1,5,2,17,2,Furnished,2.48527548455541,2.701813000373602,1.2041487638099242,5.0,77.84594565794359,9.075802992820874,12859306.0,23491.0
TXN02934,2019-09-01,Ahmedabad,Satellite,23.028353879987318,72.51698782735849,Villa,645.0,1,2,8,11,11,1,Semi-Furnished,2.9736616640790614,2.4837913254945696,2.08349297255276,10.986238407949934,72.72860313147737,11.498844658064531,8097367.0,16849.0
TXN02935,2019-04-13,Ahmedabad,Bodakdev,23.03956633037737,72.50905966861242,Apartment,2249.0,4,4,20,12,13,2,Unfurnished,3.3670896817130718,2.9419737551438825,3.174779292369209,5.611016470061936,89.53380629648228,10.309171960809755,31967063.0,67611.0
TXN02936,2025-08-13,Ahmedabad,Shela,23.001828039754116,72.46700477867365,Row House,1081.0,1,2,24,11,13,2,Unfurnished,3.4147575205071456,3.003373294898822,3.3718505726395,5.0,83.46553868713087,9.541531753571066,7240244.0,15115.0
TXN02937,2024-06-26,Ahmedabad,Gota,23.091610604549803,72.54129119688469,Apartment,2520.0,5,4,4,8,13,0,Furnished,3.367905009447102,2.8881715307769524,1.8192240608163206,9.693242183646234,87.37702684715583,9.026067290776323,18971313.0,48439.0
TXN02938,2022-01-08,Ahmedabad,Bopal,23.02426739929143,72.45538100089404,Villa,1959.0,4,4,3,2,8,1,Semi-Furnished,2.586171304173522,2.954091822915559,2.619529800375746,10.4276230510843,88.12385107729904,9.123880394997371,16212630.0,31308.0
TXN02939,2021-12-02,Ahmedabad,Gota,23.091595434550882,72.54343580937078,Row House,901.0,2,2,8,8,18,1,Semi-Furnished,2.5555257724075635,2.594660560067322,3.3360460283357343,12.997405507004139,73.57779671535648,11.243603265622339,6649353.0,15047.0
TXN02940,2024-01-20,Ahmedabad,Shela,23.00807199801463,72.45982579711027,Row House,1157.0,3,2,21,10,10,1,Furnished,2.82685020482651,2.9717487124863307,2.594332419833491,10.055258492299735,81.32248371665818,7.468697021261969,8346094.0,19404.0
TXN02941,2025-01-09,Ahmedabad,Satellite,23.03207890925426,72.5167991481182,Apartment,2410.0,4,4,7,4,19,1,Furnished,1.5724598597685653,1.287177078845304,2.482800121880086,8.421049840164077,79.25977190360882,8.204527028980403,29403448.0,61843.0
TXN02942,2022-09-28,Ahmedabad,Bodakdev,23.043652802362182,72.49719606498839,Apartment,569.0,1,2,8,8,10,0,Unfurnished,1.9052311174758851,2.6250721754584556,1.7856944900603766,17.438396857783626,80.13380212813405,7.748258849055874,6424313.0,16235.0
TXN02943,2022-12-23,Ahmedabad,Satellite,23.02931350021788,72.51394836637193,Row House,2431.0,4,3,21,6,14,0,Semi-Furnished,2.7567012283793244,2.950230507025866,3.4031017765728824,22.36726254967639,74.15215386890105,8.782190653482209,29649904.0,59741.0
TXN02944,2021-08-19,Ahmedabad,Thaltej,23.058030279156803,72.51774016102004,Apartment,617.0,1,1,24,3,15,2,Unfurnished,2.6320371353754033,3.1450843009018845,2.354323959937939,24.881784420853492,81.50010829299711,8.50959952142651,5392986.0,12605.0
TXN02945,2025-11-22,Ahmedabad,Satellite,23.02676308675884,72.51989271394048,Apartment,1257.0,3,4,0,8,14,2,Unfurnished,3.0172020222859346,2.1499886456232957,2.0245795563043085,17.897203159030894,68.39017467193744,7.588390574039563,14015624.0,30178.0
TXN02946,2024-10-09,Ahmedabad,Gota,23.096487863361144,72.53989508811595,Apartment,2211.0,4,3,24,11,14,0,Semi-Furnished,2.4875906298809407,4.0227291901013285,2.4375830338814297,21.804648023712637,77.23844546215565,8.757374715970139,17972031.0,39401.0
TXN02947,2025-01-17,Ahmedabad,Bodakdev,23.037409768840067,72.50722760441643,Apartment,1951.0,4,4,15,6,18,0,Semi-Furnished,1.7976952979876506,2.8642461402721056,2.1773794835297986,14.346333971467534,79.18802724871188,9.055638571956292,25020508.0,55999.0
TXN02948,2024-08-11,Ahmedabad,Gota,23.093509541714972,72.54385873647061,Villa,1576.0,3,4,23,10,16,2,Semi-Furnished,1.993325897943067,2.768368170567118,2.420824506679638,12.135668478610597,74.84697372746024,9.21831463472472,10787968.0,28225.0
TXN02949,2024-04-25,Ahmedabad,Bopal,23.030265665880133,72.47086301420426,Apartment,2352.0,5,4,21,5,15,2,Unfurnished,3.4575099603886676,3.211153253033931,2.8736252676955876,5.0,87.47377979936438,11.04514681206447,18692563.0,38615.0
TXN02950,2021-12-07,Ahmedabad,Bopal,23.02522785733865,72.46259293261033,Apartment,2222.0,4,4,6,11,13,0,Semi-Furnished,3.2218007497036645,4.093437836873884,2.6115925548019883,12.158051658225808,92.29900157604297,11.14454371037324,16704947.0,41256.0
TXN02951,2019-04-11,Ahmedabad,Vastrapur,23.037310343826906,72.52881723289941,Apartment,1846.0,3,3,4,2,13,0,Semi-Furnished,1.6992185739252008,4.120696594127353,2.1653761468920587,7.4244197757359025,71.97254757319226,9.577320183237806,19171183.0,46119.0
TXN02952,2020-09-30,Ahmedabad,Shela,23.009578417921926,72.46431621888323,Apartment,2559.0,5,4,17,7,8,1,Unfurnished,2.574389251144851,3.460479190953151,2.729669111190007,13.928229645931829,72.24619599305998,10.412878298044012,17929510.0,38499.0
TXN02953,2022-11-27,Ahmedabad,Bopal,23.033231945773256,72.46457894431286,Apartment,1655.0,4,4,2,3,7,1,Unfurnished,2.9426157303861644,3.5406923868547997,2.984621913602567,5.665071537069915,93.70143333433377,9.855388870539752,11947101.0,29611.0
TXN02954,2025-12-04,Ahmedabad,Thaltej,23.050234343234354,72.51511487766489,Apartment,2400.0,4,4,9,4,14,2,Semi-Furnished,2.3320949925025762,3.197802103239838,2.2503219631734224,8.856130510106466,74.00073880221655,10.298589703663502,23683804.0,53852.0
TXN02955,2022-03-31,Ahmedabad,Satellite,23.03818156014627,72.51374384879234,Apartment,2270.0,5,4,22,6,19,1,Furnished,2.026210278939437,2.3252374728460636,1.9580888082745616,8.509023313047832,68.77619954976224,10.253746797629946,25536536.0,60861.0
TXN02956,2021-12-06,Ahmedabad,Bopal,23.031172603684436,72.46290584941124,Apartment,1180.0,3,3,16,1,19,1,Semi-Furnished,2.9216954123836483,2.7041354554978008,2.495535428207843,16.104009069184436,87.85202756915533,10.011718261060995,9341309.0,22392.0
TXN02957,2023-06-22,Ahmedabad,Satellite,23.027464626350056,72.51782365660713,Apartment,695.0,2,1,22,9,12,0,Unfurnished,2.3031643848845653,3.1594997042751007,2.0561993482188337,5.284768261004034,78.5152502719881,8.603753474472814,7468003.0,16754.0
TXN02958,2021-11-10,Ahmedabad,Bopal,23.031755566910498,72.46480438457158,Row House,1079.0,2,3,12,3,4,2,Furnished,2.268912707112991,2.802187603830746,2.9432476263121394,5.078937215078346,92.29541500313125,8.548121124044203,8639075.0,20034.0
TXN02959,2025-11-17,Ahmedabad,Bodakdev,23.032198759104798,72.5040599719177,Apartment,1663.0,3,3,10,9,16,2,Unfurnished,1.8084871384683336,2.931787286799231,3.3167975154224703,10.715741483265598,84.34779275088712,9.04888935593663,19645109.0,45476.0
TXN02960,2023-11-27,Ahmedabad,Satellite,23.027047269141185,72.51470854203453,Apartment,1087.0,2,2,1,11,13,0,Unfurnished,3.2346730036528033,2.7000950102195267,2.148507889957884,12.253446888949705,74.54000096595857,9.503340112455868,12183798.0,26648.0
TXN02961,2019-03-28,Ahmedabad,Gota,23.08851282979437,72.53393221029944,Apartment,2613.0,4,4,4,2,4,1,Furnished,3.3321921254334357,3.5411131119814954,3.742344059438718,15.720096849244552,78.13841141888989,9.534346239487302,21207082.0,49868.0
TXN02962,2019-03-08,Ahmedabad,Bodakdev,23.04128281752435,72.50382120601742,Villa,2168.0,3,4,12,8,11,2,Furnished,2.6547194990714647,2.6996262735362646,2.747051126437594,15.004941913704865,75.33572610873753,9.647708611377318,32319721.0,62840.0
TXN02963,2021-09-12,Ahmedabad,Chandkheda,23.12145461203249,72.57598488198727,Villa,958.0,1,1,6,6,8,0,Furnished,3.6776893225947647,3.7476330153773305,3.620312164663069,19.372855763218347,68.93656809154538,10.300584065846587,7135308.0,16016.0
TXN02964,2022-03-18,Ahmedabad,Maninagar,22.994238896516993,72.60608617790415,Row House,2795.0,5,4,3,10,19,0,Semi-Furnished,2.602917963693596,2.9001498305899824,2.789122006270281,26.655432042872196,60.35043027411709,8.586440672039021,20623936.0,48495.0
TXN02965,2022-02-15,Ahmedabad,Chandkheda,23.1077137324538,72.58500174940738,Row House,2298.0,5,4,19,6,14,1,Semi-Furnished,3.4690391520025203,3.201892359162002,3.041709891132993,12.999613877181423,80.94356264832518,7.080630031412091,15437345.0,39357.0
TXN02966,2023-03-01,Ahmedabad,Gota,23.08852763781774,72.54640099312734,Apartment,1316.0,3,4,3,1,19,1,Semi-Furnished,3.1727560805095645,3.1907919201663137,2.6487398428254614,11.781304970894638,78.19392802453937,7.611254832755563,10091022.0,23906.0
TXN02967,2024-07-22,Ahmedabad,Gota,23.098976223588416,72.54823158263075,Apartment,2620.0,4,3,19,2,8,2,Furnished,3.1014995511065813,3.7292959458200023,2.88473474672796,5.0,76.1635359125279,10.600746630861558,22773672.0,48761.0
TXN02968,2020-05-03,Ahmedabad,Bodakdev,23.040166791707897,72.50405178246396,Apartment,1816.0,3,3,23,4,10,2,Unfurnished,2.4252580431726636,2.6437948347202553,2.0315330006109003,7.75870189977481,83.33576757060476,9.209490685583635,23943649.0,47160.0
TXN02969,2025-06-16,Ahmedabad,Bodakdev,23.042521900341995,72.50630973823677,Apartment,1448.0,3,3,10,11,11,2,Semi-Furnished,1.7984051670557866,2.6890316049678886,2.2893691313956825,5.991834878981608,84.30694063938572,10.56114040682989,18369296.0,43678.0
TXN02970,2022-10-31,Ahmedabad,Prahlad Nagar,23.010226505624292,72.50003939892002,Apartment,2654.0,5,4,19,7,15,0,Furnished,2.814164552241244,2.3227250791597855,1.6378702542136145,5.0,81.52702188485432,9.70645648893662,35515065.0,81507.0
TXN02971,2020-09-29,Ahmedabad,Bodakdev,23.040190376447434,72.50287381057505,Row House,2101.0,4,4,0,3,6,2,Furnished,1.8441837742892102,2.794665853419087,2.5288293919378115,5.0,89.77219264190056,9.893017604690598,32939014.0,61877.0
TXN02972,2022-06-24,Ahmedabad,Bopal,23.028961092404497,72.46798833389033,Villa,2780.0,5,4,9,8,12,0,Furnished,2.7116607909245265,3.341907537102173,3.264376023255482,6.199588374428506,76.82345068744344,9.105545960039542,22741507.0,53992.0
TXN02973,2024-02-22,Ahmedabad,Thaltej,23.043356861852697,72.52758256570496,Villa,2607.0,5,4,1,10,10,0,Semi-Furnished,3.3264145088113968,2.750695338853592,2.725660821841197,5.0,69.46957288450625,9.545256370826694,25695033.0,57581.0
TXN02974,2021-10-01,Ahmedabad,Thaltej,23.04812480521865,72.50413611596426,Villa,1780.0,4,3,7,7,16,2,Unfurnished,2.4151576533909718,3.8940021575299566,1.7944000542429257,8.254972555581581,74.954580491582,11.469687769446885,16885656.0,37534.0
TXN02975,2023-05-27,Ahmedabad,Bodakdev,23.032605863632394,72.50153729363652,Apartment,2751.0,5,4,15,10,10,0,Furnished,1.9759406547100584,2.7880438878721936,1.715344142018699,17.156908892914302,80.95537882456034,10.0274326264465,39817547.0,86982.0
TXN02976,2021-11-12,Ahmedabad,Maninagar,22.991668020400105,72.61062882559567,Apartment,2502.0,5,4,25,2,9,1,Furnished,2.9712504679975633,3.237503121677644,2.391906875050224,11.298180971292542,69.35171200609507,7.641414679699823,20454005.0,45032.0
TXN02977,2024-03-10,Ahmedabad,Gota,23.098727694326787,72.54403707527771,Apartment,2623.0,5,4,4,3,19,1,Furnished,2.772846848143221,3.0549862087835953,2.689183758696964,8.945917888010532,78.29204157852857,9.474503055617669,21576081.0,47243.0
TXN02978,2024-09-09,Ahmedabad,Satellite,23.03482137123141,72.5270633320938,Apartment,627.0,2,3,6,12,13,2,Semi-Furnished,3.1385546880758595,2.540336549200714,2.1937402724903814,14.895406944555315,70.71721899049061,8.996924515090777,7019691.0,16635.0
TXN02979,2024-09-13,Ahmedabad,Prahlad Nagar,23.01309753393834,72.51202324154546,Apartment,895.0,2,2,4,4,14,0,Semi-Furnished,2.924188714227582,2.2890301940780744,1.9760506868719094,10.809066379490732,81.23041336209091,7.729775255880705,10933219.0,25774.0
TXN02980,2020-10-14,Ahmedabad,Gota,23.08924445641866,72.54286402566512,Apartment,1765.0,2,1,20,5,18,1,Unfurnished,2.5362093581767216,2.9099323523483682,2.3406601152507065,13.059743191590723,73.49259764819772,10.77477330345495,12991538.0,30202.0
TXN02981,2021-10-13,Ahmedabad,Maninagar,22.993373610029153,72.60335244551706,Apartment,2132.0,4,3,8,9,18,1,Semi-Furnished,2.495914404306322,3.030951007662333,2.5158340649009006,17.066026563367366,55.163829464305344,8.77605504454592,15451609.0,33183.0
TXN02982,2019-02-18,Ahmedabad,Maninagar,22.9993632736214,72.6053156995121,Apartment,2611.0,5,4,15,6,12,2,Unfurnished,2.420169300272567,2.1005289490833965,2.8116007067403928,22.05722342183968,61.57025463753359,7.635987189934012,17915549.0,44292.0
TXN02983,2024-08-13,Ahmedabad,Shela,22.999404396092856,72.46481853281212,Apartment,924.0,2,1,9,11,19,1,Furnished,3.1318809410581814,3.362705246515327,3.246549296595245,9.30740952480998,85.8936925028629,9.871872033651734,6897492.0,15865.0
TXN02984,2022-06-21,Ahmedabad,Maninagar,22.996062308574977,72.59941072457094,Apartment,866.0,1,1,4,9,9,0,Unfurnished,2.505249070375644,2.8355059340992628,2.8995432256050724,11.040124783564472,63.24638471156733,6.298519240065023,5644392.0,13290.0
TXN02985,2020-04-26,Ahmedabad,Thaltej,23.053512012290692,72.51782938514559,Apartment,771.0,2,1,22,2,16,0,Unfurnished,3.1518052750796244,3.0052503262435435,2.6808207220714384,10.20706825854926,82.87096270880662,9.63573635916909,7004786.0,16234.0
TXN02986,2022-11-03,Ahmedabad,Shela,23.004166855394843,72.47144683765174,Row House,911.0,2,2,23,12,18,2,Semi-Furnished,3.9750230804365287,3.846143545926037,2.4783447157775775,5.95906543625485,81.97644165903725,10.467028660534115,6167200.0,13180.0
TXN02987,2021-05-05,Ahmedabad,Gota,23.088308731567412,72.54090793364324,Row House,1573.0,3,4,25,7,12,2,Unfurnished,3.0195705406656206,3.859040980455072,2.7282038332988363,13.428323585991425,80.4557449301995,10.572646833249848,11382368.0,24684.0
TXN02988,2022-01-10,Ahmedabad,Chandkheda,23.110806500066822,72.58443611109408,Apartment,1074.0,2,2,4,11,19,1,Furnished,2.30588056608388,2.8829665651010155,2.3873091400378814,10.816246772034244,88.68427160073635,10.831979328023284,8782212.0,20865.0
TXN02989,2024-03-31,Ahmedabad,Maninagar,23.002006725725703,72.60047100541775,Apartment,2471.0,4,3,16,8,10,2,Unfurnished,3.0656705715938513,2.7630638130277716,2.774472789469408,23.41371534665529,76.10475945156148,7.308870315700828,17581699.0,40190.0
TXN02990,2021-06-01,Ahmedabad,Satellite,23.031948708294827,72.52416533981544,Apartment,1867.0,3,3,2,7,13,1,Unfurnished,2.0995815505148374,2.8539724520108383,2.1415648205498807,24.48823429516763,79.51595965895407,10.516777628504876,22086339.0,44556.0
TXN02991,2021-04-17,Ahmedabad,Satellite,23.031479998524727,72.5240411977706,Apartment,2083.0,4,4,17,4,4,2,Semi-Furnished,2.459825814206882,3.5863870873115307,2.4855741091805874,32.07981180850022,75.3286892919789,8.740816852656907,23852385.0,53277.0
TXN02992,2022-04-07,Ahmedabad,Bodakdev,23.040520997071013,72.50477655073882,Apartment,833.0,2,1,17,3,19,1,Unfurnished,2.725905489849046,2.4425989875637115,2.6072086969994674,21.76721445395863,80.63104494880356,9.433451958243895,10871181.0,23703.0
TXN02993,2024-09-13,Ahmedabad,Satellite,23.032833706874317,72.51596998972144,Apartment,1558.0,3,2,24,7,14,1,Unfurnished,2.392620580179341,1.9501484503015565,2.192420282656796,15.27037732271163,69.44331900593923,6.8998832572052216,17052530.0,36045.0
TXN02994,2022-10-25,Ahmedabad,Prahlad Nagar,23.007088399553346,72.50615855316533,Row House,2724.0,4,3,14,2,16,1,Semi-Furnished,1.8240857959886339,3.048360573675817,1.86123696523153,8.135688992193593,75.46175929658395,7.905698325353704,32402313.0,77399.0
TXN02995,2019-11-23,Ahmedabad,Satellite,23.023308433432664,72.52260661441399,Row House,1836.0,3,2,5,8,17,0,Furnished,2.090192004869841,2.795222320086079,2.758073895046859,14.713530807271674,76.94886296200438,11.667193082216288,24935918.0,56827.0
TXN02996,2020-08-02,Ahmedabad,Shela,23.003412606910466,72.46618177519841,Villa,2578.0,4,4,2,2,13,2,Semi-Furnished,2.3295464840353253,3.140359253622413,2.06436396101437,14.846362751484229,89.0550723433573,9.718872152226549,18570815.0,41898.0
TXN02997,2023-04-22,Ahmedabad,Vastrapur,23.045043369119707,72.52635441398634,Apartment,810.0,1,2,1,8,15,0,Semi-Furnished,2.3995526331772177,2.904987684089612,2.3311057240228856,15.263780027090338,70.66161187383148,10.79068119215416,9403450.0,19215.0
TXN02998,2024-10-20,Ahmedabad,Bopal,23.028218902455674,72.4652294328806,Apartment,1569.0,2,2,2,5,15,0,Semi-Furnished,3.7870409342747218,3.3080285071505915,2.8611623141883777,16.236348129855898,64.80006476262879,8.06774224364571,12990957.0,29109.0
TXN02999,2024-05-25,Ahmedabad,Thaltej,23.046701516171968,72.51301184640202,Apartment,2585.0,5,4,25,8,16,2,Semi-Furnished,3.267550427215399,3.2021086154730085,2.156586298944088,5.0,77.11376615241511,8.604747693974543,26767929.0,53844.0
TXN03000,2024-04-08,Ahmedabad,Satellite,23.025279281358557,72.52430119790426,Apartment,1360.0,2,1,10,12,15,2,Unfurnished,1.7602198877819228,2.7968131702935075,2.4303082038655184,15.562915324353929,72.38253321247657,8.766703493449524,14752552.0,32756.0
TXN03001,2025-12-25,Ahmedabad,Shela,23.00319315075943,72.47586319172686,Apartment,2555.0,5,4,4,8,17,2,Unfurnished,2.929663640093761,3.76140022128619,3.629986193062587,12.506945684594765,93.60959681771347,7.590337525323989,15218625.0,38867.0
TXN03002,2020-11-20,Ahmedabad,Prahlad Nagar,23.01258038372227,72.51023239240504,Villa,2534.0,5,4,16,10,19,2,Semi-Furnished,3.1657590604988854,2.2829030888511816,1.898975389712668,11.443604534424352,73.89083181668346,9.431223582070386,33880795.0,71496.0
TXN03003,2022-10-26,Ahmedabad,Chandkheda,23.105806399942352,72.58822456908418,Villa,2435.0,4,4,19,4,14,2,Furnished,2.545060371297934,2.7231144054952487,2.240442856547994,13.194624782648283,81.16540059537824,13.0,20758040.0,41386.0
TXN03004,2021-06-01,Ahmedabad,Thaltej,23.049734677595968,72.51300866978886,Apartment,2497.0,5,4,3,2,5,0,Furnished,2.666214921318408,3.3853638117183205,3.852351750749145,26.87102571094193,81.69881114092041,8.649250020056746,27784202.0,60853.0
TXN03005,2023-08-14,Ahmedabad,Vastrapur,23.037142787147317,72.52688510494052,Apartment,1930.0,4,4,8,1,17,1,Semi-Furnished,2.649147483110491,2.7445627996273654,1.6879429819619558,32.88948811898365,63.36125659920015,6.50821086936512,20383082.0,48864.0
TXN03006,2022-03-14,Ahmedabad,Prahlad Nagar,23.01283269173466,72.50986548724089,Apartment,889.0,1,2,1,12,18,0,Semi-Furnished,2.538499157225426,2.4740989068914083,2.4927625390942567,14.246927544578153,81.11698231495924,10.28252596475876,10648766.0,24124.0
TXN03007,2024-03-20,Ahmedabad,Thaltej,23.048065717709612,72.51537156009273,Apartment,1881.0,3,4,19,3,19,1,Semi-Furnished,2.559556882549096,2.7315412076669663,2.15197640523665,6.636028236781874,74.91726659716105,7.860591032637044,17284900.0,38181.0
TXN03008,2025-04-02,Ahmedabad,Thaltej,23.043578485013892,72.51307436572446,Apartment,1386.0,1,1,25,11,16,0,Unfurnished,2.787918396506299,3.1758477247283285,2.5493047867750978,17.779774338992965,84.29977670365292,10.331245908207434,12235352.0,29022.0
TXN03009,2022-11-27,Ahmedabad,Shela,22.993518356314674,72.46486525595527,Villa,1653.0,3,4,8,9,14,1,Semi-Furnished,3.2520024273317683,3.4774699685218193,1.863677365778719,11.514452454194554,87.15914495266442,8.451950387635508,10346820.0,25640.0
TXN03010,2023-06-17,Ahmedabad,Bopal,23.029187733740187,72.46835267003215,Villa,693.0,1,2,24,3,18,0,Furnished,3.1052586277898007,3.0179261689460386,3.521647724388697,16.72740828370222,88.80807729868994,11.33289033077548,5757940.0,13382.0
TXN03011,2020-02-17,Ahmedabad,Thaltej,23.04593943574374,72.5137508058044,Apartment,1438.0,3,3,4,2,4,2,Unfurnished,2.6486055421395127,3.2847826601708348,2.61799810477803,5.0,74.32739138094115,7.670546389691342,13331231.0,28310.0
TXN03012,2022-10-23,Ahmedabad,Maninagar,22.99210758727002,72.60673913305757,Apartment,1376.0,1,2,9,10,14,0,Furnished,2.495423769504363,3.0747941790345115,3.5080360464598623,22.47404921381547,55.55217159566859,6.8519388721544034,10201545.0,24388.0
TXN03013,2025-08-01,Ahmedabad,Prahlad Nagar,23.01043416990737,72.51014425733074,Apartment,1927.0,4,3,21,8,13,2,Furnished,1.7186671829477385,2.5530268408019197,1.8755677563693482,5.0,82.75363443989599,8.633236411775203,24735152.0,55948.0
TXN03014,2023-10-12,Ahmedabad,Prahlad Nagar,23.014775386637076,72.50830855517339,Apartment,1679.0,3,2,20,4,13,1,Furnished,2.7480246188769923,2.519084641140708,2.252643849684683,15.282192521236665,66.62343075898164,8.69736629265722,21828870.0,54617.0
TXN03015,2025-05-29,Ahmedabad,Vastrapur,23.042436418584856,72.5323624668225,Apartment,1438.0,3,4,23,5,7,0,Semi-Furnished,2.8345616732648686,2.6528459596109135,2.6922661230959535,19.287646244596015,69.90291197030538,8.72028128221457,14133632.0,33352.0
TXN03016,2024-08-11,Ahmedabad,Thaltej,23.055447185019972,72.51726580345115,Row House,2050.0,4,3,19,8,19,0,Unfurnished,2.898627834656513,2.5345860460998924,3.6106960283634173,5.8416610100645805,76.01121812778631,9.63007291005744,18142438.0,41396.0
TXN03017,2020-08-10,Ahmedabad,Bodakdev,23.036537850881476,72.50414314357653,Villa,771.0,1,1,17,4,7,0,Furnished,2.3608492914092727,3.756293609599575,1.920067018899164,13.954305422091867,87.08937089086746,9.100541242392842,11235717.0,24715.0
TXN03018,2022-12-06,Ahmedabad,Bodakdev,23.04380889908675,72.50906190116284,Villa,1846.0,2,3,20,4,9,2,Furnished,2.484526826513113,2.1123364385944465,2.083570398458899,14.495761278897099,90.56159557875458,8.152317648124484,26981740.0,60644.0
TXN03019,2024-10-06,Ahmedabad,Maninagar,22.992423559881672,72.59437526151629,Villa,1745.0,3,4,16,9,14,1,Unfurnished,2.800090363736137,3.051953257642263,2.733464234152959,18.540663279957286,71.47850862531546,9.094097077392114,13690977.0,28122.0
TXN03020,2025-06-23,Ahmedabad,Bodakdev,23.043322130219238,72.50450476499235,Apartment,2463.0,5,4,6,3,11,0,Furnished,2.614809037603159,2.481823012279596,2.4902175945395144,7.257572555956459,85.32217416434557,7.818566359874979,34246989.0,81443.0
TXN03021,2023-12-04,Ahmedabad,Chandkheda,23.113780499069684,72.58006171615635,Apartment,1738.0,3,2,3,2,8,1,Semi-Furnished,2.448215846067689,3.7566825192131894,2.9197455297757475,8.038773429212524,88.7469692950328,10.162339010746887,12513030.0,27164.0
TXN03022,2021-06-22,Ahmedabad,Satellite,23.026813447713206,72.51047171604958,Apartment,769.0,1,1,21,9,17,1,Unfurnished,2.802519863781704,2.3746712381208535,2.5506026434379594,13.124119618760709,73.42592730208987,9.97402343936492,8549750.0,17749.0
TXN03023,2025-08-06,Ahmedabad,Bodakdev,23.046327454374048,72.50242171321779,Apartment,2494.0,5,4,21,6,16,2,Semi-Furnished,1.890691530464157,2.6155812020183546,2.840176162617126,23.61292236176456,82.08566604781693,7.814716358956644,32504106.0,73479.0
TXN03024,2020-10-28,Ahmedabad,Shela,23.004187013854487,72.46520566917955,Villa,2060.0,4,4,17,2,11,0,Unfurnished,3.1309716501759057,3.4928097678049546,3.770425993342375,9.61048401650363,84.6218125876897,9.460489128751638,11682094.0,29829.0
TXN03025,2024-01-24,Ahmedabad,Gota,23.091692556493665,72.54233876426795,Apartment,2430.0,4,3,9,4,8,2,Semi-Furnished,2.5771134064902843,2.8098150229666836,2.208181678560512,8.579480452362361,86.61014201577706,10.839772146500861,18477686.0,42603.0
TXN03026,2025-12-06,Ahmedabad,Gota,23.08119275020548,72.53824307494784,Villa,1599.0,2,3,17,2,6,2,Semi-Furnished,1.9757008940455183,3.3321698181264856,3.89218235891059,15.856021451033577,78.48819236784348,7.765899944316044,11507569.0,29854.0
TXN03027,2023-02-14,Ahmedabad,Prahlad Nagar,23.010623494280768,72.5106386567688,Apartment,1376.0,3,2,5,9,11,2,Semi-Furnished,2.0949337220953037,2.275562867063699,2.2211309147115936,9.525032886406066,69.59149287797416,8.224999560540956,17155085.0,37395.0
TXN03028,2025-11-08,Ahmedabad,Thaltej,23.05565615007406,72.51517335874463,Villa,1422.0,3,4,10,5,16,0,Semi-Furnished,2.9185738014895652,2.760503139720135,2.4783452007739744,9.506498697978465,68.3357540774058,8.529943795773955,13413904.0,31415.0
TXN03029,2025-03-02,Ahmedabad,Shela,22.997427102036234,72.4690438262994,Apartment,1073.0,2,3,13,8,12,1,Furnished,2.8723330360060575,3.5213958925299322,3.2196569896339167,13.971580767754073,88.64012293965311,10.823250403366549,7373423.0,17351.0
TXN03030,2024-05-30,Ahmedabad,Bopal,23.035424752457182,72.47100008991629,Apartment,623.0,1,2,22,9,15,0,Semi-Furnished,2.7616554091621106,3.1324429725114413,3.37358337114664,16.438028248784853,77.90808177965906,9.509832916819716,4822296.0,10847.0
TXN03031,2022-01-04,Ahmedabad,Shela,23.002463827591605,72.46257704938012,Apartment,737.0,1,2,14,1,5,0,Semi-Furnished,3.1470866605762504,4.275840652009234,3.03145326291195,5.484474984949928,87.6703915086567,7.895708621009149,4563360.0,11266.0
TXN03032,2022-01-09,Ahmedabad,Vastrapur,23.039969891058835,72.52831361396267,Row House,1428.0,3,4,8,1,17,0,Unfurnished,2.631182098702881,3.2295852378088203,2.9089280686791312,21.275031166552544,82.47446996634302,8.462337543873208,14261347.0,28293.0
TXN03033,2023-12-02,Ahmedabad,Vastrapur,23.046105108825028,72.52912993182164,Apartment,2016.0,4,4,10,4,13,1,Semi-Furnished,1.9322931853049807,2.952145013746967,2.573334759315344,10.285963490061985,71.73544969560942,7.994260546137009,20147159.0,51302.0
TXN03034,2023-05-18,Ahmedabad,Bopal,23.0371647689553,72.46032755299927,Apartment,1707.0,4,4,15,10,17,1,Semi-Furnished,2.8400585430982304,2.7595715953743154,1.853406562032942,5.528452761464348,80.39790110139688,9.854714328815739,12848168.0,29788.0
TXN03035,2024-04-09,Ahmedabad,Maninagar,23.00122568310496,72.60375162176268,Apartment,1485.0,4,4,25,7,10,1,Furnished,3.119064208157777,3.632855975762383,2.3315961597192745,19.80167580570096,64.02472920946619,8.245344620325314,11933607.0,27306.0
TXN03036,2025-01-02,Ahmedabad,Chandkheda,23.110626417807044,72.57115639144277,Apartment,824.0,2,1,4,2,8,0,Semi-Furnished,2.296308578718195,3.8010552860527653,3.3433068429006036,7.144017910001619,84.53199661298963,8.722899573477262,5646717.0,14339.0
TXN03037,2021-01-16,Ahmedabad,Gota,23.089487773187045,72.54192098016044,Apartment,1469.0,3,4,23,1,15,2,Semi-Furnished,2.9660562869743785,3.8090599790194295,2.3331852108269047,9.36025228568652,87.9271871927625,6.430495331690112,10689787.0,25564.0
TXN03038,2022-11-12,Ahmedabad,Shela,23.005433252340676,72.46405629319125,Apartment,2562.0,5,4,10,6,14,0,Semi-Furnished,3.4964094756703052,4.3462031300053,2.4645884814978154,13.696486598745551,88.47639180260924,11.003102610746408,15955847.0,38659.0
TXN03039,2020-04-27,Ahmedabad,Bopal,23.036317391538702,72.47335363470667,Apartment,2382.0,4,4,24,3,10,0,Semi-Furnished,2.711829954635491,3.1933391418664634,3.234593371658069,6.1500336540702145,88.76919297006567,8.49564828867375,18461167.0,43887.0
TXN03040,2022-02-26,Ahmedabad,Maninagar,22.996726866596973,72.60965688008143,Apartment,928.0,2,2,7,7,12,0,Furnished,2.9991582083652393,3.832518404410482,3.039759751308072,21.593587156003508,68.29914880551325,8.252372431230592,6510503.0,17364.0
TXN03041,2023-01-27,Ahmedabad,Bodakdev,23.04374511956238,72.50588436824731,Apartment,2190.0,4,4,9,2,11,1,Furnished,2.1222161923598266,2.497437705200527,1.7863633898657123,12.705857396544603,84.2960782995799,9.09712076342859,31840019.0,66624.0
TXN03042,2021-09-04,Ahmedabad,Bodakdev,23.033482871524015,72.51248767599988,Row House,1026.0,1,1,17,1,14,2,Furnished,2.687800666962268,2.317464700328786,3.7458601744912325,9.391069781434211,80.29261632225045,11.09859026570253,16338204.0,34537.0
TXN03043,2021-12-27,Ahmedabad,Bopal,23.03165082772345,72.46453233099095,Apartment,1218.0,2,3,8,3,18,2,Furnished,2.7545646598707783,3.166147414810267,3.2858219626300835,19.948556831600932,92.74134295447136,7.451938200847114,9953582.0,21926.0
TXN03044,2025-11-17,Ahmedabad,Maninagar,22.994343074567404,72.59851680404635,Apartment,854.0,2,3,24,6,18,1,Semi-Furnished,2.812653145634647,3.885783662447775,2.6228062879093894,22.350484892541097,64.81209104481157,8.480227777633086,5753583.0,14489.0
TXN03045,2024-09-23,Ahmedabad,Satellite,23.033997908375337,72.5186868978535,Apartment,1343.0,3,2,3,9,10,0,Unfurnished,2.5829326958172825,2.38338745934848,3.336188102994896,26.710155310061403,71.8025446438003,9.437877235131475,14650885.0,30122.0
TXN03046,2021-03-28,Ahmedabad,Bopal,23.02465597353634,72.46729391638796,Apartment,2584.0,5,4,5,2,11,0,Unfurnished,3.4741665090261065,3.4246607677898107,1.1976838549387365,5.0,83.94447095636973,13.0,17885997.0,49229.0
TXN03047,2025-04-27,Ahmedabad,Satellite,23.032808656189772,72.51163344505801,Apartment,1620.0,2,2,16,9,19,0,Semi-Furnished,2.7547659277331893,2.5885607670387176,1.7700379272312967,9.577933325331331,77.52415860738373,8.441544997522525,18278622.0,41736.0
TXN03048,2022-08-22,Ahmedabad,Prahlad Nagar,23.01010523483585,72.50668617359783,Row House,1973.0,4,4,11,3,5,1,Unfurnished,2.3106933974859425,2.538109824332275,1.613290224549191,15.356982118977388,76.92959691362978,7.372660805474769,21582609.0,52961.0
TXN03049,2022-07-23,Ahmedabad,Bopal,23.028205530396257,72.47660058671565,Apartment,582.0,1,2,0,7,14,0,Semi-Furnished,3.037777546253037,2.588403467509392,3.1614731575198785,17.557114498139235,68.51894556354411,10.397398433647352,4876848.0,11226.0
TXN03050,2022-04-20,Ahmedabad,Gota,23.085193036029256,72.54864685942051,Apartment,2360.0,5,4,16,9,18,0,Unfurnished,3.035926669489875,2.276464504143834,3.3098011169014816,9.765722117001726,86.07831184272501,10.077957039766327,19780368.0,41634.0
TXN03051,2025-03-29,Ahmedabad,Gota,23.08565008962749,72.5377015781226,Apartment,1508.0,3,2,14,10,17,2,Unfurnished,2.560767116139494,3.2755134737048195,3.7428931128819154,16.25875649273249,83.833898105284,9.139151086184949,11940983.0,23147.0
TXN03052,2022-05-05,Ahmedabad,Chandkheda,23.11385948158147,72.5813696103653,Apartment,2624.0,4,3,9,12,18,2,Semi-Furnished,1.8835880851320845,3.267724874117066,2.416419728763787,10.01662843096544,70.43929682754008,11.507482554398276,20857159.0,47061.0
TXN03053,2022-03-01,Ahmedabad,Shela,23.00510606180732,72.46453514867311,Villa,962.0,2,2,6,9,10,2,Furnished,2.7879898253725712,3.677957037125137,3.1329228591617335,5.0,87.8271314861759,8.557248264309237,6932531.0,15968.0
TXN03054,2022-09-22,Ahmedabad,Bopal,23.02858450025482,72.45772525938831,Apartment,2014.0,4,3,1,4,11,0,Furnished,2.6832762241051715,3.4323938193681176,2.865787927111584,9.01206592045607,88.0527038948317,9.905185434756165,17536453.0,38992.0
TXN03055,2021-12-17,Ahmedabad,Shela,22.998502615743327,72.45418158369465,Apartment,2195.0,4,4,1,4,8,1,Semi-Furnished,3.090912496953776,3.72214465943833,3.6816485825874676,26.050936773796472,91.44837487630267,10.319681563922625,16033019.0,35143.0
TXN03056,2022-11-07,Ahmedabad,Bopal,23.02762003578117,72.46757062966701,Row House,627.0,2,3,6,3,16,2,Furnished,2.0928834336925934,3.4697401012253066,3.193942662698643,21.95487698440749,93.16261455987019,9.376597256665303,5276285.0,13566.0
TXN03057,2024-03-28,Ahmedabad,Shela,23.007194675885597,72.46508073576122,Row House,1021.0,3,2,23,3,4,2,Unfurnished,3.307446234412921,3.1314924103847095,2.9539744441801408,5.0,90.42562217486979,10.863790380205394,7239257.0,14090.0
TXN03058,2025-06-15,Ahmedabad,Prahlad Nagar,23.01859412132069,72.50072036126642,Apartment,2066.0,4,3,8,7,13,1,Unfurnished,1.8318522772965606,2.1399034425356347,2.1982853140568652,10.68544214037494,75.4935918687263,9.294676439896477,24437560.0,51554.0
TXN03059,2019-02-13,Ahmedabad,Shela,23.009928099079115,72.46871885843836,Apartment,2285.0,4,4,11,1,15,2,Semi-Furnished,3.1141970696913397,2.8416793377288183,3.935211263988597,7.220888174852177,87.13267391503531,5.705836297056076,14091616.0,33467.0
TXN03060,2024-08-28,Ahmedabad,Chandkheda,23.106821263153847,72.5814065477739,Apartment,2255.0,4,3,2,10,11,0,Furnished,2.384377199760962,3.6411672382715103,2.3797798256508242,11.942312057116018,74.77995195097662,8.322150018105823,17057879.0,38393.0
TXN03061,2021-11-07,Ahmedabad,Maninagar,22.998858539214996,72.59612189272298,Apartment,911.0,1,1,18,11,13,2,Furnished,3.0145036359846693,3.9508537315289853,2.828518140158812,24.27432232286853,67.32628756425468,7.8028895065599695,7101899.0,16842.0
TXN03062,2020-11-05,Ahmedabad,Bopal,23.03184787471199,72.46039194608456,Villa,2018.0,3,2,23,10,11,2,Semi-Furnished,3.3091976639882446,3.343603498886565,2.7026718643689973,9.749260137549863,84.28361580408709,10.447631261902513,15938956.0,39671.0
TXN03063,2022-12-05,Ahmedabad,Satellite,23.02968189440262,72.5185289397199,Apartment,660.0,2,2,10,4,7,2,Furnished,1.624286857624056,2.1505600732052184,2.722865783961545,17.816303908291676,70.71111116640671,8.685678464771994,8177697.0,17702.0
TXN03064,2023-04-07,Ahmedabad,Thaltej,23.054065096169847,72.51705912632322,Apartment,1565.0,3,4,10,11,11,1,Unfurnished,2.7475203680545683,3.2411971387460428,3.541989768164516,12.93520570813558,76.62880709264174,9.273080431350078,13127761.0,32515.0
TXN03065,2025-04-26,Ahmedabad,Gota,23.098344772550803,72.54334172862353,Apartment,1899.0,4,3,1,6,6,2,Semi-Furnished,1.7054107661962763,4.1308660414929,2.7580038112583223,5.0,91.54290750911301,8.883783795816433,15366098.0,33662.0
TXN03066,2021-08-28,Ahmedabad,Chandkheda,23.10548238594074,72.57364917742,Row House,1819.0,4,4,4,3,16,0,Furnished,3.2602758641005076,2.683758340913673,3.0055384064638573,10.890865858541806,83.02635006689896,9.67430327059071,13752681.0,31091.0
TXN03067,2020-10-21,Ahmedabad,Vastrapur,23.040761328403295,72.53430008089249,Apartment,2604.0,5,4,20,4,16,1,Unfurnished,2.2395094495372905,3.2103391260354788,3.1084132192121,14.258170177668632,80.48660778501733,9.947275605583206,25825509.0,60930.0
TXN03068,2021-05-29,Ahmedabad,Bopal,23.028778123092852,72.46383887408237,Apartment,1233.0,2,3,8,5,13,2,Furnished,2.257085877404857,2.9988251473146477,3.2809561791596904,12.978960196713063,77.50124414733989,9.138471108052995,8813250.0,21928.0
TXN03069,2023-10-04,Ahmedabad,Chandkheda,23.11224421876596,72.58794837895995,Apartment,634.0,2,2,2,6,11,2,Semi-Furnished,2.8629421078563198,4.054574684863653,2.6597480377347673,7.991491886137464,78.01551249787934,7.071549845424647,4493039.0,10925.0
TXN03070,2019-04-21,Ahmedabad,Vastrapur,23.03694028400584,72.53291800141493,Apartment,596.0,1,1,2,2,12,1,Unfurnished,2.0837763713702193,2.580091360564368,1.787763258535102,17.430256038968864,71.95134333826013,7.094224249322301,5657629.0,13067.0
TXN03071,2019-07-02,Ahmedabad,Satellite,23.025970352361544,72.51855135143276,Row House,1875.0,3,2,10,8,11,0,Semi-Furnished,2.252286770137361,2.475523988214822,2.6049555877414163,13.42856533749125,76.16916348913335,10.26199934453521,19985634.0,42095.0
TXN03072,2021-10-27,Ahmedabad,Maninagar,22.99796014736297,72.60483129862834,Apartment,2000.0,4,4,19,7,8,0,Semi-Furnished,1.8164779237242186,3.9977002261259496,1.4231368492619811,13.193833575818894,57.20030940546168,7.793117859734654,13767145.0,33913.0
TXN03073,2019-03-30,Ahmedabad,Prahlad Nagar,23.011989659975516,72.50820875363834,Apartment,2366.0,5,4,4,9,16,1,Furnished,2.366474369169319,1.8387918409334123,2.128497970672448,5.0,73.63813541778737,9.272272747775895,32741668.0,70101.0
TXN03074,2024-02-23,Ahmedabad,Shela,23.002949313859787,72.46366506049087,Apartment,1754.0,3,4,13,8,14,2,Semi-Furnished,2.266560706485311,4.610957268623764,2.8598515004196456,5.0,90.602588479681,9.626855398393317,12524532.0,26189.0
TXN03075,2024-10-08,Ahmedabad,Bodakdev,23.038359816480476,72.49619022049627,Apartment,1409.0,2,3,0,2,10,1,Furnished,3.7111411525845703,2.548318376764664,1.431154255643353,12.007304269362818,84.85055668069683,10.781358548402089,22610365.0,44378.0
TXN03076,2025-10-18,Ahmedabad,Chandkheda,23.10577705058616,72.58409142719145,Row House,2032.0,4,4,21,6,15,2,Semi-Furnished,3.235693392827611,2.6128169029636212,2.302657649942206,15.206762408724202,80.44251124490022,8.392048449114055,14485621.0,33960.0
TXN03077,2021-07-17,Ahmedabad,Thaltej,23.04847249878857,72.51306987659636,Apartment,1321.0,2,1,21,5,17,0,Unfurnished,2.503669449574108,2.7885829921001095,1.9322872420390418,14.797364169370148,75.74190881124653,9.091649729158808,11329382.0,27816.0
TXN03078,2020-10-19,Ahmedabad,Chandkheda,23.11356227863639,72.58461698500653,Apartment,889.0,1,1,24,4,19,1,Semi-Furnished,3.1716033919512636,3.5236673229915216,2.4103091601649282,6.986470728447028,66.7482417642773,9.51479219092243,6415602.0,15410.0
TXN03079,2024-11-24,Ahmedabad,Satellite,23.036665544631045,72.51230077551286,Apartment,1542.0,3,4,14,1,17,1,Semi-Furnished,2.9196805503422896,2.1547119553945997,2.4959173896953804,16.279755357784527,72.17094221564881,9.266696416961246,18977022.0,38115.0
TXN03080,2019-05-03,Ahmedabad,Chandkheda,23.10847911711566,72.5863358175095,Apartment,2798.0,5,4,5,5,15,2,Semi-Furnished,3.354295636447138,4.2876679978817585,3.701915756011594,12.9531825032911,77.82541096606269,8.743866685974284,20188261.0,46467.0
TXN03081,2023-05-27,Ahmedabad,Prahlad Nagar,23.021971686861754,72.50048090891325,Apartment,1890.0,3,3,12,8,14,2,Unfurnished,2.401190468477795,2.5159560268255876,2.5045644472851025,16.225331439198353,78.42792055096925,11.329205947461816,22953383.0,48088.0
TXN03082,2021-10-23,Ahmedabad,Gota,23.09379028845425,72.5389198038045,Villa,1683.0,3,2,2,9,10,0,Semi-Furnished,2.2812796528489643,2.9647078256831616,3.643368565896979,5.0,90.40948564145474,9.810935314670159,11620877.0,28959.0
TXN03083,2023-08-10,Ahmedabad,Prahlad Nagar,23.01198838205313,72.51080721562649,Apartment,1860.0,4,4,6,1,11,0,Unfurnished,1.964368835764192,1.8816585262965697,2.3291436056673342,15.043909619177805,81.29896519843813,9.4557972148679,21469612.0,50857.0
TXN03084,2024-06-22,Ahmedabad,Bopal,23.026478210463438,72.46179881019543,Villa,2781.0,5,4,21,8,14,0,Semi-Furnished,1.7807234993360026,4.396981606407949,2.1484395247278285,5.0,83.1184788942828,10.974438444916546,21265145.0,48896.0
TXN03085,2020-07-26,Ahmedabad,Maninagar,22.991240401406333,72.59963935584148,Apartment,630.0,1,1,18,8,9,2,Unfurnished,2.7882325851940775,2.902447852440057,2.2728416448828765,13.969146171055346,80.04965959213263,10.329776913396199,4589805.0,10439.0
TXN03086,2021-01-07,Ahmedabad,Shela,23.0084302916273,72.45898537159441,Apartment,1656.0,3,4,14,8,19,2,Semi-Furnished,2.8003194898140493,3.8127361583830113,3.3037639760024264,9.140021442325217,87.34112376741867,8.364296668463492,11241031.0,22393.0
TXN03087,2023-03-19,Ahmedabad,Satellite,23.02887420110809,72.51863620061238,Villa,1236.0,2,1,12,3,7,1,Furnished,1.3191252462690035,3.0913363307637574,2.7526731317916835,16.609322114834352,77.58605661300408,6.600233044946446,14762238.0,37564.0
TXN03088,2020-12-08,Ahmedabad,Thaltej,23.048192263571696,72.51671819932541,Apartment,2433.0,5,4,17,6,12,2,Semi-Furnished,2.483516111320521,3.6051604958799994,3.0608255041216204,15.106228459326386,79.3055545645991,9.40489379691713,24007869.0,57297.0
TXN03089,2020-07-06,Ahmedabad,Gota,23.089282316563754,72.53469050036504,Apartment,798.0,1,1,18,1,8,1,Semi-Furnished,2.6395202940418336,3.3123092412805577,3.0328326210867322,5.970970845294977,81.53568455464912,8.617963012642942,6065093.0,13940.0
TXN03090,2021-04-20,Ahmedabad,Bopal,23.030446464201894,72.47126665691113,Apartment,798.0,2,1,3,7,10,2,Semi-Furnished,2.6942609960159385,2.8127051699742474,1.9366046159256434,6.016349540815776,84.85491085879434,9.120034892035,6386263.0,14185.0
TXN03091,2022-01-09,Ahmedabad,Gota,23.09398775376189,72.54121252648605,Row House,1953.0,3,3,25,6,15,2,Furnished,3.0986105096948,3.213849054251716,3.2907913237414874,15.887273334821854,77.40821891372133,10.457806112623071,16445052.0,35415.0
TXN03092,2023-11-14,Ahmedabad,Maninagar,22.994208937404835,72.60058524795673,Apartment,1231.0,2,3,9,12,18,1,Furnished,2.667581783336221,3.109445131533875,2.007173080148074,7.4153506371256075,71.88376601571294,8.256739885170058,9779825.0,23541.0
TXN03093,2022-09-13,Ahmedabad,Vastrapur,23.03956826147857,72.52721030001258,Apartment,940.0,2,1,18,5,15,0,Semi-Furnished,2.319658915580819,2.4596544651060044,2.346810347897345,10.65599539247273,80.84310194043343,9.763241202043378,9921770.0,25027.0
TXN03094,2024-11-06,Ahmedabad,Bopal,23.029244421241916,72.46065336441482,Villa,1058.0,2,3,13,2,14,0,Furnished,3.1669200154446324,3.123930588528532,2.9333871761509065,9.28397507975211,84.95833463714837,9.204259538344047,8800440.0,20519.0
TXN03095,2019-02-24,Ahmedabad,Chandkheda,23.11044887200243,72.57635554654699,Apartment,614.0,1,2,12,6,6,0,Semi-Furnished,2.4448167480118377,3.205068455926548,2.2793348853093898,8.964032659890767,85.51078833949224,9.066658992856148,4287746.0,10783.0
TXN03096,2019-01-16,Ahmedabad,Vastrapur,23.036837609902165,72.5287974256115,Row House,598.0,1,1,23,10,10,0,Semi-Furnished,2.6746850209703066,3.226768152270812,2.2472542390806987,13.023143244133777,67.39938755258638,9.805591795847949,6418028.0,15053.0
TXN03097,2022-11-06,Ahmedabad,Bodakdev,23.032089966684246,72.51074975051621,Apartment,2192.0,3,3,23,2,7,1,Furnished,2.1901297811962133,2.9126409731731404,2.512791231302308,18.16884475671241,73.70625713831387,10.890897154951995,30690234.0,68476.0
TXN03098,2024-07-24,Ahmedabad,Bodakdev,23.04304877224291,72.50697881999324,Apartment,638.0,1,2,18,5,6,1,Semi-Furnished,2.8546542867642875,2.681342594026114,1.225118640628489,7.8587964948313855,84.56917222250732,12.391669969338427,9206638.0,18564.0
TXN03099,2022-11-19,Ahmedabad,Vastrapur,23.037453400480043,72.53231886592565,Apartment,2396.0,5,4,10,6,9,2,Semi-Furnished,2.4222530472913943,3.499504663794305,3.4359412580367463,17.75005986069812,62.93270876639323,9.535263939285208,26248398.0,57101.0
TXN03100,2023-08-19,Ahmedabad,Thaltej,23.048278297191185,72.5109054079168,Apartment,798.0,2,1,5,5,10,2,Unfurnished,2.1873177798964445,3.5910367569285375,2.12581214573141,25.27592309692986,78.03791173076858,10.294500644478118,8669350.0,17590.0
TXN03101,2023-10-24,Ahmedabad,Bopal,23.024065107772564,72.46197198173805,Apartment,1776.0,3,4,14,1,16,1,Unfurnished,2.737215387494501,3.5365445379657756,1.8521872860118131,14.50173708353276,84.82882145020726,8.168508792617365,12655797.0,29689.0
TXN03102,2021-11-08,Ahmedabad,Maninagar,22.99358151628806,72.60316172434632,Villa,973.0,2,2,10,5,9,1,Unfurnished,3.546109210305754,3.648419625366965,1.708261058563005,22.981055864392676,76.95695296168034,9.411997761693085,6699203.0,16425.0
TXN03103,2021-12-19,Ahmedabad,Thaltej,23.053204972758284,72.5139379947606,Apartment,1626.0,3,2,9,10,17,1,Semi-Furnished,2.199656078879274,2.225190135978446,3.0995882358182483,10.598656474409006,77.82525442455402,9.16257647155852,16396701.0,37038.0
TXN03104,2020-06-14,Ahmedabad,Prahlad Nagar,23.006774406286834,72.5159336697438,Row House,1040.0,2,1,25,9,12,2,Furnished,2.4156988099420467,2.687870811328116,2.4057204807673087,5.708484373127261,75.82983839574926,11.2672263893968,15564028.0,30323.0
TXN03105,2025-03-25,Ahmedabad,Bodakdev,23.040703965583834,72.5056321397437,Villa,2641.0,3,4,3,7,15,1,Unfurnished,2.1272554290004955,3.118212766063764,1.625893313674886,8.479655954157648,73.10378665619376,11.285097418864002,35887776.0,70479.0
TXN03106,2021-04-06,Ahmedabad,Gota,23.093693291912377,72.53632966006013,Apartment,2527.0,5,4,14,9,19,1,Furnished,3.194890031938663,3.930751408033682,1.9820350507484035,17.6982451087471,74.3870428215437,9.881928331017695,20603280.0,45678.0
TXN03107,2024-08-21,Ahmedabad,Shela,23.00348517544321,72.46561817013733,Villa,1866.0,3,4,15,10,10,1,Semi-Furnished,3.357270770962091,3.287505565073402,3.494404497217552,5.103660779444684,85.18150786373802,10.718541729748766,12386431.0,29849.0
TXN03108,2019-11-17,Ahmedabad,Chandkheda,23.111276392960146,72.5825529389305,Apartment,1929.0,3,3,8,5,8,2,Semi-Furnished,3.0201807299931454,3.3765756898562804,2.8072969272056256,26.442038689011355,71.3716001309545,8.015584964068504,14265096.0,31231.0
TXN03109,2024-03-11,Ahmedabad,Bopal,23.032148668974948,72.4626128366193,Apartment,1779.0,3,3,16,5,11,0,Unfurnished,2.482429306920127,3.140141470249063,2.620753745540261,18.467869316987006,86.1964300250246,9.713250121996325,12774210.0,30820.0
TXN03110,2025-01-02,Ahmedabad,Satellite,23.03695134117023,72.51287040901634,Apartment,2010.0,4,4,14,5,11,1,Semi-Furnished,2.8651065300552383,2.1463599192261067,2.5618444485740133,5.175611984644723,69.24259712773188,9.133133221269205,22715861.0,54914.0
TXN03111,2020-03-24,Ahmedabad,Prahlad Nagar,23.016395392111715,72.51964440709106,Apartment,2416.0,5,4,22,5,9,0,Semi-Furnished,2.495188676060887,2.539607221596924,1.8643132193154777,8.092606746381907,72.90480747140322,9.18157791206653,30193934.0,71813.0
TXN03112,2023-06-23,Ahmedabad,Prahlad Nagar,23.016723790322793,72.5044314813223,Apartment,1674.0,3,4,20,7,18,1,Semi-Furnished,1.686780906132067,2.09851773289794,2.7888123713646924,17.104778331074062,75.64342775860852,11.492367473990472,21473552.0,44255.0
TXN03113,2020-11-14,Ahmedabad,Bodakdev,23.035998492091682,72.51394121269428,Apartment,1751.0,2,2,2,1,15,2,Semi-Furnished,2.207698562533873,3.383032648693534,2.2993936338940113,9.778920802610681,65.20530904880661,8.527371740997314,25968390.0,52522.0
TXN03114,2021-12-02,Ahmedabad,Prahlad Nagar,23.009888523990966,72.50725359482287,Row House,973.0,2,2,4,11,13,0,Furnished,2.5970396466124925,2.286603685124843,1.274775900119239,17.80034169496423,83.05258214954368,9.99699546480559,13051356.0,30589.0
TXN03115,2024-06-03,Ahmedabad,Chandkheda,23.11334241872667,72.57992308809258,Apartment,2110.0,4,4,23,1,10,1,Semi-Furnished,3.6032482807636015,4.038234849026801,2.079541686836337,11.658795437785551,87.45352868431792,9.501784119831688,14572561.0,33050.0
TXN03116,2021-11-15,Ahmedabad,Gota,23.082043463798406,72.5336585237212,Apartment,2561.0,4,4,20,8,9,1,Semi-Furnished,3.0271876328509095,3.2308602898570364,2.8748921370024196,7.718165635382464,74.22143992549417,9.028992178436226,20225223.0,44724.0
TXN03117,2021-07-31,Ahmedabad,Bodakdev,23.046348563390005,72.50086044931717,Apartment,1119.0,2,3,0,9,12,1,Furnished,2.91098457995063,2.9054867145176124,2.4264106201496674,6.472323002397977,84.84683862094717,7.414578041678871,16845468.0,37950.0
TXN03118,2021-04-11,Ahmedabad,Bopal,23.031220737521814,72.46450841174077,Apartment,2311.0,4,4,24,9,9,1,Furnished,3.43515375968054,2.031865794196996,3.0209527306962167,9.489843952785986,82.9081078505703,6.758275432959072,17156070.0,43368.0
TXN03119,2023-09-06,Ahmedabad,Gota,23.089104158229024,72.53522598198877,Villa,576.0,2,1,2,8,15,0,Furnished,2.0649900121321747,3.6792528949209573,3.502499149545536,19.78141076650386,79.38679842655246,10.256183979304451,4890924.0,11793.0
TXN03120,2023-07-17,Ahmedabad,Shela,23.008539950590116,72.46288394589304,Villa,2370.0,4,4,23,10,12,1,Unfurnished,2.8684219456579103,3.593032255968046,2.790318817979663,8.520787663142027,91.44065335855794,10.364504972834949,14740771.0,32445.0
TXN03121,2019-03-18,Ahmedabad,Shela,23.009198330084168,72.46557890163885,Villa,1366.0,3,2,16,11,19,0,Furnished,2.9307285412903714,3.6315230558654235,2.588469245275769,5.0,86.2278668381558,12.579317007216659,10124716.0,21766.0
TXN03122,2024-03-16,Ahmedabad,Shela,23.01050973536024,72.4615829698525,Apartment,1146.0,2,1,4,12,19,1,Unfurnished,2.8129497588789545,3.251702282092332,3.000175290104928,5.0,77.9950081520822,11.089141256162101,7364145.0,16767.0
TXN03123,2019-05-26,Ahmedabad,Chandkheda,23.109435377308063,72.58214711066984,Apartment,2292.0,4,4,10,2,7,1,Unfurnished,3.2241918230768873,3.326504812451552,2.434639084806875,9.725827094838802,78.81938567508637,7.397241768318271,14231739.0,34764.0
TXN03124,2025-10-04,Ahmedabad,Maninagar,22.995978358022658,72.59430559158196,Apartment,2128.0,4,3,16,9,17,0,Furnished,2.717276348545184,2.5343186701350047,3.150328330722141,19.588401670377927,71.44124719643757,10.843559557562386,17796897.0,37605.0
TXN03125,2019-03-09,Ahmedabad,Maninagar,22.986812417606806,72.6087096993146,Apartment,2693.0,5,4,13,10,19,1,Semi-Furnished,2.815543428007008,2.12813789021886,2.6504271104814023,11.92503157620947,52.99044976228491,10.40046700582503,21315469.0,45417.0
TXN03126,2021-02-14,Ahmedabad,Vastrapur,23.041547915601722,72.53323677712041,Villa,2161.0,4,4,25,12,12,0,Furnished,2.05301081115682,2.9965729662787366,2.5073488738084087,20.955683762649485,77.13804514867616,10.799948266618902,24039893.0,56614.0
TXN03127,2020-05-18,Ahmedabad,Thaltej,23.050412383778525,72.50862721716302,Apartment,839.0,1,1,2,11,11,1,Semi-Furnished,3.5090200711270922,3.180076792747836,2.456590903113054,14.694631361261651,68.26743162267412,8.88887438799783,8510673.0,17166.0
TXN03128,2019-05-06,Ahmedabad,Thaltej,23.045756191397434,72.51922307666267,Villa,2394.0,4,3,24,9,10,2,Furnished,2.5051466458837175,2.7274004464361625,2.972409583149637,10.301910939769892,80.46828755016202,8.73708817139979,24561522.0,51527.0
TXN03129,2025-03-08,Ahmedabad,Bopal,23.035049156580087,72.46342687462962,Apartment,1456.0,3,2,18,10,17,2,Unfurnished,2.693578154924955,3.6350471008629484,3.190215318908913,8.053004783858125,98.05070866194038,7.283639010021933,10417364.0,24744.0
TXN03130,2021-04-20,Ahmedabad,Satellite,23.02736841432154,72.51554024079414,Villa,1723.0,4,4,11,9,15,1,Unfurnished,2.106959902579232,1.796432424851625,2.674370394157588,22.604436482090566,75.98038800793972,9.443174333741885,19839676.0,42555.0
TXN03131,2020-12-29,Ahmedabad,Prahlad Nagar,23.007772092483687,72.50704351373302,Villa,1763.0,4,3,17,7,19,2,Semi-Furnished,2.5095441055501486,2.459062324315911,2.128037162499832,14.043456477532716,85.88542574336704,9.325692031763914,22741816.0,45973.0
TXN03132,2021-12-31,Ahmedabad,Vastrapur,23.03373025996721,72.5318117498881,Apartment,1536.0,3,3,10,1,10,2,Furnished,2.617060173001772,3.5577760019593008,2.3108641360359496,15.858659395701928,72.54378953160075,9.149395040141682,18203951.0,40159.0
TXN03133,2022-12-16,Ahmedabad,Thaltej,23.044412148903014,72.51537388636136,Row House,2582.0,5,4,4,5,17,0,Semi-Furnished,2.298662682138527,4.087349997799803,2.0509052709823954,16.16838977412332,78.29673126143427,11.043498195357481,25187174.0,55260.0
TXN03134,2019-08-15,Ahmedabad,Shela,23.016185879896188,72.46811342665939,Villa,1140.0,3,4,0,2,9,2,Unfurnished,3.187577629921249,4.006012834312859,3.0577738366869287,13.550746150247754,84.09627019111977,9.814676231581439,7220016.0,15264.0
TXN03135,2021-10-01,Ahmedabad,Satellite,23.03066153029825,72.51753978961021,Villa,821.0,1,1,6,9,17,1,Unfurnished,2.2269325257497283,3.050055385404467,2.7077526032216053,20.11570677522185,74.46531193664869,7.417884296493589,8542095.0,21659.0
TXN03136,2019-06-12,Ahmedabad,Chandkheda,23.11408310408176,72.58480254769941,Apartment,2587.0,5,4,0,5,18,0,Semi-Furnished,2.6623751838027907,2.799228114800714,3.3019314172828453,14.422094594403418,74.96123855431483,8.334384005131833,18828523.0,46594.0
TXN03137,2021-12-29,Ahmedabad,Bopal,23.031664620362914,72.46456689885063,Apartment,1614.0,3,3,24,7,8,0,Semi-Furnished,2.5024096968753518,3.066053109170848,2.7630394933053055,5.0,92.42524248131006,8.267945159242858,11984390.0,29879.0
TXN03138,2021-10-03,Ahmedabad,Prahlad Nagar,23.01051261253308,72.51095318329419,Row House,1494.0,4,4,14,4,17,1,Semi-Furnished,2.2083072700324773,2.5001878862017883,1.7529477488940863,12.014722728392865,80.18648181940485,7.266195316580669,17907959.0,43384.0
TXN03139,2024-11-30,Ahmedabad,Thaltej,23.046934985746887,72.52054554329578,Villa,1161.0,3,2,23,9,10,1,Unfurnished,3.3645768676506185,2.128071191960118,2.349698730745867,11.411328202681476,76.99536190220336,6.605085741910851,9802857.0,21726.0
TXN03140,2020-03-25,Ahmedabad,Shela,22.996725919866464,72.46798447946433,Apartment,2366.0,4,4,21,6,7,1,Furnished,3.68007493055418,3.9958524354399616,2.1548974123209317,5.41706426967372,74.07863933872008,10.07248093999053,17290322.0,40196.0
TXN03141,2023-07-22,Ahmedabad,Shela,23.00378995013993,72.46220069458766,Apartment,682.0,1,2,2,4,4,1,Unfurnished,3.420002879979708,3.5270163732186135,2.296762195730241,5.0,88.09963637493736,7.678547716081077,4405808.0,10317.0
TXN03142,2024-04-29,Ahmedabad,Thaltej,23.04665731064297,72.50818715685553,Apartment,1989.0,3,4,11,4,18,0,Semi-Furnished,2.236137085758302,2.4190354775254734,1.9857426621507064,24.432991445302676,73.96670656053864,9.767018022869076,18582105.0,46546.0
TXN03143,2020-10-19,Ahmedabad,Shela,23.002479978849742,72.47566523834008,Apartment,2335.0,4,4,14,6,18,2,Semi-Furnished,3.152468361732778,3.252901244057511,2.2591013797889614,5.0,81.29858160346355,9.688599882860798,16299600.0,38263.0
TXN03144,2019-07-16,Ahmedabad,Vastrapur,23.04111114377504,72.5316368498015,Villa,603.0,1,1,15,4,12,0,Unfurnished,2.633595335562205,2.771010755875424,2.897022694869535,21.72171584889333,76.58991492326435,9.253668485936037,6298073.0,14265.0
TXN03145,2023-09-14,Ahmedabad,Vastrapur,23.04108491800697,72.52980789702147,Villa,644.0,2,3,15,7,16,0,Semi-Furnished,2.4074853385455364,2.6408042864796126,2.412124771313336,16.658585288089732,62.47179074732324,8.56419752587435,7248082.0,15989.0
TXN03146,2023-07-23,Ahmedabad,Gota,23.08407189143668,72.54265656339732,Apartment,1120.0,2,2,0,6,12,0,Semi-Furnished,2.5818245628529386,3.1730706456786204,3.397461121933558,5.0,85.23970764520813,10.230606535905432,9069166.0,19415.0
TXN03147,2020-05-08,Ahmedabad,Gota,23.08309989548232,72.53885020929971,Apartment,1440.0,3,2,22,4,17,1,Furnished,2.700915031184185,2.32477781541437,2.8540405874370216,21.29648649018333,73.88644030199605,10.073204604655414,12158904.0,28322.0
TXN03148,2025-08-29,Ahmedabad,Bodakdev,23.037124056545483,72.50552254739154,Villa,1619.0,3,3,0,11,16,0,Furnished,2.0861142734390437,2.1743683500814206,2.909206909130863,14.5495088106382,85.92943160775633,9.398151410162258,25048876.0,49746.0
TXN03149,2023-09-01,Ahmedabad,Satellite,23.029190920091118,72.51795309531468,Apartment,2623.0,4,4,10,1,5,1,Furnished,2.3351241966464342,2.7345970453576105,2.6217560352673557,12.872553666816831,69.9280097912477,8.98602556984467,30736099.0,77454.0
TXN03150,2021-04-27,Ahmedabad,Thaltej,23.04978698832981,72.51022342021459,Apartment,1765.0,3,2,23,11,13,1,Semi-Furnished,2.1946863895693083,2.051042939331615,2.4594065905915956,6.273316108652875,91.57474047483925,7.3266555705230205,16820440.0,39946.0
TXN03151,2023-01-14,Ahmedabad,Thaltej,23.05907638912169,72.51203592101349,Villa,870.0,1,1,6,4,4,2,Unfurnished,1.9437211031554038,2.5866256220962036,3.2682328110746512,10.081638701979204,76.62101184699395,9.036397949873361,8058277.0,17513.0
TXN03152,2021-09-18,Ahmedabad,Vastrapur,23.034343943747533,72.52744726207014,Apartment,939.0,1,1,6,3,6,2,Semi-Furnished,2.286226538120689,3.207846282233368,2.734513805843068,18.498663546981753,69.90808740520646,6.851401885277932,9773800.0,25094.0
TXN03153,2023-02-19,Ahmedabad,Prahlad Nagar,23.010310566599426,72.50993429699238,Apartment,960.0,1,2,9,4,18,0,Furnished,2.2266009770157194,2.6339640261423263,2.6655499482732274,7.018116308615632,74.79561263979632,11.434223863946045,13740577.0,29498.0
TXN03154,2020-05-04,Ahmedabad,Vastrapur,23.033839501361772,72.52449224945991,Apartment,2244.0,4,4,3,7,10,1,Unfurnished,2.375337059627672,3.1887156008597914,2.0612525653284055,7.624650565533389,84.12064754987297,7.4209372432119585,25639967.0,57118.0
TXN03155,2019-11-09,Ahmedabad,Bodakdev,23.037918177991394,72.50598384370575,Apartment,2206.0,5,4,18,4,6,1,Furnished,1.8062104909433832,2.5400986146785223,2.317045648554225,15.196019256065174,84.40713043580976,8.771218820579364,31975429.0,71169.0
TXN03156,2019-11-27,Ahmedabad,Satellite,23.025728768544983,72.51719619656116,Apartment,748.0,2,3,25,5,5,0,Furnished,2.4643324676490193,3.070173317813161,2.3787537964765333,17.81698578181431,81.60615443461299,11.193522252057381,9219520.0,21543.0
TXN03157,2022-07-19,Ahmedabad,Bodakdev,23.038661275802617,72.50586624866756,Apartment,2701.0,5,4,13,5,12,2,Furnished,2.4475513718015556,2.0451229676021487,2.8416204838436645,17.998790002426748,74.38544956380599,8.589948007985129,39382819.0,84477.0
TXN03158,2019-01-10,Ahmedabad,Maninagar,22.996437177721177,72.60438314947605,Apartment,1949.0,3,4,24,5,15,0,Furnished,2.2782645271608164,3.2106749808592787,2.5757352341913116,15.192008984871922,62.94902247446466,7.991169856553106,14751743.0,38852.0
TXN03159,2023-04-28,Ahmedabad,Gota,23.09204989052499,72.53770582760467,Row House,2584.0,4,4,6,3,15,0,Furnished,3.2726823953828488,3.4638423226721375,2.662731122516098,5.0,84.4396738929913,8.6009319059587,21267391.0,42224.0
TXN03160,2019-09-29,Ahmedabad,Satellite,23.029405588163012,72.51798937293282,Apartment,1718.0,4,3,21,5,10,2,Furnished,2.070451137903477,3.288026296729865,2.50574129025216,12.60057190168417,76.18835504310276,8.580831466444089,21733266.0,44215.0
TXN03161,2023-09-01,Ahmedabad,Maninagar,22.993967791678877,72.59635959578034,Apartment,2403.0,4,4,24,10,16,2,Unfurnished,2.2302277942268423,2.9512979812202715,1.7965245807497272,5.0,63.734909332624206,6.938665238635966,16228147.0,39564.0
TXN03162,2023-05-04,Ahmedabad,Thaltej,23.04677454570619,72.51905331911249,Row House,2237.0,4,4,18,7,8,2,Unfurnished,1.8186938491334708,2.898036296349925,2.8482449343064586,13.32599279291983,80.9103959099278,6.949080386566574,20173237.0,45899.0
TXN03163,2021-12-05,Ahmedabad,Gota,23.087949611044504,72.54190564179417,Apartment,1089.0,2,2,19,10,19,1,Furnished,2.9322075723711643,3.1949292421050544,2.7206099636521652,6.215136721103201,84.95849556419262,10.775736014774289,9410181.0,19614.0
TXN03164,2021-05-07,Ahmedabad,Gota,23.10035866754607,72.53083449007417,Row House,2087.0,4,3,22,5,16,0,Furnished,2.3065766425917418,3.569652280883998,2.556643461739485,15.523847234440623,78.9171761663418,10.021887691400616,16254680.0,37454.0
TXN03165,2020-05-19,Ahmedabad,Gota,23.086965344816825,72.53974947905105,Apartment,1036.0,2,2,4,12,14,0,Furnished,2.7333070848994416,3.5367706284260643,3.1104364180198614,6.545863198144829,85.87740153707358,11.030407506509041,8278474.0,18939.0
TXN03166,2021-12-06,Ahmedabad,Bodakdev,23.039586992225033,72.50533140917506,Apartment,1315.0,1,2,20,4,19,2,Semi-Furnished,2.152134329259367,2.2619079947400533,1.4345098113433754,5.0,67.44878486501794,8.613786948894724,17288800.0,37809.0
TXN03167,2023-11-13,Ahmedabad,Maninagar,22.999620313867478,72.60899850634407,Apartment,1392.0,2,2,17,9,16,0,Furnished,2.715806314074689,3.407202042177798,2.424461906156349,14.147291580440612,66.53224200021279,7.636028629489174,10558563.0,24811.0
TXN03168,2025-08-06,Ahmedabad,Prahlad Nagar,23.0163070972048,72.50971653290536,Apartment,2500.0,5,4,20,6,11,0,Semi-Furnished,2.017447308927559,2.3795362294589917,1.621584072116849,8.67034414170148,84.49799100101819,10.766420000623006,30563962.0,66261.0
TXN03169,2024-03-19,Ahmedabad,Bopal,23.02416072867909,72.4624207685781,Apartment,2178.0,4,4,6,11,14,2,Semi-Furnished,2.234369999696385,3.3323155741197015,2.043996969628738,8.594444221989876,81.77349862272264,8.06556165079218,17094023.0,39788.0
TXN03170,2025-06-14,Ahmedabad,Shela,23.00132395799658,72.47290188039608,Row House,1807.0,3,4,4,1,7,2,Furnished,2.72818552242699,3.3478913593660047,2.6823086145811668,14.743751942602646,79.7061809864782,10.016807771507281,14522006.0,29834.0
TXN03171,2020-09-27,Ahmedabad,Bodakdev,23.035520294970052,72.50449000861295,Apartment,1354.0,2,2,5,6,12,1,Semi-Furnished,1.751532997574318,2.5033964276831386,1.8676085070260466,5.0,78.20735528251664,9.073599118098548,17570527.0,42629.0
TXN03172,2025-07-06,Ahmedabad,Thaltej,23.053380169855664,72.52049246941905,Apartment,2720.0,4,4,22,12,16,1,Semi-Furnished,2.6845643245500534,3.3489700575089234,2.8332201629156866,20.45445468243097,67.6662903530179,9.199930646359546,26122054.0,56161.0
TXN03173,2020-09-30,Ahmedabad,Thaltej,23.051635577922408,72.51120567986571,Apartment,1566.0,3,3,4,5,5,1,Semi-Furnished,2.9910255484996355,2.3575510613184987,2.6239098296393655,16.52452404810369,87.47332742435364,7.195151604804773,15431341.0,36401.0
TXN03174,2022-01-28,Ahmedabad,Shela,23.004969316915947,72.46890154580922,Villa,1694.0,3,2,10,6,11,0,Semi-Furnished,2.9446723529111787,3.0885678042656926,3.827864992858789,6.199715764779799,90.88588443162227,9.989209932157213,10911781.0,26624.0
TXN03175,2024-12-18,Ahmedabad,Thaltej,23.060012341488775,72.52101737067306,Apartment,2780.0,5,4,1,2,5,2,Furnished,2.1093587693163593,2.3630886655260483,2.6082205496842747,7.464615565869741,67.7368387533011,8.714871002555887,31322930.0,60171.0
TXN03176,2020-02-06,Ahmedabad,Chandkheda,23.104860452667708,72.57762832196134,Villa,1035.0,3,2,9,3,11,2,Unfurnished,3.3756420313954205,3.5450900379015864,3.2184757845204737,9.004063966051678,71.17076340812645,8.76387965982466,7072345.0,15663.0
TXN03177,2024-05-27,Ahmedabad,Bodakdev,23.04011444092739,72.50021722250874,Apartment,908.0,2,3,24,4,9,0,Furnished,1.9218955014466292,2.032748598112917,1.8003403234882827,5.0,93.89347802541488,8.850932024948914,12410572.0,28603.0
TXN03178,2021-10-10,Ahmedabad,Bodakdev,23.040334142154787,72.49980364099144,Apartment,1531.0,4,4,9,2,7,0,Semi-Furnished,2.405604897658453,2.6596146513928978,2.227359828343892,5.0,83.78651464949589,10.291870772817752,20019407.0,49480.0
TXN03179,2021-09-16,Ahmedabad,Bopal,23.030438889134313,72.45649471631232,Apartment,2054.0,4,4,3,10,18,2,Semi-Furnished,1.9945874227399711,2.6836274672213074,2.793762738922492,5.0,87.47532880031906,9.214342641208741,16185488.0,35637.0
TXN03180,2019-12-20,Ahmedabad,Chandkheda,23.10242994555588,72.58922619797656,Apartment,2277.0,4,4,11,8,13,0,Furnished,2.087232511955599,3.5800191537707517,2.962367561011866,12.867637498263354,71.81720047085146,11.124753912640594,16406959.0,39497.0
TXN03181,2022-11-20,Ahmedabad,Chandkheda,23.10443729122014,72.58179535730268,Apartment,2617.0,5,4,24,9,13,0,Semi-Furnished,2.63023772905616,3.0846149467867026,2.6764169459455545,13.29027404736955,72.37518712166788,10.484893795625934,18335262.0,43064.0
TXN03182,2021-01-04,Ahmedabad,Bodakdev,23.033909114265086,72.50435500848815,Apartment,2375.0,4,4,12,3,16,2,Furnished,2.724145607812163,2.9585991650332577,1.921353486861113,16.686951429683738,86.48080213550234,8.42079903846701,30941479.0,74378.0
TXN03183,2025-04-05,Ahmedabad,Prahlad Nagar,23.01959732792268,72.51314002416599,Apartment,1125.0,2,2,11,6,6,1,Semi-Furnished,2.7804781317221288,2.245541516937486,2.490838557013513,13.661366040519898,78.52362481669701,7.114630940041451,13247055.0,30734.0
TXN03184,2025-10-05,Ahmedabad,Prahlad Nagar,23.011210380323384,72.50754070216419,Apartment,1059.0,2,2,3,8,13,2,Semi-Furnished,2.401994064639181,2.445550340196829,2.8801104301883074,21.06052206878445,86.91523791284119,11.106101929872127,14428205.0,27738.0
TXN03185,2021-05-30,Ahmedabad,Gota,23.08938150084266,72.54681234061276,Apartment,1748.0,3,3,1,9,14,0,Furnished,2.700552700563929,3.3148556624019134,3.537737683792364,18.51575571211189,88.22068155369958,9.04723193164637,14528489.0,31549.0
TXN03186,2025-09-23,Ahmedabad,Bopal,23.02250476914251,72.46618107766066,Apartment,2237.0,5,4,10,11,13,0,Semi-Furnished,2.3667266586967015,2.679655899599007,1.9556394222210365,5.424431400541373,90.56094855103517,9.249003040814573,17654845.0,40664.0
TXN03187,2024-02-16,Ahmedabad,Prahlad Nagar,23.013376007469667,72.51264350832186,Villa,1098.0,2,2,3,12,16,1,Unfurnished,2.108713275610843,1.9238638536457344,2.04468937392429,6.120456196725205,73.60246239576098,7.871344965962969,11654026.0,30350.0
TXN03188,2023-12-16,Ahmedabad,Shela,23.00234217445955,72.46701226900004,Apartment,1915.0,4,3,3,9,15,2,Furnished,2.815541186764719,4.675192947391867,2.7610020257320422,15.426497714666738,86.60165387549002,7.887645611789564,13848945.0,30180.0
TXN03189,2024-01-29,Ahmedabad,Gota,23.094397482723878,72.54206042159215,Villa,1821.0,4,4,6,5,5,1,Furnished,1.7490452239228058,3.2796172909546017,2.0186830277103587,26.806346669024023,86.83896650617493,9.555976218796681,14459741.0,33498.0
TXN03190,2023-09-16,Ahmedabad,Maninagar,22.991847318612443,72.5989420128005,Apartment,1350.0,2,2,20,12,12,1,Semi-Furnished,2.2073915159797584,3.3136640781168127,1.9310382820073144,12.833805213470999,62.34344349647572,8.56851816894159,9879888.0,22847.0
TXN03191,2021-02-15,Ahmedabad,Satellite,23.03279915260725,72.52282483379496,Apartment,2673.0,5,4,0,11,17,0,Semi-Furnished,2.0945241377984045,2.1901670321063795,2.599881472176253,10.681200661705883,72.4416125489539,9.961665839078139,32167561.0,68055.0
TXN03192,2025-11-04,Ahmedabad,Bopal,23.02403640543783,72.46186051567203,Apartment,2498.0,4,3,13,1,10,1,Unfurnished,3.0255966128266563,2.131111533699382,3.1846985374920673,8.202253281971082,78.84976003842269,8.993164755763303,18138181.0,41523.0
TXN03193,2022-11-19,Ahmedabad,Bodakdev,23.04784158618614,72.50479991144996,Apartment,594.0,1,1,9,1,4,1,Semi-Furnished,2.7662533680589223,2.70751331501811,2.1546757089210153,15.140695120108973,79.57494899261629,8.498918166095777,7349589.0,19512.0
TXN03194,2020-03-16,Ahmedabad,Bodakdev,23.040061587330168,72.50308191406063,Villa,1508.0,3,4,24,10,10,2,Furnished,1.767257151417542,1.8700854267925442,1.3538143580935156,6.927595521897222,78.00850495372221,9.894350050058582,22160092.0,46661.0
TXN03195,2024-12-24,Ahmedabad,Gota,23.091900199570944,72.54269746668554,Apartment,707.0,1,1,21,11,16,1,Furnished,2.3160763866255554,3.373417519344061,2.3598504826964573,10.527688589791422,75.1048757681707,8.682698201421234,5262365.0,12885.0
TXN03196,2019-03-17,Ahmedabad,Chandkheda,23.107809249585554,72.57695268498021,Apartment,928.0,2,2,0,10,18,1,Semi-Furnished,2.727877800207363,2.340800060563116,2.7383782521559956,15.69278670877258,87.0585761191242,11.111221748988735,7256724.0,14428.0
TXN03197,2022-10-16,Ahmedabad,Maninagar,22.993792445534343,72.60697875204472,Apartment,2627.0,4,3,12,6,7,0,Semi-Furnished,2.8033410239709204,3.2958089248968636,2.335958276329275,28.943509939771708,56.991995110209125,7.520774670195666,18228006.0,45937.0
TXN03198,2021-07-09,Ahmedabad,Maninagar,22.98997871850499,72.6010023768333,Apartment,2194.0,4,4,6,5,16,1,Semi-Furnished,1.9261317822238762,3.0584947018397437,2.081256469583333,26.90156253470885,68.21253322976214,7.254464497281275,14913702.0,33785.0
TXN03199,2023-12-21,Ahmedabad,Shela,23.0058215350099,72.46293501658386,Apartment,2006.0,3,2,0,9,12,1,Unfurnished,2.962812988534246,3.742883876283556,3.7754397699637177,17.907997803614293,86.32052068831383,10.49835665136335,13793861.0,29334.0
TXN03200,2019-02-24,Ahmedabad,Prahlad Nagar,23.007690830944117,72.50479954201074,Row House,2617.0,5,4,25,3,14,1,Unfurnished,2.0099657752401967,3.281233750624132,2.101066682864504,5.924241351957389,75.16233020433997,7.924242915779857,30649954.0,72070.0
TXN03201,2019-03-22,Ahmedabad,Bopal,23.023724788876816,72.47008523675578,Apartment,2005.0,4,3,13,4,11,1,Semi-Furnished,2.1262767368281383,2.941609496134107,3.1884592570975014,12.967224855318653,88.69328713022922,9.58283725709355,15855928.0,35496.0
TXN03202,2020-08-22,Ahmedabad,Vastrapur,23.032782803210132,72.52657956909846,Apartment,1949.0,3,2,0,5,8,0,Semi-Furnished,2.6504136834224394,3.3635441248527744,2.5833524726276402,16.124352232435594,79.47455694338952,6.102611830048614,19282654.0,43487.0
TXN03203,2025-04-15,Ahmedabad,Prahlad Nagar,23.019055611393107,72.50770106444723,Apartment,1247.0,2,1,6,10,15,2,Furnished,1.9148008346689662,1.5672216551760492,1.5513605707250475,15.880738700735087,68.47084322142331,6.986802733201623,14881298.0,38839.0
TXN03204,2020-02-01,Ahmedabad,Chandkheda,23.11177272958947,72.58326643106743,Apartment,2439.0,5,4,19,3,5,1,Furnished,1.9940566103843795,3.1058074511505778,3.026724327703171,5.0,71.50236527922746,9.685521714143569,19011615.0,40229.0
TXN03205,2023-07-22,Ahmedabad,Gota,23.092196481660356,72.53610415383926,Apartment,1167.0,3,4,11,1,18,1,Unfurnished,2.668504518964749,2.725820251467824,3.343956543867047,5.0,73.8267896265054,12.32166812380965,8485287.0,19528.0
TXN03206,2025-01-13,Ahmedabad,Shela,23.004956960972752,72.46684324294738,Row House,1737.0,3,3,1,2,15,1,Semi-Furnished,2.3678397429145397,3.0374183247729114,2.3694620328793174,5.0,87.28362782619058,9.70912271991198,12994396.0,24272.0
TXN03207,2024-06-14,Ahmedabad,Bopal,23.028746911975468,72.46890767911339,Apartment,2347.0,5,4,9,5,18,2,Semi-Furnished,3.3944118794416207,3.0619221369409497,3.374567018246393,12.134744071056389,89.53429544623728,11.594566913848517,19950832.0,42511.0
TXN03208,2021-06-27,Ahmedabad,Prahlad Nagar,23.006377804934072,72.5063740764603,Apartment,2568.0,5,4,18,11,14,0,Furnished,2.474127101823298,2.6726883796270036,2.2986983258728313,6.911699368453019,72.68307887678331,10.543527684801036,35509514.0,82100.0
TXN03209,2024-02-17,Ahmedabad,Bopal,23.041085742775827,72.46459766040596,Apartment,2557.0,4,4,5,10,13,1,Semi-Furnished,3.104416801764941,2.426595597468687,2.7208916239237277,5.804167626280309,79.47795156427357,9.510760068128214,19017848.0,46939.0
TXN03210,2023-01-27,Ahmedabad,Prahlad Nagar,23.018434064823886,72.509864793724,Row House,631.0,2,1,21,2,11,1,Unfurnished,2.472422015100459,2.9694599972947007,2.5683598398738123,13.696152032573652,72.05418733127291,10.679662385822734,7416683.0,16277.0
TXN03211,2023-07-07,Ahmedabad,Gota,23.08832983444938,72.54147809179774,Apartment,1427.0,3,2,1,1,4,1,Semi-Furnished,2.6332071941210287,3.606761733078362,2.9763228412611027,17.612067868539874,89.92949174359781,6.6478374155725914,10329256.0,26671.0
TXN03212,2022-02-09,Ahmedabad,Bopal,23.030354874780127,72.45918199612385,Apartment,770.0,2,2,25,1,13,2,Furnished,2.305712838842745,3.996692983519148,3.7149672171889816,9.352505752673045,92.10221885421728,11.135858719027738,6867664.0,14455.0
TXN03213,2025-08-23,Ahmedabad,Chandkheda,23.114335609615107,72.57618918959261,Apartment,2075.0,4,3,13,12,17,2,Unfurnished,2.2454155621825302,3.307206152085356,2.384516343811915,5.74017398966976,77.42447215343734,6.365138064188621,13390274.0,32471.0
TXN03214,2022-12-15,Ahmedabad,Bodakdev,23.039917020803696,72.50550684250737,Row House,1095.0,2,2,7,10,18,0,Semi-Furnished,1.775383808768848,2.538320363406175,2.7836116615484645,13.341468566727244,84.16505552977911,11.282345970956335,13699401.0,33900.0
TXN03215,2024-01-01,Ahmedabad,Maninagar,23.004048330924128,72.59958946068025,Apartment,894.0,2,2,20,11,19,0,Semi-Furnished,2.8781932726269592,2.594131178027551,3.4561830919498977,12.3564140114534,67.06978123091652,8.405430013484462,6378111.0,15544.0
TXN03216,2025-07-30,Ahmedabad,Bopal,23.030148121765578,72.46139245830382,Apartment,2007.0,4,4,11,7,10,2,Semi-Furnished,2.2632423396286487,3.011704148213501,2.36483169099452,6.2409032115089484,80.63874503855706,8.945709319650422,15701683.0,34488.0
TXN03217,2023-03-30,Ahmedabad,Bopal,23.031334727660322,72.45674880555613,Apartment,2248.0,3,2,25,1,14,0,Semi-Furnished,2.7449899492927226,2.6303531741831323,3.022891599207991,5.0,78.74041541497223,7.830444680021197,17683220.0,38295.0
TXN03218,2020-01-18,Ahmedabad,Maninagar,22.999070030911344,72.60087700892834,Apartment,775.0,2,3,6,11,15,2,Furnished,2.5865018671826463,2.422794053398824,2.634534337638904,13.972879478108581,65.95452460635757,5.711722456315212,5731302.0,14369.0
TXN03219,2023-06-29,Ahmedabad,Thaltej,23.047092871781235,72.51972491635283,Apartment,2096.0,4,4,14,12,19,1,Semi-Furnished,2.5604176932577607,4.010778543177426,2.4578128262569545,11.618499561375689,71.9419366903211,9.109743643152987,18974378.0,42270.0
TXN03220,2023-04-30,Ahmedabad,Bodakdev,23.041478216081153,72.50990895756432,Apartment,2153.0,4,4,4,11,18,0,Furnished,2.384608592975854,2.717183651460972,1.491215871039088,18.041810328451632,84.45555923119649,10.174667568915417,30427437.0,66897.0
TXN03221,2024-11-17,Ahmedabad,Shela,23.002217204767664,72.46609963924344,Apartment,2687.0,5,4,22,4,14,1,Semi-Furnished,3.177151148884488,3.240015077209761,2.090309209773907,5.0,88.30345507938736,10.105672883615895,17094656.0,44305.0
TXN03222,2019-12-17,Ahmedabad,Bodakdev,23.033876087727897,72.51071521648782,Apartment,2253.0,5,4,15,5,18,1,Semi-Furnished,1.935380693294503,2.583268794575706,2.3231893977199563,16.510901138354292,85.92014804722304,8.807367481647228,29886550.0,72580.0
TXN03223,2021-04-15,Ahmedabad,Shela,23.003438209748484,72.4684860919846,Apartment,818.0,2,1,15,3,8,1,Semi-Furnished,2.8770898295499663,4.048814852108042,1.3964849466469338,5.0,89.0113578916784,9.687822739659929,5795744.0,12520.0
TXN03224,2022-07-24,Ahmedabad,Shela,23.008410648229518,72.46174004662348,Apartment,1559.0,3,3,25,3,6,0,Semi-Furnished,3.628800820229188,4.020422754282103,2.6260869902387216,8.375965982558876,97.7123868220244,10.332671290492623,11957518.0,23451.0
TXN03225,2022-07-13,Ahmedabad,Maninagar,22.995962650710826,72.5946583163841,Apartment,1492.0,4,3,23,9,10,0,Unfurnished,2.8162897680911123,2.8002585566155824,1.858795791089928,10.185484199956548,68.1694720602624,6.426085991291753,9060927.0,25040.0
TXN03226,2025-01-23,Ahmedabad,Gota,23.09235230617,72.54718961673812,Apartment,1597.0,2,2,23,12,12,2,Semi-Furnished,2.630257612929561,4.046775193039611,2.3699092474961034,8.456912838974803,74.30624683367682,10.470076369954706,13155594.0,28360.0
TXN03227,2021-09-04,Ahmedabad,Vastrapur,23.040546362629534,72.52854807912061,Villa,1980.0,3,3,6,7,7,0,Semi-Furnished,2.6602050757491984,2.2546910304147754,2.5156639503317137,9.15055817194224,69.94959381743121,6.4816425474943316,19955673.0,46662.0
TXN03228,2022-07-29,Ahmedabad,Bodakdev,23.046902458846873,72.50659398063813,Row House,1206.0,2,1,23,7,11,1,Furnished,2.380519880712924,3.129197311314783,2.5954742618561255,11.695298730469975,79.75745359996793,10.519814550906274,18415329.0,38755.0
TXN03229,2021-04-06,Ahmedabad,Thaltej,23.057815215938298,72.51983919485359,Apartment,2556.0,4,4,18,5,6,0,Unfurnished,2.62384690180629,2.603574178028602,2.080774006897393,10.163623015753899,67.09637887688399,9.87160425342729,22402469.0,59594.0
TXN03230,2022-10-06,Ahmedabad,Bodakdev,23.041598293677776,72.50092880842345,Apartment,771.0,1,2,19,8,15,2,Furnished,2.439560048165966,3.5083903576612907,2.2886172651711725,5.0,85.86463455318135,9.165294098078395,11356370.0,23774.0
TXN03231,2023-05-28,Ahmedabad,Maninagar,22.99791864206137,72.59630961052872,Apartment,1928.0,3,3,21,6,9,1,Semi-Furnished,2.779575430967245,2.6840795327668596,3.528025827164823,15.741624540841968,71.39886910537085,9.31026252670448,13989112.0,31229.0
TXN03232,2024-10-23,Ahmedabad,Thaltej,23.054385619112633,72.51214256118027,Apartment,2643.0,5,4,5,11,15,1,Furnished,3.0223785491423274,2.643398316708977,2.343675597783157,16.780895389572823,72.64765447160309,7.7914532664508,26250060.0,59534.0
TXN03233,2019-03-19,Ahmedabad,Vastrapur,23.035873919968157,72.53065672285871,Apartment,617.0,2,1,6,9,10,1,Furnished,2.8606596829526754,3.7100385621655576,2.277387680711235,22.816947502283625,67.4353347702524,9.921644197567538,7255302.0,16142.0
TXN03234,2021-11-28,Ahmedabad,Vastrapur,23.034291378895112,72.52878909652607,Row House,2585.0,5,4,13,6,17,0,Semi-Furnished,2.6361555227337417,3.5034919279295678,2.0216257431929847,14.8665249597929,68.56820849626985,8.237509842168027,26972493.0,62558.0
TXN03235,2021-07-27,Ahmedabad,Shela,22.99981201567078,72.4677860595413,Row House,643.0,1,1,17,11,18,0,Unfurnished,3.411903904076966,3.6431259029766525,3.3218100457179345,14.334214005316133,84.51693679966729,8.097220845651346,3923852.0,9462.0
TXN03236,2022-08-30,Ahmedabad,Chandkheda,23.109190995587838,72.58438511234186,Apartment,1732.0,3,4,16,3,12,0,Furnished,2.1891085341279597,3.2806800073824,3.4386737297426295,8.552919832135611,77.99860516341631,9.329276117264092,12929731.0,28630.0
TXN03237,2025-04-05,Ahmedabad,Vastrapur,23.035297561120814,72.53149610514119,Villa,2003.0,4,3,1,10,13,0,Unfurnished,2.3353143643449172,3.301061900682356,2.1753744899614555,9.434267018865773,68.30018501318936,7.0209148174883955,19190975.0,44517.0
TXN03238,2025-03-23,Ahmedabad,Bopal,23.02654111045629,72.47059405501392,Apartment,978.0,2,1,18,9,12,0,Unfurnished,2.175502901635127,3.0251699180162017,2.3897756606336555,5.0,76.56787163512536,9.787671727516209,7263017.0,17271.0
TXN03239,2022-03-01,Ahmedabad,Thaltej,23.04949819700317,72.5068815266107,Apartment,564.0,1,2,12,1,15,2,Semi-Furnished,3.3998803019829102,3.7429107032890734,2.6191902193592207,16.55884494552081,77.43159155016286,8.170374334714825,5672929.0,12892.0
TXN03240,2023-11-25,Ahmedabad,Satellite,23.02754972988045,72.5117089090677,Apartment,1191.0,2,3,7,3,17,2,Furnished,3.0453863279581035,1.7242484388530561,2.6272533034672874,8.711173325554345,80.45804295211659,8.928473781576916,15337222.0,31186.0
TXN03241,2021-08-20,Ahmedabad,Bodakdev,23.033039735937123,72.5039028514655,Apartment,1042.0,1,1,6,5,14,1,Semi-Furnished,1.8626826377904955,2.3933928302393745,2.114321497523594,14.802291584705463,71.92778450628933,8.540186237961969,13665749.0,30586.0
TXN03242,2019-03-02,Ahmedabad,Thaltej,23.061457611298586,72.50899977208006,Apartment,1157.0,2,1,5,6,6,0,Furnished,2.4249885569463476,2.9585909264069956,1.8117492853571646,5.0,77.26936212296727,10.513329566426844,11828162.0,28723.0
TXN03243,2022-07-16,Ahmedabad,Bopal,23.033779937140054,72.46567153842719,Apartment,923.0,1,2,14,8,14,2,Furnished,1.9643905527531271,3.398439663731708,2.0770240676087934,5.0,80.96681848604774,8.237546183640148,7325225.0,16952.0
TXN03244,2024-02-09,Ahmedabad,Vastrapur,23.031904106229273,72.52973940081085,Apartment,1790.0,3,4,1,6,8,0,Furnished,2.5450834425749043,2.8811622239600303,3.2427569925156217,16.134153460860922,72.78182305557695,7.6195641496499675,20395424.0,44394.0
TXN03245,2023-08-26,Ahmedabad,Gota,23.088572650726217,72.53920267642899,Apartment,1002.0,2,3,9,4,12,2,Unfurnished,2.447914313893276,2.6996935040746726,2.367783273489147,7.5738013037277145,72.31763530368427,10.486020283424319,7203375.0,17160.0
TXN03246,2019-05-27,Ahmedabad,Vastrapur,23.034429090446576,72.5338806323248,Apartment,1562.0,3,3,13,5,14,2,Furnished,2.2707556555644044,2.834356400122771,2.424204013849535,20.82049699071923,68.47047427715539,11.03633610587915,19717903.0,41310.0
TXN03247,2019-06-07,Ahmedabad,Vastrapur,23.042941793333352,72.54115300736213,Apartment,2215.0,4,4,15,12,17,0,Semi-Furnished,2.5332239291176686,3.117919172004859,2.2415654486874406,14.160064086484088,66.50364118337372,8.674523745014508,22685880.0,50051.0
TXN03248,2024-02-07,Ahmedabad,Satellite,23.028529742581618,72.52085528434549,Apartment,805.0,1,1,16,1,17,1,Semi-Furnished,2.47817866389275,3.0935878822184075,2.292041183174805,7.316938688353521,88.11338451192913,8.07589122804199,9025756.0,22889.0
TXN03249,2025-08-17,Ahmedabad,Bodakdev,23.039159874688213,72.50029719050302,Apartment,1680.0,4,3,17,4,15,1,Semi-Furnished,3.0754798871911313,2.562457761558958,2.3071228980225693,11.801114477309088,74.20830817214669,8.02150644757771,20736442.0,42717.0
TXN03250,2022-03-18,Ahmedabad,Vastrapur,23.043082933395432,72.53556540123309,Apartment,747.0,1,2,1,7,12,2,Furnished,2.246503018285504,3.3939054993756743,3.5873432798523894,12.886883622292052,59.0384670607816,7.954550522961172,9124308.0,19957.0
TXN03251,2022-11-04,Ahmedabad,Shela,23.009501978792066,72.45475324628431,Apartment,2453.0,4,3,10,2,12,1,Unfurnished,3.035813443608746,3.18458206822301,2.966715820865602,5.227104878812155,75.20409231204425,9.189066841579844,13402484.0,37271.0
TXN03252,2024-08-17,Ahmedabad,Gota,23.09349238667165,72.54083666602754,Row House,1990.0,3,3,7,4,5,0,Semi-Furnished,3.2278197226230585,2.9176032266565692,2.8658288676764516,12.76262962515938,79.49338649709458,11.334648613272474,15006410.0,32061.0
TXN03253,2024-11-19,Ahmedabad,Shela,23.002777281843294,72.46246897084308,Apartment,706.0,1,1,25,9,19,0,Semi-Furnished,2.8913073925153188,2.8472885884191657,3.2396310187821498,5.0,92.02415871296377,11.848658003739667,4956875.0,9661.0
TXN03254,2023-01-03,Ahmedabad,Chandkheda,23.10521491741923,72.57890552907955,Apartment,872.0,2,1,21,2,17,2,Semi-Furnished,2.7348188369059954,3.765856011999341,2.9246808615821474,15.716009898608007,85.42077046738325,8.56188812824668,6196743.0,14668.0
TXN03255,2021-04-02,Ahmedabad,Maninagar,22.99371671538533,72.59750313096994,Row House,1741.0,2,2,1,3,8,2,Furnished,2.411559609039978,3.66898554790498,2.7081505384676494,22.608521796988818,64.5628253714322,8.13556648957329,14875216.0,32752.0
TXN03256,2025-02-04,Ahmedabad,Gota,23.091951225295155,72.54150849310912,Apartment,2405.0,4,3,0,9,11,0,Unfurnished,3.483705590365129,3.8777252070177015,1.9363252528619703,12.800399723211724,78.0284448011589,10.602537494814023,18091282.0,40227.0
TXN03257,2023-02-09,Ahmedabad,Gota,23.087048818006984,72.53471108956263,Apartment,1715.0,3,4,1,2,19,2,Unfurnished,2.4300339188762248,3.8683119159377126,2.3629831594840227,11.669444028043236,83.6928011946281,10.446570001751594,12411674.0,28400.0
TXN03258,2022-12-18,Ahmedabad,Maninagar,22.997544008973932,72.59817592204976,Apartment,1562.0,3,4,21,10,15,2,Unfurnished,3.0428726342948145,2.990059243434,2.470022351380877,12.56210972552536,72.35945936419468,7.3577076283357385,10348469.0,25663.0
TXN03259,2024-08-28,Ahmedabad,Maninagar,22.997932735104367,72.59849951951236,Apartment,1256.0,2,2,3,4,19,2,Semi-Furnished,2.3755840007435296,3.2014771698191833,2.3003462681417464,19.006373387154646,62.10485140012101,8.522488875582708,9360537.0,21009.0
TXN03260,2020-04-04,Ahmedabad,Shela,23.003467959485878,72.46590156369014,Apartment,1174.0,2,3,6,5,18,2,Semi-Furnished,3.0120549653949595,3.2658499878378366,3.0382153931598914,5.0,83.05001372612388,10.173138357104715,8290734.0,18120.0
TXN03261,2023-11-05,Ahmedabad,Chandkheda,23.114055845832535,72.57942639510321,Apartment,1775.0,3,2,4,11,14,1,Semi-Furnished,2.141717371898956,3.8621409861200307,3.510335094658446,7.483384699204783,79.24892850680494,9.756442351790582,13191166.0,28641.0
TXN03262,2022-10-05,Ahmedabad,Bodakdev,23.0338144652795,72.49922776107582,Apartment,1844.0,4,4,5,6,11,1,Semi-Furnished,1.6277642432815709,2.495944779102455,3.7282866704031346,5.0,77.43152165941606,10.571348715645657,24107677.0,53653.0
TXN03263,2025-05-08,Ahmedabad,Bodakdev,23.038856016894457,72.50280620593229,Apartment,2172.0,4,4,6,1,17,2,Semi-Furnished,2.1531216878328165,1.5982982794238807,2.3137849807526663,23.412412649565105,80.96464769599942,10.453475508391197,29396190.0,70700.0
TXN03264,2022-07-11,Ahmedabad,Bodakdev,23.043076591037444,72.51293655211438,Apartment,2777.0,5,4,0,10,18,2,Semi-Furnished,2.862267800479194,2.704953719154942,1.5688108459884156,12.26472361888383,84.28675573826722,9.27081572249036,40223636.0,81086.0
TXN03265,2020-12-19,Ahmedabad,Prahlad Nagar,23.017650453813623,72.5046376763691,Apartment,2253.0,4,3,15,10,19,0,Unfurnished,1.9295606385726494,3.1895865591263703,2.002517049254361,9.209067693973502,72.5527499157392,7.44322644012607,26304574.0,61140.0
TXN03266,2020-10-01,Ahmedabad,Maninagar,23.000066129929568,72.6072064171816,Apartment,972.0,2,2,15,2,11,2,Unfurnished,2.8191396889146683,3.4416768631374977,3.27647825480706,13.382589542549209,57.45997112978747,8.476347734816715,6290798.0,15936.0
TXN03267,2020-09-22,Ahmedabad,Vastrapur,23.035698768255962,72.53537202424516,Apartment,1634.0,3,2,12,1,17,2,Semi-Furnished,2.384736006108693,2.8672793563012697,2.3165579366320728,17.568229467759465,76.42724971464287,11.082396907531052,18267691.0,35307.0
TXN03268,2024-08-15,Ahmedabad,Shela,23.006479023591645,72.46856248582138,Apartment,2631.0,5,4,16,5,9,1,Furnished,2.5109891672948175,4.227141819566536,3.492314609180552,11.390781202030265,77.1212845022492,9.504159718831353,18053230.0,41977.0
TXN03269,2022-05-15,Ahmedabad,Bopal,23.03282953696004,72.47085392912388,Apartment,2493.0,5,4,5,10,18,1,Furnished,3.1191961310296454,2.230620458677694,2.772853154718268,5.0,82.15003111801023,9.681744517928259,21244025.0,47066.0
TXN03270,2020-10-07,Ahmedabad,Chandkheda,23.109815946122676,72.58399268913136,Villa,2122.0,3,3,10,1,9,1,Semi-Furnished,3.209845025030242,3.9344070823423425,3.577600341088617,5.0,80.28532538731847,8.047803384992108,15334082.0,37230.0
TXN03271,2023-05-09,Ahmedabad,Prahlad Nagar,23.017968270735288,72.51479270912462,Villa,1344.0,2,3,3,9,17,0,Unfurnished,2.198316753994696,2.6173741140086055,2.0126447642185323,5.0,82.72008750260358,7.642871418349118,15022534.0,33128.0
TXN03272,2022-02-17,Ahmedabad,Gota,23.087429712037796,72.53557644570623,Villa,2596.0,5,4,19,2,8,2,Unfurnished,2.982130998479583,1.6948400764284317,3.43273609230514,11.646965827796242,82.1881987556009,7.595307567037374,18452172.0,39479.0
TXN03273,2023-06-04,Ahmedabad,Vastrapur,23.035305019621152,72.52970199881932,Apartment,2084.0,3,2,22,9,14,1,Unfurnished,2.243773130243449,3.138765156722559,3.0872042462722353,20.4773336918099,77.12677607792726,9.599870869684452,21767891.0,50075.0
TXN03274,2021-08-26,Ahmedabad,Thaltej,23.04477227321369,72.51324996271423,Villa,1413.0,4,4,20,10,18,2,Semi-Furnished,2.1713130262152833,3.0372066226115524,2.4633972993313886,12.842433536138373,82.58163730300626,8.28228773240799,15192745.0,29808.0
TXN03275,2020-01-11,Ahmedabad,Bopal,23.03048041289229,72.46048181169893,Apartment,1560.0,3,3,11,1,5,1,Unfurnished,2.344518945115199,2.789203221135333,2.775966743169135,9.974434947950648,72.87360089811864,10.6016096425978,11302292.0,25504.0
TXN03276,2020-02-15,Ahmedabad,Satellite,23.03060357246996,72.5215221386989,Apartment,2414.0,4,4,4,4,17,1,Unfurnished,2.746994748036605,3.0563482216650595,2.9405975284776087,13.33661700258125,78.53674006548773,11.372191201543977,26269161.0,55961.0
TXN03277,2025-03-22,Ahmedabad,Satellite,23.030391433946285,72.51536429635267,Apartment,1551.0,3,3,2,10,11,1,Unfurnished,3.1807352042084576,2.5083649622308153,1.73259568743918,14.591296891887719,76.16654180929964,6.690842499895986,16767621.0,42555.0
TXN03278,2021-01-17,Ahmedabad,Thaltej,23.05039944083977,72.51402442950113,Apartment,831.0,1,2,23,12,14,2,Unfurnished,2.791951728660494,2.354634826446837,1.7718466031735955,5.0,69.50580864172336,7.503261515768745,8127103.0,16588.0
TXN03279,2024-10-03,Ahmedabad,Vastrapur,23.036341120412114,72.52296010381262,Apartment,1414.0,2,1,4,5,17,0,Unfurnished,2.8030589093721856,2.4377200125301117,2.4555291392625285,17.817082684649375,73.21244848734572,9.15387925077339,13307760.0,32772.0
TXN03280,2022-03-10,Ahmedabad,Vastrapur,23.043099810158676,72.52553872021363,Apartment,671.0,3,2,12,3,18,0,Semi-Furnished,3.596230043993851,2.4320351509269216,2.537100646318664,26.4478249784289,72.89874115628051,7.879202467888423,6851889.0,15725.0
TXN03281,2021-07-11,Ahmedabad,Bopal,23.026885065474385,72.47069947785407,Villa,2061.0,4,3,7,1,16,0,Semi-Furnished,2.1588981866002266,3.5261710888104445,3.189269827754494,10.163028758775354,80.8267902147116,10.675942580268298,17153661.0,36964.0
TXN03282,2023-07-25,Ahmedabad,Satellite,23.028205622198897,72.51911942415998,Apartment,1245.0,2,3,18,11,19,0,Semi-Furnished,2.477594975626158,1.4893405149041183,1.872068507820316,15.822018176991499,73.21308178778446,10.308400957734317,14621499.0,29481.0
TXN03283,2022-04-27,Ahmedabad,Thaltej,23.054415891868793,72.51810046318572,Villa,2051.0,4,3,7,3,6,1,Furnished,2.7732863927933855,2.573703079849842,3.2092700137560457,5.0,85.75976173813966,8.672272319762218,23052462.0,48061.0
TXN03284,2023-09-07,Ahmedabad,Prahlad Nagar,23.014479631692705,72.5115841060612,Row House,753.0,1,1,12,12,13,0,Semi-Furnished,2.1096829085915796,1.9951792778024648,1.991563617882331,9.481174699950026,74.99945600361865,10.143119834595067,8824394.0,22973.0
TXN03285,2024-07-13,Ahmedabad,Maninagar,22.998119118330056,72.60919944993678,Villa,777.0,2,3,0,4,8,0,Semi-Furnished,2.512507441751061,3.2017246956662144,2.8877432091604263,20.87726958485667,68.2071863576545,7.201351756356495,5376093.0,13327.0
TXN03286,2024-12-30,Ahmedabad,Gota,23.089690411951434,72.53588450768927,Villa,1914.0,3,3,20,3,11,1,Semi-Furnished,2.3380660626932577,3.710699656923485,3.697028322548571,16.797104231298952,75.0639058430218,8.8998255530076,14110897.0,33706.0
TXN03287,2025-07-04,Ahmedabad,Thaltej,23.04890786320086,72.51665451570643,Apartment,743.0,2,3,25,9,16,2,Semi-Furnished,2.3618018217916363,2.62745889900836,2.001137660519728,25.356911568478452,66.65493839514508,7.2049138184533,6689885.0,16504.0
TXN03288,2025-04-06,Ahmedabad,Bopal,23.029461409344375,72.46269560994058,Apartment,586.0,1,1,6,1,7,2,Semi-Furnished,2.7757683156336244,3.620672571171526,2.9702071787513638,13.765559665951034,85.54745571463155,10.588993584544674,4857461.0,11113.0
TXN03289,2024-08-25,Ahmedabad,Bopal,23.02798626794996,72.46719531554163,Apartment,616.0,1,1,22,2,10,2,Semi-Furnished,2.7275649216345568,3.691615350049485,2.7237147858807877,11.655813363658154,85.10929128471469,8.074815781925068,4502491.0,10392.0
TXN03290,2024-01-31,Ahmedabad,Satellite,23.025878472723594,72.5237394641553,Apartment,2475.0,5,4,23,12,16,0,Semi-Furnished,3.0928165362054703,2.9558152162178817,2.569516534003395,17.27861418622703,65.76104437679193,9.369866239416277,26795503.0,62785.0
TXN03291,2020-03-29,Ahmedabad,Vastrapur,23.04176765690322,72.5345953284158,Apartment,1650.0,3,4,8,9,13,1,Unfurnished,3.1176632327685203,3.425845416916726,2.9463367151495956,18.00031007193342,83.3105934611316,8.806579954106407,16820679.0,37274.0
TXN03292,2019-08-29,Ahmedabad,Bodakdev,23.040147969055724,72.50835517983116,Row House,682.0,2,2,1,11,19,2,Unfurnished,2.9101982846130454,3.467812580131762,1.6187668623140734,8.642302505920679,91.0148715329658,9.494047778647976,9714575.0,19018.0
TXN03293,2021-02-06,Ahmedabad,Satellite,23.027296411345606,72.52147160024634,Villa,799.0,2,3,15,3,15,0,Furnished,2.571373032752787,2.265215425218478,2.6234230819771507,18.740244223929814,79.44231005719207,9.260378690446831,9224876.0,20278.0
TXN03294,2021-06-30,Ahmedabad,Maninagar,22.995553470633833,72.59732976412312,Apartment,2795.0,5,4,22,8,9,1,Unfurnished,3.0051451697771907,2.207001702985521,2.9551214729098607,29.478451451275852,66.73179297917801,8.963154200249637,19031921.0,43187.0
TXN03295,2023-08-30,Ahmedabad,Satellite,23.032966844853846,72.51791050970344,Apartment,2708.0,5,4,20,7,13,2,Semi-Furnished,2.5811639991241537,2.980175939946747,2.5579039848474077,19.76239281373665,79.4795119468589,9.683324440461092,32387998.0,70383.0
TXN03296,2022-03-12,Ahmedabad,Bodakdev,23.04466593930733,72.49929734133094,Row House,681.0,1,1,19,10,17,2,Unfurnished,2.5873625481068894,2.3505539073674764,2.2834070061807528,5.0,83.97893370909827,7.905005527502407,8456460.0,19974.0
TXN03297,2025-02-02,Ahmedabad,Bopal,23.029847527994363,72.46626172770895,Apartment,1599.0,3,2,18,5,19,1,Unfurnished,2.7302559541445874,3.049555474091913,1.8824578959434848,5.0,87.73416820985824,9.493150134337036,11916102.0,29704.0
TXN03298,2021-02-08,Ahmedabad,Satellite,23.031004967227712,72.52330243053704,Row House,2777.0,5,4,14,4,15,0,Semi-Furnished,2.586821481285305,2.6633771260885792,3.076681660084079,10.009818483108992,68.15632597067847,10.796441084536356,31546056.0,64601.0
TXN03299,2023-05-23,Ahmedabad,Prahlad Nagar,23.006876954037097,72.50080378370723,Apartment,2576.0,5,4,0,4,13,1,Semi-Furnished,1.9485120758493522,2.703344500242537,2.333326409234462,9.726108642303913,75.71496127064783,9.541743522830805,34881133.0,71874.0
TXN03300,2022-10-27,Ahmedabad,Vastrapur,23.037648107574373,72.5271705835542,Villa,1744.0,4,4,18,4,12,2,Semi-Furnished,3.4301952053570615,2.3509665228231995,1.7335234828349302,10.030313351544049,68.55918832287084,8.91718502576694,19438190.0,41196.0
TXN03301,2022-12-09,Ahmedabad,Thaltej,23.05008506485833,72.51956280784995,Apartment,1522.0,3,2,3,3,19,0,Semi-Furnished,2.5625985628886974,2.516987270332124,2.1554685005905387,17.30674218121272,80.15812514046915,10.451103370177513,15458308.0,32393.0
TXN03302,2024-07-02,Ahmedabad,Bopal,23.03055205305788,72.46319636655483,Apartment,2076.0,4,3,10,3,14,2,Furnished,3.254726639212632,4.012207666785594,3.075129276329458,11.713464047976334,77.81258910297082,11.28406858713587,19841604.0,40246.0
TXN03303,2024-05-26,Ahmedabad,Maninagar,22.99148816026651,72.60447729369126,Row House,2489.0,5,4,0,7,10,1,Semi-Furnished,2.5514390561045404,2.439375502965275,2.82162267169824,27.665395253340172,71.74555211499168,7.6862549432034495,18173784.0,42270.0
TXN03304,2021-05-16,Ahmedabad,Prahlad Nagar,23.01860214227217,72.50412266547029,Apartment,1786.0,4,4,23,1,6,0,Semi-Furnished,1.4663387653399702,2.127538887956261,2.530092017500827,9.77837083593857,76.56872288213332,9.300650361774643,21897853.0,52818.0
TXN03305,2024-01-06,Ahmedabad,Chandkheda,23.110700886788468,72.57979425940053,Apartment,1158.0,1,2,4,8,19,2,Semi-Furnished,2.1344830463319524,3.4900030069683274,3.0212708192932394,22.842902848005053,85.78352970884458,8.085406882420447,8327132.0,21365.0
TXN03306,2019-08-11,Ahmedabad,Prahlad Nagar,23.006638477974445,72.51176478293428,Apartment,1814.0,4,4,10,4,9,2,Furnished,1.841059767175047,2.7330245884246005,1.3042867781573904,13.631817350494355,83.75701800743668,10.07018783440977,26044736.0,51992.0
TXN03307,2025-06-19,Ahmedabad,Gota,23.092987148526998,72.54026462609251,Apartment,2151.0,5,4,6,6,11,1,Furnished,2.771855360599943,3.1605002101160484,2.10268404957319,6.415492491514565,83.13021375677337,9.967125439892003,18515184.0,38908.0
TXN03308,2022-04-23,Ahmedabad,Gota,23.08419449314603,72.53611991311575,Villa,1472.0,2,3,16,3,14,0,Unfurnished,2.4923033503756025,2.7501407344264037,3.500471033574662,5.0,75.5449103684597,10.703659820845493,10286942.0,24119.0
TXN03309,2021-08-29,Ahmedabad,Chandkheda,23.115201578903566,72.5836802715139,Villa,691.0,1,1,19,8,11,2,Semi-Furnished,3.2875053115273984,2.666807033984611,2.2198594367881395,19.149360690560886,67.8519998408124,9.647200313791412,5100980.0,10530.0
TXN03310,2020-02-01,Ahmedabad,Prahlad Nagar,23.01230601485135,72.50170969912112,Apartment,2062.0,3,3,24,5,15,1,Semi-Furnished,2.1715065821761352,2.081014265351134,1.9657373500745436,20.397924424335553,82.37859090599828,10.483500136819721,27190247.0,56978.0
TXN03311,2019-04-19,Ahmedabad,Shela,23.007832792310936,72.46445693476875,Apartment,1125.0,1,1,15,10,16,0,Furnished,3.144022465834774,4.005576702071059,2.636799261805146,5.0,87.92587803751333,9.415313220264757,8024454.0,18563.0
TXN03312,2022-03-30,Ahmedabad,Bopal,23.027742174172662,72.46054605359922,Row House,2450.0,5,4,9,11,11,0,Unfurnished,3.0499388178909723,3.7905704245229273,2.9118741610453176,22.208269478762286,83.61237513611789,10.324815561033997,17825365.0,41356.0
TXN03313,2021-08-06,Ahmedabad,Bodakdev,23.03518446034905,72.5027498476951,Apartment,2539.0,5,4,2,3,8,0,Furnished,1.811581874293819,3.0351359978328296,1.679090397887801,11.50663866336969,78.35818437318488,7.634987499273713,36757774.0,79671.0
TXN03314,2025-07-03,Ahmedabad,Chandkheda,23.113026596675077,72.57768335245936,Apartment,1340.0,3,2,3,1,13,2,Furnished,3.659906875529102,3.459463384465945,3.476155236610297,6.679649054361697,74.85085718256154,9.27381434921825,10621887.0,23943.0
TXN03315,2024-08-19,Ahmedabad,Thaltej,23.056903280962338,72.51102712480059,Apartment,1953.0,3,4,12,6,6,0,Semi-Furnished,2.133815745972851,3.091259599585312,2.316662535188773,5.0,80.46813701103494,8.617551828636039,18060525.0,39836.0
TXN03316,2022-04-14,Ahmedabad,Bopal,23.027991693702,72.46814272825077,Apartment,1528.0,3,2,16,4,15,1,Furnished,3.1401543175387063,3.7907393343198272,2.1671203826599603,5.0,88.51775903143971,8.968939858593364,12323978.0,29568.0
TXN03317,2020-02-04,Ahmedabad,Bodakdev,23.04304238697097,72.50328634052511,Apartment,1640.0,2,3,10,11,17,0,Unfurnished,1.4702510592107203,2.5476924457856582,1.8623063237868605,5.0,82.73067917988585,8.413640582841698,18935487.0,45545.0
TXN03318,2019-11-24,Ahmedabad,Maninagar,22.99179350616351,72.59950675959438,Apartment,1357.0,2,3,10,12,16,0,Furnished,1.9246366486877915,2.723117169433126,3.6339241457749436,11.908400313472864,77.45164470299731,8.609263021998823,10593141.0,25045.0
TXN03319,2019-02-02,Ahmedabad,Prahlad Nagar,23.0144894882011,72.50293432215108,Apartment,656.0,2,3,3,11,14,1,Furnished,2.3254955547315554,2.4638633817717017,1.6620834898454895,18.562166481737307,79.47218637921733,8.839609940743742,8596322.0,18976.0
TXN03320,2021-10-15,Ahmedabad,Chandkheda,23.112046227330968,72.5859391081775,Apartment,2509.0,5,4,13,9,18,2,Unfurnished,2.6581140811951176,3.5035710473509174,2.22572401528221,5.0,80.96954654438771,9.68604182580085,17373189.0,40441.0
TXN03321,2019-06-03,Ahmedabad,Thaltej,23.048702230503054,72.51507789443603,Apartment,1688.0,3,3,20,9,15,2,Semi-Furnished,1.8182097676207567,3.8303332021592564,2.285935006427516,12.454606650303827,74.96876215086887,8.87359380121653,18598779.0,36654.0
TXN03322,2025-09-18,Ahmedabad,Shela,23.006236417068184,72.4607492814892,Apartment,1775.0,3,4,17,6,12,0,Semi-Furnished,2.701751314865176,2.7733594083513804,1.8543089892402798,5.767567309404177,96.40299916322591,7.663206619288134,11008185.0,28505.0
TXN03323,2024-06-08,Ahmedabad,Maninagar,22.99795492402258,72.602269045062,Row House,658.0,2,2,21,7,14,0,Unfurnished,3.086476275332514,3.6328573465145912,2.0156809249521324,19.805747580980597,71.96718492295096,7.095999281598493,4007321.0,10686.0
TXN03324,2025-09-30,Ahmedabad,Bopal,23.025485333026968,72.46202962155604,Apartment,2566.0,5,4,21,10,15,1,Semi-Furnished,2.168552966672733,2.5418666487327046,2.0000590183325877,6.511480283017064,85.86821324089613,9.81004385838042,21202145.0,48421.0
TXN03325,2025-03-22,Ahmedabad,Chandkheda,23.112714120618808,72.5760807940303,Apartment,572.0,2,2,20,11,14,2,Furnished,3.031894647749945,3.537230862502589,2.4531730231349833,12.660040151319183,80.6420103675256,10.136159728664609,3978038.0,10010.0
TXN03326,2024-09-12,Ahmedabad,Satellite,23.026572856743012,72.51983976655671,Apartment,2634.0,5,4,13,6,17,2,Semi-Furnished,1.8859072682619609,2.4072423802185985,3.2722336843418294,20.896460851383992,81.00219289997138,6.842443283727724,24798331.0,69263.0
TXN03327,2019-07-05,Ahmedabad,Maninagar,22.987655399630782,72.6031002376923,Apartment,844.0,2,1,24,3,6,2,Furnished,2.3752693399217044,3.0538185730582357,2.570325716329106,16.074873931444262,61.77844285491902,9.09605219644963,7266516.0,15525.0
TXN03328,2020-02-10,Ahmedabad,Bopal,23.028183823968686,72.46616970309931,Row House,1398.0,2,1,18,11,18,1,Semi-Furnished,2.376542748715952,3.91812596516656,3.4744780405897453,11.374029391572599,88.70431879491687,10.076400680703514,10953967.0,24535.0
TXN03329,2025-08-30,Ahmedabad,Maninagar,22.996012010215424,72.60269585411861,Villa,2656.0,4,4,11,2,10,0,Furnished,2.2822714387117973,3.3886976557735506,3.6865930692937283,25.647228620199602,65.20508826178126,7.1406634922073104,18315230.0,48786.0
TXN03330,2019-10-22,Ahmedabad,Bopal,23.035020879179225,72.46579126995088,Row House,919.0,2,3,1,2,16,1,Semi-Furnished,2.6475504340617255,2.5921748142498853,2.623643554122672,6.442403870806505,80.43216209253993,8.716456556567918,7504842.0,16616.0
TXN03331,2021-10-30,Ahmedabad,Shela,22.998200436713727,72.4638264166377,Row House,2145.0,4,4,3,11,14,0,Semi-Furnished,2.521843664877896,3.311014924540452,3.247534486148749,6.921389555641365,88.23958960644454,8.43338196545956,13795269.0,34005.0
TXN03332,2020-10-18,Ahmedabad,Vastrapur,23.04196898219153,72.5283302116487,Apartment,2308.0,5,4,19,12,16,0,Unfurnished,1.747040774343884,1.4478436574185225,3.0364705477469998,11.988754132233655,71.03539623079129,6.605614657082953,20985801.0,54143.0
TXN03333,2022-03-20,Ahmedabad,Maninagar,22.99242163136479,72.59747661287861,Row House,2426.0,3,3,23,11,14,2,Furnished,1.8673177962310599,3.0866235719661472,3.0861729914325946,19.690807211945597,64.15477420685468,8.780601670335104,19506549.0,45265.0
TXN03334,2022-05-05,Ahmedabad,Vastrapur,23.046561276282027,72.52507749084445,Villa,2774.0,5,4,12,11,18,2,Furnished,1.9716799254849682,2.185862333739074,2.3846091966735328,12.989814738066627,77.6586991686856,8.362343771804044,34071538.0,69368.0
TXN03335,2020-08-03,Ahmedabad,Bodakdev,23.04203099916589,72.50060954092764,Apartment,1936.0,4,4,4,3,8,2,Unfurnished,2.798416596638101,2.25031920412953,1.9458167232107693,5.0,82.25458748670837,8.340135832126542,23814200.0,55394.0
TXN03336,2022-12-26,Ahmedabad,Satellite,23.034560473329016,72.51694500176943,Apartment,2646.0,5,4,19,5,6,0,Semi-Furnished,2.692210731450074,3.1874645986425882,2.9303500866786325,15.529223652397942,65.57829094534404,8.869355084370119,28545794.0,62617.0
TXN03337,2021-07-15,Ahmedabad,Bopal,23.027615580939344,72.45935087219752,Row House,2490.0,4,3,25,1,5,2,Furnished,3.296152113958023,3.1724851240150307,3.1664527641001694,5.0,82.55893077106956,10.013271343839962,21445435.0,47722.0
TXN03338,2019-08-06,Ahmedabad,Bopal,23.026636048288644,72.46257287418382,Apartment,2518.0,5,4,22,2,17,1,Furnished,2.482780878557294,4.266824927741889,3.1182265397551716,12.917856630242404,84.53320525505475,7.74779415362848,19157930.0,53816.0
TXN03339,2024-02-12,Ahmedabad,Chandkheda,23.10477569719939,72.57697676767668,Apartment,1446.0,3,2,16,7,8,2,Furnished,3.1938075862315936,3.615713388119652,2.5897857630324705,11.790611071663703,64.25669108788115,9.447299243019858,11921007.0,27120.0
TXN03340,2025-11-28,Ahmedabad,Gota,23.086513823966087,72.54012074572712,Apartment,933.0,2,3,7,10,12,0,Unfurnished,3.2266016235251014,3.6614611749496544,2.999143061771365,6.562340888348799,75.20025832356859,10.645993352180353,7160320.0,14801.0
TXN03341,2024-04-17,Ahmedabad,Maninagar,22.997444420466408,72.5961367309337,Apartment,2554.0,4,4,0,4,7,0,Furnished,2.5364905471143535,2.576422246650546,1.7368544936311814,14.860728495417222,66.50474528624657,10.631371416130222,21223746.0,48136.0
TXN03342,2019-01-14,Ahmedabad,Chandkheda,23.10697105059907,72.57435946155846,Villa,1984.0,4,3,15,9,12,1,Semi-Furnished,3.3841543978625177,2.8398883762644966,2.9544576002168297,14.596369029440856,76.99424686105571,9.852705646973881,13070991.0,30360.0
TXN03343,2019-11-27,Ahmedabad,Bodakdev,23.03626808956621,72.50565809630237,Villa,1478.0,2,3,12,12,14,2,Furnished,2.2338042066457833,2.644238207969883,2.1710717705672575,13.783747445323922,85.91612857312313,7.504687786017672,21393147.0,46977.0
TXN03344,2019-09-06,Ahmedabad,Maninagar,22.996576190448845,72.59670586662385,Apartment,1392.0,3,3,5,1,18,1,Furnished,2.7501491883680522,2.792498003353358,2.5321820802778343,12.265083616769807,62.5327424367238,9.746220457844641,12009617.0,25882.0
TXN03345,2025-02-16,Ahmedabad,Shela,23.006570018695612,72.467633014496,Apartment,1998.0,3,4,7,6,17,1,Semi-Furnished,2.3500551135580774,3.9240471125891787,4.141164575091116,5.0,95.94989728025578,9.512790732657221,13031015.0,31657.0
TXN03346,2019-11-25,Ahmedabad,Prahlad Nagar,23.015679338293978,72.50224754006621,Apartment,1028.0,2,2,4,1,14,2,Furnished,1.6846335554459766,2.078647669021944,3.2850281544200897,5.0,71.78978550047555,10.774636178649525,14773085.0,33984.0
TXN03347,2025-08-10,Ahmedabad,Bopal,23.035094439142455,72.46216117974078,Apartment,553.0,2,2,22,5,11,1,Furnished,3.017101522875296,2.922236934307663,1.4521460966032391,5.0,82.63288449252849,7.473052519658422,4608941.0,11757.0
TXN03348,2021-07-04,Ahmedabad,Thaltej,23.048799030423524,72.51433974737297,Apartment,2610.0,4,4,14,10,11,1,Semi-Furnished,1.9725354722066992,2.843136981293599,2.7244006758053994,11.693221478359249,80.39196588678058,8.5969938800262,26668480.0,61020.0
TXN03349,2020-02-27,Ahmedabad,Gota,23.087721117588913,72.5372083900372,Apartment,2089.0,4,4,5,5,16,2,Semi-Furnished,3.611704142209644,3.0622119413403666,3.5659888979183254,5.0,76.14805303084877,9.719286171113836,16344125.0,37976.0
TXN03350,2021-09-12,Ahmedabad,Chandkheda,23.106364603997203,72.5735584756198,Apartment,1378.0,3,2,14,1,14,0,Furnished,2.0849131972812116,4.00882374608209,3.2968514198626373,5.0,80.01822735274119,12.42573559313803,10350538.0,24713.0
TXN03351,2020-12-02,Ahmedabad,Prahlad Nagar,23.012876435304868,72.50605126047924,Apartment,2620.0,4,3,21,10,14,1,Semi-Furnished,2.237525292051398,2.571894859439943,1.309658168048594,11.931492817242894,67.69281179195359,7.765720384106901,32742305.0,68637.0
TXN03352,2020-12-18,Ahmedabad,Gota,23.088843618779784,72.54359726255558,Apartment,764.0,1,1,4,5,17,2,Unfurnished,2.4619672462085886,2.872021057961031,2.836473716617791,6.547574707885696,77.84770374311042,11.601865587283912,6046625.0,12511.0
TXN03353,2024-05-19,Ahmedabad,Bopal,23.03113411374285,72.46562650138269,Row House,2704.0,5,4,18,7,15,2,Semi-Furnished,4.259849218430011,2.498474194258922,2.7324973963097374,8.322337126786314,76.9159671419314,9.373561670713185,21875657.0,46013.0
TXN03354,2025-04-27,Ahmedabad,Bopal,23.031462295687533,72.46873502568319,Apartment,838.0,2,1,8,9,14,2,Semi-Furnished,2.951175527315859,2.93235021719613,3.883120939389321,10.477283146904625,96.30066820698437,13.0,7122259.0,15266.0
TXN03355,2022-04-22,Ahmedabad,Bodakdev,23.04395875619285,72.51018520879899,Apartment,2718.0,4,4,20,5,5,2,Unfurnished,2.6199600664972333,2.1294389707064396,1.9355693525622872,14.42911971598024,78.60682583449669,11.011690773876722,35214663.0,73593.0
TXN03356,2025-07-21,Ahmedabad,Vastrapur,23.038791502003562,72.53929570777206,Apartment,2555.0,4,4,10,9,10,0,Semi-Furnished,1.9747406181627452,3.3342245113928404,1.7300337328248188,15.300449019347239,78.84601020234612,9.414791711371219,28407965.0,66267.0
TXN03357,2021-06-18,Ahmedabad,Prahlad Nagar,23.01042249141607,72.50670761946849,Row House,1273.0,2,3,17,6,19,0,Semi-Furnished,1.1513512921438458,2.7674072951018003,2.54120407314386,10.503902105480163,83.11223649611921,10.674958966214007,15268122.0,35723.0
TXN03358,2022-01-25,Ahmedabad,Shela,23.000248980083754,72.46983133872388,Apartment,692.0,1,1,7,11,11,2,Furnished,4.08728211714809,4.556176031747593,3.215618471885468,8.803750284585627,86.60910302032298,10.985210092972226,4971090.0,12570.0
TXN03359,2024-07-10,Ahmedabad,Gota,23.08653079164335,72.54453905993299,Apartment,2178.0,4,3,13,11,12,1,Semi-Furnished,1.9536018602464815,3.2715040103849025,2.0128301673215914,19.069381821137306,78.71960026264262,7.317811397883108,15514035.0,38444.0
TXN03360,2024-11-06,Ahmedabad,Maninagar,23.000272442318764,72.6048427675706,Apartment,834.0,1,1,23,7,11,0,Semi-Furnished,2.5701568470785854,2.1893188895656563,3.0426202266472853,9.958470786837083,74.40928412135752,8.87807932278997,5828417.0,13532.0
TXN03361,2022-06-08,Ahmedabad,Vastrapur,23.03799276837604,72.52532289912158,Apartment,1984.0,3,2,12,10,17,1,Semi-Furnished,2.541216322958567,2.743875449155118,2.5369871074837667,12.002041030311661,76.07443790718852,5.893700854029026,19821326.0,46629.0
TXN03362,2025-12-22,Ahmedabad,Maninagar,22.994138918533952,72.60340860326562,Villa,2695.0,5,4,3,5,6,0,Semi-Furnished,2.6332613976546146,2.511378287078727,2.8775417118266704,17.043343627300054,74.9149061532924,7.691939112006025,19634005.0,47492.0
TXN03363,2025-02-14,Ahmedabad,Thaltej,23.056729224509326,72.51588108755475,Apartment,1201.0,2,3,15,10,12,2,Semi-Furnished,2.256099609789364,2.9436775077395265,3.260155456956389,15.383185911392347,81.34952673784251,11.926120285322439,12369607.0,27012.0
TXN03364,2020-02-29,Ahmedabad,Chandkheda,23.106350966330723,72.58605153921603,Apartment,1666.0,2,2,14,6,12,2,Furnished,2.854805138938729,2.7023377587385253,3.3364851530507,10.942690381966182,83.8766715574713,9.203335822261433,12299798.0,30570.0
TXN03365,2019-10-26,Ahmedabad,Bopal,23.026464389993222,72.46018495946697,Apartment,2448.0,5,4,3,3,13,0,Furnished,2.393860166928528,3.3977237461892065,2.375087284163412,5.616902205722172,78.34301240300054,8.984848218885181,19960553.0,48545.0
TXN03366,2021-04-06,Ahmedabad,Thaltej,23.05554985209453,72.52110221407098,Apartment,1931.0,4,4,17,2,4,1,Semi-Furnished,2.183980475029988,2.740549512255086,2.891243358596374,24.189264624982442,83.63984284985692,11.472712371085896,18730467.0,40661.0
TXN03367,2022-06-09,Ahmedabad,Prahlad Nagar,23.016795350642575,72.50366249017412,Villa,1832.0,3,2,18,6,17,1,Unfurnished,1.9116619237463381,1.938952345574307,2.6612241981196947,5.0,75.32028917874224,9.770625102904491,23326870.0,49333.0
TXN03368,2025-05-17,Ahmedabad,Vastrapur,23.042386125374787,72.53014088976407,Apartment,1040.0,2,2,16,8,17,2,Unfurnished,2.6481141470920186,2.8359704474610226,3.045050602236041,9.843817421172256,74.38143719263972,7.957781009864395,11201003.0,23714.0
TXN03369,2019-12-29,Ahmedabad,Shela,23.008602927370085,72.47045594568984,Apartment,1370.0,3,3,23,2,6,0,Semi-Furnished,2.834112778880805,3.6960889522220586,3.2202956958289963,5.0,83.77007963146868,9.113264809220876,8640781.0,20629.0
TXN03370,2023-09-18,Ahmedabad,Bodakdev,23.044138012647224,72.50598196714711,Apartment,1773.0,3,3,0,6,12,0,Furnished,3.3254431608860298,2.0361372595909426,2.7232886227127713,18.838284652227337,84.63954491627463,9.090034499172505,24527717.0,56984.0
TXN03371,2019-10-19,Ahmedabad,Shela,23.00058947101529,72.46481680307481,Apartment,2235.0,4,3,17,5,5,0,Unfurnished,2.9436683765431346,4.0479339147802165,3.139261603332934,7.9662825044944805,79.34178480606315,9.699867730968887,12796927.0,31153.0
TXN03372,2024-04-02,Ahmedabad,Gota,23.08456574415319,72.54774358704096,Apartment,2046.0,5,4,6,11,11,0,Semi-Furnished,2.540878020528509,3.2507606509249403,2.5861533165406874,5.0,75.70701551268529,10.884882386612375,16886496.0,34462.0
TXN03373,2022-10-04,Ahmedabad,Bodakdev,23.043806874988626,72.50455759326289,Apartment,1938.0,3,4,6,9,18,2,Unfurnished,1.9690488076798378,1.6662092628854221,2.8164619995285443,12.419230641267827,68.10686997961761,7.77438891961687,23401614.0,56457.0
TXN03374,2025-05-22,Ahmedabad,Gota,23.096948100738555,72.53775997486002,Villa,1563.0,3,2,5,5,14,1,Semi-Furnished,3.4502442556577972,3.190024224914767,2.8996038486402034,5.941328798450952,75.44075035944336,9.464395024331836,12692105.0,28592.0
TXN03375,2022-07-06,Ahmedabad,Bopal,23.03306562771763,72.46311115463425,Apartment,1424.0,3,3,15,10,10,1,Furnished,2.8906048586125355,3.0134534231113492,2.508072880858215,7.065670004296265,83.47193534228855,9.102372857230195,12542049.0,24623.0
TXN03376,2024-06-11,Ahmedabad,Satellite,23.031219783689615,72.51320851320328,Row House,2187.0,4,3,7,12,12,1,Semi-Furnished,3.0199413278068588,2.2038592634157745,2.6667575858596253,18.101011514061696,84.11262412547791,9.054098572652105,24045636.0,56191.0
TXN03377,2024-03-27,Ahmedabad,Vastrapur,23.03764948064459,72.52990610088604,Villa,654.0,1,1,6,10,17,1,Semi-Furnished,2.4571853767194765,2.7832050124053835,1.9071742186020293,13.11654964328603,72.5891817958464,8.623133711516216,7421976.0,16785.0
TXN03378,2021-03-06,Ahmedabad,Satellite,23.02351709668162,72.52427928753853,Apartment,1920.0,3,2,12,11,13,0,Semi-Furnished,2.3648516128465467,2.0891180852582747,3.321261370951536,5.0,73.57294847820931,9.365683718798268,20386348.0,48349.0
TXN03379,2024-09-15,Ahmedabad,Chandkheda,23.11777060269206,72.57897351276657,Villa,1842.0,3,2,22,5,18,1,Unfurnished,2.8420091204987368,4.048228837706453,5.033872658661785,5.0,72.2379695750811,9.142858779063468,12382934.0,28894.0
TXN03380,2022-05-15,Ahmedabad,Shela,23.01011875437728,72.45789967684753,Apartment,731.0,1,2,4,3,19,0,Unfurnished,3.184434086405137,3.4882089686554947,3.100577772250342,10.167999241775675,80.00553806844238,8.354818392340118,4634818.0,10296.0
TXN03381,2024-09-04,Ahmedabad,Vastrapur,23.043820538491286,72.53820983265956,Villa,833.0,1,2,16,7,19,0,Furnished,2.0636068113900516,3.8322736795610233,2.2351992643606695,10.218165658759032,73.58086530427342,9.87678791050865,9998347.0,21928.0
TXN03382,2025-08-07,Ahmedabad,Chandkheda,23.11246844696699,72.57869459870165,Apartment,1200.0,1,2,23,8,17,0,Furnished,2.819247538746463,3.6462539432499037,2.824093563749763,13.208221201949017,83.23367714372792,9.59438767427118,8796652.0,21777.0
TXN03383,2021-02-16,Ahmedabad,Vastrapur,23.03920365590758,72.53515679291615,Apartment,578.0,1,2,4,4,5,2,Furnished,1.9830696706463922,3.2393736894687595,3.335640624107332,18.96029450189825,66.81642801276226,8.816392744802187,6865866.0,14782.0
TXN03384,2025-10-26,Ahmedabad,Gota,23.087906441873514,72.53740676446472,Villa,2029.0,4,4,0,3,12,2,Furnished,3.3096344340482435,3.0296224179583167,2.530584314204906,15.89668604427424,72.6799511868517,8.494281463753541,17199255.0,40658.0
TXN03385,2021-01-12,Ahmedabad,Maninagar,22.995332362334,72.60058509248854,Apartment,2136.0,3,3,0,7,16,0,Semi-Furnished,2.8011354588996644,3.0725272528208207,2.103541228465607,15.682005423459442,70.72407356075136,8.968818315651575,15956875.0,35056.0
TXN03386,2022-08-05,Ahmedabad,Chandkheda,23.108862368792668,72.57995681805285,Apartment,946.0,2,3,15,10,18,0,Semi-Furnished,2.5300283529623893,3.864287751102164,2.696232669598286,6.209255490608927,82.09711694883649,10.707528152873886,6932512.0,15008.0
TXN03387,2025-12-11,Ahmedabad,Prahlad Nagar,23.007672829801432,72.50864922875888,Apartment,1043.0,2,1,21,1,15,1,Unfurnished,2.6903385716189723,2.6520099644073034,2.202741610958115,17.14629956178165,81.04274880204981,10.328687262606195,12424396.0,26797.0
TXN03388,2021-09-03,Ahmedabad,Satellite,23.030159830012078,72.5207667513437,Apartment,2109.0,3,4,3,1,4,1,Furnished,2.957685791924255,3.0078264162037893,2.372459458291782,13.163565287396718,84.26145725490555,10.505201032190524,29067028.0,58969.0
TXN03389,2022-11-29,Ahmedabad,Bopal,23.029828482174754,72.46110915283684,Row House,1036.0,2,2,9,9,19,2,Semi-Furnished,2.646744241244384,2.7743438496223183,2.3180480490696707,13.054557007517966,94.04237429172632,10.127780826529682,8454487.0,18794.0
TXN03390,2024-08-13,Ahmedabad,Bodakdev,23.03947752413797,72.50982013306715,Villa,1992.0,3,2,2,12,16,0,Semi-Furnished,2.3168095944961333,2.1807595272333438,2.9708173167288323,5.527978655564431,87.09120704476294,6.226959760101599,26243817.0,56294.0
TXN03391,2025-11-12,Ahmedabad,Shela,23.004775832355822,72.46934482476178,Apartment,935.0,2,3,14,6,13,0,Furnished,3.447087233967319,4.224069081257508,3.1786386907993047,5.699420450173965,86.74406165941264,11.91511127453187,7167637.0,14599.0
TXN03392,2021-06-12,Ahmedabad,Prahlad Nagar,23.00802390259356,72.50471883321607,Villa,2261.0,4,4,2,3,11,0,Unfurnished,2.5742432256737335,2.110569424892873,1.7301581731812232,22.18367123195639,74.7489252730866,8.590479873070132,23731343.0,62749.0
TXN03393,2021-03-21,Ahmedabad,Satellite,23.02306375696025,72.51728727343567,Apartment,2463.0,5,4,14,3,10,2,Furnished,2.0394571272088973,2.0863555328008743,1.710094162369261,23.554945408778515,62.67770666246251,7.679607348416164,26927601.0,68683.0
TXN03394,2021-01-03,Ahmedabad,Maninagar,23.00361042853166,72.60569008565058,Row House,1729.0,3,3,7,10,15,0,Semi-Furnished,3.377294286548373,2.9293381065662487,2.3087504268733494,17.69680819859551,64.96951758162106,9.768188194988102,12722542.0,30154.0
TXN03395,2024-08-09,Ahmedabad,Shela,23.001419821012153,72.47074722791253,Villa,2487.0,5,4,1,7,12,2,Furnished,2.7048252266818222,3.6088179523696584,2.740542629241756,5.0,85.98469265020265,10.349023207972513,19679250.0,41145.0
TXN03396,2020-02-24,Ahmedabad,Prahlad Nagar,23.013007564056174,72.51263700182659,Villa,2663.0,4,3,17,4,13,2,Semi-Furnished,1.5568150604804911,2.4070788691559057,1.8114444366697648,5.0,80.50016173077056,10.676879513088641,33063397.0,77871.0
TXN03397,2023-10-10,Ahmedabad,Maninagar,22.994824274849197,72.60014125294425,Apartment,2681.0,5,4,15,6,7,1,Unfurnished,3.0602489207062686,2.7505968157136933,2.7913526873677363,11.8556770014993,61.86231497691829,10.092206213840518,20921851.0,42221.0
TXN03398,2024-05-10,Ahmedabad,Gota,23.085463226992232,72.54144596691124,Apartment,2431.0,5,4,9,5,17,0,Unfurnished,2.77553395703891,4.216239505534821,2.5706034179015225,8.629707577362758,78.96994560194616,7.858721233855688,16617135.0,38947.0
TXN03399,2019-07-08,Ahmedabad,Bodakdev,23.03885704420105,72.50182099454659,Apartment,2169.0,3,2,18,2,15,2,Furnished,2.8230954835704107,2.525260269956111,1.8563672100871826,12.553833774926229,97.30946498204102,7.687803067031515,29578478.0,70876.0
TXN03400,2020-07-01,Ahmedabad,Shela,23.00521185921182,72.46245601883962,Apartment,1915.0,4,3,5,1,17,2,Semi-Furnished,3.356219424447622,3.9303371028004377,3.203799004797566,11.459834665693496,87.65088651824142,7.516346589601355,13249546.0,30027.0
TXN03401,2021-03-21,Ahmedabad,Thaltej,23.03805979719382,72.51534925990553,Apartment,2683.0,5,4,1,10,14,2,Furnished,2.7239717736079645,2.5871320796179265,2.253865190218251,16.31393601309359,71.81235801698608,9.094363501606422,31722010.0,60539.0
TXN03402,2023-03-14,Ahmedabad,Prahlad Nagar,23.012614446481724,72.50937359837614,Row House,1682.0,3,3,4,11,18,1,Semi-Furnished,1.8923009531502384,3.091610484767973,1.824969850294632,12.525649968191209,79.17491504616775,9.290677053583934,20528083.0,47965.0
TXN03403,2024-07-24,Ahmedabad,Bopal,23.03071568851205,72.46650009337269,Apartment,1168.0,2,2,6,8,17,1,Furnished,3.0355666760779534,2.2066016199494545,3.5509007428922255,14.727968854415142,88.22562381633641,9.24981544302596,10017096.0,21389.0
TXN03404,2019-05-09,Ahmedabad,Thaltej,23.051440797917582,72.5146591119638,Row House,2290.0,5,4,7,7,10,0,Semi-Furnished,2.149894762996988,3.394299448181988,1.9428208283581438,14.92922902909028,76.31185736334459,10.594814292058178,21482856.0,52818.0
TXN03405,2020-04-05,Ahmedabad,Vastrapur,23.04784299031291,72.52658881962527,Apartment,2728.0,5,4,21,10,12,2,Semi-Furnished,2.6631906103722773,3.425530685410066,1.8807026272802867,13.607509064583732,64.69123372486148,9.380097640563777,29129569.0,66447.0
TXN03406,2021-10-23,Ahmedabad,Satellite,23.03150648702375,72.5184252411533,Apartment,2236.0,4,4,11,11,15,0,Semi-Furnished,3.031957785590093,3.1964327048771803,2.605618450413071,18.601534391589404,69.84464051626124,7.251255135889128,22285755.0,60033.0
TXN03407,2019-04-07,Ahmedabad,Thaltej,23.049325559112415,72.5173608577506,Apartment,2389.0,5,4,21,5,15,0,Semi-Furnished,2.7770166363408726,2.851106001416961,2.8422389808056954,20.91506324583191,71.50260610789664,8.932367954336334,21837398.0,49016.0
TXN03408,2023-01-13,Ahmedabad,Chandkheda,23.11067556226595,72.57539758742485,Apartment,2666.0,5,4,16,3,14,2,Furnished,3.6737312906207125,4.053020516040359,3.08260655949929,13.771152960753081,77.31059184151397,10.266472097453796,20676731.0,45641.0
TXN03409,2020-02-07,Ahmedabad,Bopal,23.021169314881238,72.4636697806505,Apartment,1208.0,2,3,25,5,5,2,Semi-Furnished,1.9423078474008895,3.751443383605195,2.6545373375416257,11.38431603592098,82.25726348172238,10.838134985785247,9184838.0,23739.0
TXN03410,2023-01-18,Ahmedabad,Vastrapur,23.046087514174772,72.52599269542667,Apartment,1872.0,3,3,19,11,15,2,Furnished,2.9226530171929173,2.4844016878869066,2.6608780791330857,9.923018743085334,77.6258146772362,10.619779332095067,22842891.0,50674.0
TXN03411,2025-03-04,Ahmedabad,Vastrapur,23.03649024010237,72.5335345444834,Apartment,2400.0,4,4,25,12,19,1,Unfurnished,2.257504795405027,1.0348419473193253,2.628571475898426,18.42930045449139,79.08985283411981,8.54383024891692,24891789.0,53128.0
TXN03412,2023-05-31,Ahmedabad,Gota,23.08539081016991,72.53739064364919,Apartment,2302.0,3,3,5,12,15,1,Semi-Furnished,3.0175423548253635,3.302815225342326,2.5870626841687248,5.430838559506034,83.80779511368333,9.504102273493602,17251622.0,41427.0
TXN03413,2020-09-10,Ahmedabad,Gota,23.092644011792398,72.5332055209006,Apartment,1744.0,4,3,20,8,12,0,Semi-Furnished,2.5045595684154773,3.7917148017785607,2.587005298832592,11.901874163538436,82.53286404330039,8.923945061204751,13222104.0,30549.0
TXN03414,2025-03-16,Ahmedabad,Maninagar,22.9919590729776,72.60210246892629,Apartment,1411.0,2,1,22,1,17,1,Semi-Furnished,2.8157873732100676,3.1392415282876462,2.1034180207134923,11.98174149264342,67.74770518933038,5.778118079139943,10387946.0,23877.0
TXN03415,2024-01-30,Ahmedabad,Satellite,23.028466058729236,72.52029783692687,Apartment,805.0,2,2,6,3,18,1,Semi-Furnished,3.2011184176807603,2.086434045595026,1.5705290127121905,9.44096840811644,69.44856559933463,10.465261904868946,8829193.0,20880.0
TXN03416,2024-09-14,Ahmedabad,Thaltej,23.056275603932082,72.51413903244806,Row House,2143.0,5,4,4,3,12,0,Semi-Furnished,2.893858001754271,3.9497908155206143,2.932624413837397,6.953454765524261,76.38605904146905,8.119721481678875,20397256.0,51108.0
TXN03417,2025-02-13,Ahmedabad,Thaltej,23.047159291843492,72.51769799609578,Apartment,2428.0,5,4,6,10,17,0,Semi-Furnished,2.8700991180557436,2.0291051286731863,2.482862899852305,14.408814247031884,83.57053000659343,8.709729414280556,22450377.0,50850.0
TXN03418,2020-09-02,Ahmedabad,Bodakdev,23.037703224605885,72.50611669204248,Apartment,638.0,2,2,8,7,19,2,Furnished,1.987118027748704,2.564296130879324,1.8143630599931324,7.6067699213302955,84.00354298623533,10.693576530144494,10773945.0,19802.0
TXN03419,2025-01-14,Ahmedabad,Maninagar,22.985477725357196,72.60130586214152,Apartment,2533.0,4,4,0,2,8,1,Semi-Furnished,2.688224661079144,3.3834509596651454,2.8679528659606808,14.824216651272192,68.48968159773091,7.273097353247828,18748942.0,44906.0
TXN03420,2020-04-19,Ahmedabad,Vastrapur,23.03795697249166,72.52221428205918,Apartment,990.0,1,1,15,8,12,1,Semi-Furnished,2.49098330873111,3.071025813946792,2.5383686457855337,18.996088717057468,69.33077067930995,10.038637170431535,10491701.0,25155.0
TXN03421,2023-11-29,Ahmedabad,Satellite,23.02948740258072,72.51898265663051,Apartment,1584.0,3,4,1,5,5,0,Semi-Furnished,2.5079773098160656,2.7755020727477118,1.471327653348811,17.863097009386536,70.09070775110148,8.395732148310241,16814495.0,45162.0
TXN03422,2023-12-30,Ahmedabad,Bopal,23.025479238102804,72.47031456914496,Row House,1651.0,3,2,25,4,15,2,Furnished,2.4951554027579843,1.963714112943413,1.9062682128333224,13.14133543927971,78.30934364419468,11.110870004299656,14315829.0,29381.0
TXN03423,2025-05-26,Ahmedabad,Gota,23.090985679513864,72.53904551406347,Apartment,775.0,2,3,12,9,9,1,Furnished,3.2306703702915724,3.7441322142590856,2.698592576707515,7.926898000518227,73.62137934916393,7.118435322600684,6065140.0,14129.0
TXN03424,2019-03-25,Ahmedabad,Shela,23.011579282462833,72.46530111266938,Villa,1403.0,3,2,14,2,14,2,Semi-Furnished,2.5883671328195703,4.209797365778879,2.795887816983477,6.740857430501872,87.86016084430484,9.889076857473,9912444.0,21598.0
TXN03425,2021-06-09,Ahmedabad,Gota,23.0938354436663,72.53806925649302,Row House,2464.0,4,4,25,8,12,0,Unfurnished,2.164821931358075,3.559759692719516,2.9999039667409875,6.8000736773606505,87.80616973522847,11.483813052185138,17988729.0,37028.0
TXN03426,2020-02-11,Ahmedabad,Vastrapur,23.038609178870107,72.52993952922917,Apartment,1629.0,3,3,2,10,14,1,Semi-Furnished,2.849564642180819,3.622105606734835,1.998547730587866,8.603000170088684,90.26178325605784,8.40218609090643,19026662.0,38828.0
TXN03427,2025-03-13,Ahmedabad,Prahlad Nagar,23.01411949041317,72.51869037376844,Apartment,1827.0,4,4,14,2,17,1,Furnished,2.009992859176222,2.4498168836324097,2.4066876156276575,15.913538405077649,73.74609045853654,11.424035816563093,26008221.0,52484.0
TXN03428,2025-04-02,Ahmedabad,Gota,23.086600536825618,72.54178043201469,Apartment,2218.0,4,3,7,6,9,0,Semi-Furnished,3.121562897727128,1.9594831906247225,2.367216671591331,21.816825974955385,78.86024336729177,7.530104909537863,16171397.0,38727.0
TXN03429,2024-10-13,Ahmedabad,Bopal,23.038992464376918,72.46606592313314,Apartment,1493.0,3,2,2,2,19,2,Semi-Furnished,2.723998647818487,2.7437799069093103,2.6685364435069383,16.622378444498295,69.54849949155418,8.318532384387073,12331363.0,26284.0
TXN03430,2025-04-03,Ahmedabad,Prahlad Nagar,23.01692203618453,72.51132256770101,Apartment,1485.0,3,4,8,3,7,0,Semi-Furnished,2.6412933207651674,2.231132252665761,1.8135508813252457,11.83567931192523,78.1003252588672,8.756033962466033,17299352.0,43975.0
TXN03431,2022-08-16,Ahmedabad,Maninagar,22.99229350263061,72.60375219319124,Villa,2791.0,5,4,25,5,8,1,Unfurnished,2.769890804677605,1.8513656210614506,2.653094936969871,13.109118697843705,73.31221056526918,7.724234938395713,18868044.0,43459.0
TXN03432,2025-07-08,Ahmedabad,Bodakdev,23.03200364791495,72.5020409273668,Apartment,1637.0,3,4,23,5,15,2,Unfurnished,1.8908181497025478,2.4462091208746886,1.8606907307349414,8.800466684090749,89.30987976690588,9.32589837866329,20984258.0,46428.0
TXN03433,2025-02-05,Ahmedabad,Vastrapur,23.03780734059701,72.53023897706635,Apartment,1896.0,4,4,10,11,16,0,Furnished,1.560551052313802,4.360681641809153,1.8903330355393004,26.597685975794157,64.62714707649995,8.2398961697134,20495724.0,48106.0
TXN03434,2025-04-14,Ahmedabad,Bodakdev,23.035966623130616,72.50332851394069,Apartment,2147.0,4,4,13,2,4,1,Furnished,1.6042797669573385,3.9583766980383,2.3939262426793513,11.430153434184707,66.51070024452439,11.002985195430288,35811616.0,66022.0
TXN03435,2023-09-07,Ahmedabad,Shela,23.003039995639778,72.46244590750229,Apartment,2793.0,5,4,21,3,11,0,Unfurnished,2.201001078354383,3.9580931961725967,3.079133692753333,10.703347142415792,90.10833739052883,10.61118916361469,17695794.0,44171.0
TXN03436,2024-03-06,Ahmedabad,Bopal,23.027604507374196,72.45858086900202,Apartment,934.0,2,3,20,2,4,1,Unfurnished,3.938884273282961,3.0849651755927363,2.6755595469228712,11.568680195033306,79.07053695289673,10.171592294483359,7100390.0,15082.0
TXN03437,2023-11-20,Ahmedabad,Bodakdev,23.03476230106138,72.50997760270879,Apartment,1438.0,2,3,14,12,19,2,Semi-Furnished,2.086780913368483,2.132840425918494,2.635310232328827,5.890287903842166,79.84988914016846,10.094444077105962,18833019.0,42989.0
TXN03438,2024-03-15,Ahmedabad,Vastrapur,23.03906800553091,72.52653590830695,Villa,710.0,1,1,19,11,13,1,Furnished,2.62269952605785,1.910417416936681,2.5305224833484363,10.23784350728015,65.77111006869973,8.875669487366219,8304416.0,19216.0
TXN03439,2021-04-25,Ahmedabad,Maninagar,22.99492408076549,72.6019122535824,Apartment,2132.0,5,4,13,3,11,1,Unfurnished,1.5863050244504113,3.7386722719608976,2.716018563921766,5.0,66.061252825973,8.957602121450554,14359154.0,33613.0
TXN03440,2019-11-06,Ahmedabad,Chandkheda,23.107776651693165,72.5812229370525,Apartment,976.0,2,3,18,12,19,2,Unfurnished,3.188344744846324,3.4752472470318483,1.6619177206702451,12.445397187523273,85.3678196078285,11.549989043125953,6816306.0,15183.0
TXN03441,2022-02-16,Ahmedabad,Thaltej,23.058044453199855,72.50693091249023,Row House,2407.0,4,4,6,7,8,2,Furnished,3.2018156754910247,2.798911680742301,2.5798528888419012,5.0,74.4979146917263,7.458508352957759,24274880.0,57358.0
TXN03442,2021-09-07,Ahmedabad,Shela,23.011186944262427,72.46516440178388,Apartment,1222.0,2,1,10,6,15,1,Furnished,2.4692831713080547,3.2486275946989958,2.4687657217120806,13.007007266188625,78.83572421582744,8.640555207677822,8718483.0,19456.0
TXN03443,2022-11-19,Ahmedabad,Bodakdev,23.042336927095945,72.50665739828756,Apartment,1145.0,2,3,11,11,16,2,Furnished,2.2489213189142947,1.8668531458379385,1.2203495253442092,5.0,79.08121008694617,6.883766931869413,15485316.0,36918.0
TXN03444,2020-01-31,Ahmedabad,Bodakdev,23.046231047100775,72.49909788837097,Apartment,1542.0,3,4,2,8,15,0,Semi-Furnished,2.535034943542414,4.104172094089451,2.382426283745513,9.326970133821257,74.85873732923496,9.869942349010572,22141146.0,45865.0
TXN03445,2019-07-29,Ahmedabad,Gota,23.090576876595684,72.5364948688978,Row House,721.0,1,1,7,2,8,1,Semi-Furnished,2.601111686405066,4.340654529098964,2.181702449642399,5.748204465295973,78.31882626508798,5.343212968001656,5115471.0,12879.0
TXN03446,2022-07-08,Ahmedabad,Prahlad Nagar,23.01663137252654,72.5151530354493,Apartment,2043.0,4,4,10,12,15,1,Semi-Furnished,1.8701751370687614,2.6279925887288793,1.5836705149453185,13.188222242745296,77.84685464728183,7.736003900905276,25044040.0,54616.0
TXN03447,2020-12-22,Ahmedabad,Satellite,23.030252156789693,72.52042783557518,Apartment,905.0,2,2,21,7,13,2,Furnished,2.2706431509506624,2.725983877808775,1.9139992912895294,20.00955061009901,79.22490296822752,7.481920788226013,10841794.0,21951.0
TXN03448,2023-08-28,Ahmedabad,Satellite,23.03220565089689,72.52026854244961,Apartment,708.0,1,1,7,11,16,0,Unfurnished,3.428722736480748,2.330078586328998,2.3877146785208034,24.934430411417054,77.28505029694871,10.061762644496943,7889601.0,17445.0
TXN03449,2023-01-30,Ahmedabad,Chandkheda,23.112532286220112,72.58059227670688,Apartment,1083.0,2,1,12,3,16,2,Unfurnished,2.1046234328090074,3.256738027948828,2.759002810098555,14.219974139350722,67.00477109844859,8.535988662925455,7057341.0,16481.0
TXN03450,2024-02-06,Ahmedabad,Prahlad Nagar,23.01931346303052,72.5108099801141,Apartment,2687.0,5,4,18,5,14,1,Furnished,2.887339291959952,1.8283000354388428,2.0150904734479296,15.631042557744005,81.16701730163294,7.7219534426075125,37133081.0,79172.0
TXN03451,2019-10-01,Ahmedabad,Bopal,23.027993920150255,72.45666512527602,Apartment,1371.0,3,3,8,1,18,2,Unfurnished,2.442928554417056,3.3858633627195998,3.6190110220227267,7.009725966038548,95.03788573928225,10.27314960966945,10665272.0,22635.0
TXN03452,2025-08-09,Ahmedabad,Prahlad Nagar,23.00873772910937,72.51111899879184,Apartment,2040.0,4,4,1,1,15,2,Unfurnished,2.5762533392151363,2.2028417652906462,1.924332557529772,5.0,78.02246542650857,10.147129240391168,27242480.0,53533.0
TXN03453,2020-12-10,Ahmedabad,Shela,22.999854448764527,72.46946262163995,Apartment,2642.0,4,4,3,10,18,1,Semi-Furnished,3.715702851121625,3.3174779063729414,2.3848894796311266,5.0,75.71008956492065,9.793049251291292,19606088.0,39780.0
TXN03454,2025-11-10,Ahmedabad,Prahlad Nagar,23.00836608113068,72.50746117401268,Apartment,2153.0,3,3,9,11,17,1,Unfurnished,2.1988095138427624,1.9235140435445315,2.327868957930947,5.208011002877742,82.30684806021426,10.857104412584048,26481934.0,55670.0
TXN03455,2024-04-24,Ahmedabad,Shela,23.001241540210117,72.46781580112398,Apartment,2726.0,5,4,21,10,12,0,Furnished,3.55699450880911,3.8849059715405994,2.4422224893919293,5.0,82.69293422997544,13.0,20557469.0,44156.0
TXN03456,2022-07-10,Ahmedabad,Shela,23.001210877157128,72.45958082070325,Apartment,2177.0,4,4,19,12,19,2,Unfurnished,3.6002379947525567,4.238173655039899,2.5991218867072985,10.560582318620755,92.50017360697933,9.02222895586118,14546982.0,33775.0
TXN03457,2021-02-26,Ahmedabad,Chandkheda,23.111494654770443,72.58220110862847,Apartment,2213.0,4,4,1,7,19,0,Furnished,3.0619481085978366,3.558622177504241,2.7920339490516968,7.747525695270607,76.86237512155277,10.828521291117632,18783901.0,38978.0
TXN03458,2021-01-22,Ahmedabad,Prahlad Nagar,23.01458825679247,72.50928904781303,Apartment,867.0,3,2,4,3,17,2,Semi-Furnished,1.808013195254551,2.5905583605546245,2.2618908482611344,21.6524603441229,72.58037928300381,7.819273683740418,11060417.0,24698.0
TXN03459,2024-12-06,Ahmedabad,Satellite,23.03721419619078,72.52219047354133,Apartment,2073.0,4,4,0,12,16,2,Furnished,2.63186225162284,1.8465785719177354,2.6700235867220434,12.717039673655972,72.93645298362439,8.805883408491601,27712761.0,60907.0
TXN03460,2025-12-29,Ahmedabad,Vastrapur,23.045151422425917,72.53507012665911,Apartment,1564.0,2,3,19,7,17,1,Semi-Furnished,2.177527983378354,2.8888024210430747,2.600478124013813,21.14316993359519,71.1048615540942,10.990613365041082,16750237.0,39926.0
TXN03461,2021-08-11,Ahmedabad,Bodakdev,23.03629823333943,72.50453520429032,Apartment,1041.0,2,3,25,3,7,2,Unfurnished,1.9636786624342903,2.6832748847753067,1.806405299385593,10.666630807081892,84.11602610713018,10.260858182107778,13804501.0,31176.0
TXN03462,2023-10-27,Ahmedabad,Thaltej,23.047137510907582,72.51694522036487,Apartment,2078.0,4,4,24,11,13,2,Furnished,2.4627509190890273,2.657745103306841,2.1788035836711552,5.0,80.79987236958793,6.953466839119688,20120342.0,51827.0
TXN03463,2019-04-30,Ahmedabad,Prahlad Nagar,23.01159614376873,72.51782780871356,Apartment,683.0,1,2,20,12,13,1,Semi-Furnished,1.330985687603285,2.5337630332778645,2.4373729496415297,13.023868031191636,78.90999590336031,8.038810496343071,8508882.0,20504.0
TXN03464,2025-08-28,Ahmedabad,Shela,23.010927420049207,72.46655388163046,Apartment,885.0,2,3,12,11,11,1,Furnished,2.8263610947984366,3.2366580189698424,2.899445873698717,7.4919066845062945,94.19737761695569,7.868011031255118,6487233.0,14344.0
TXN03465,2021-10-07,Ahmedabad,Shela,23.005695441157336,72.47101156598268,Apartment,784.0,1,1,14,3,14,1,Unfurnished,3.1092329819757714,3.7223989345460056,3.8559657284241253,5.0,90.22351224829178,9.782876721045918,4736571.0,11228.0
TXN03466,2024-06-22,Ahmedabad,Bodakdev,23.04365145068081,72.50404898289112,Apartment,2670.0,5,4,22,1,14,2,Semi-Furnished,2.53661996336895,3.120297499529631,2.5325419438620087,10.528697930050074,81.87202345598519,10.506232093209125,40383224.0,75931.0
TXN03467,2021-04-29,Ahmedabad,Satellite,23.027820601129882,72.51728705297735,Apartment,2085.0,4,4,20,3,10,2,Semi-Furnished,2.439311873076517,1.6091962946440983,1.750233127750319,15.246139061820674,73.69630559069743,9.468976938798033,24455386.0,53239.0
TXN03468,2021-07-05,Ahmedabad,Prahlad Nagar,23.01845197859094,72.51000616909346,Row House,1638.0,3,3,9,8,8,2,Semi-Furnished,2.205278783348907,2.381353676968729,3.3552357753784845,16.57600008257359,73.67103782006411,9.750210510132787,20735973.0,43626.0
TXN03469,2025-01-28,Ahmedabad,Shela,22.99830568745368,72.4650976296918,Apartment,1333.0,2,2,20,10,16,1,Unfurnished,2.636723710002209,4.209408470238873,2.8000350909173424,5.0,96.34667800888802,8.228765480003664,8071024.0,18439.0
TXN03470,2019-02-16,Ahmedabad,Bopal,23.023072835398494,72.46859345480192,Apartment,2099.0,5,4,22,1,12,0,Furnished,1.7731632746294568,3.490956219696825,2.4621015356244556,5.0,92.30699140718946,8.31850841981684,17709269.0,38280.0
TXN03471,2020-09-14,Ahmedabad,Bopal,23.02585648628573,72.46770681214826,Row House,2489.0,4,4,25,5,6,0,Semi-Furnished,2.349104239235436,3.4730345969080556,2.094322244547807,15.014084011627919,89.12046926199818,10.098105375362884,18743606.0,45699.0
TXN03472,2020-10-23,Ahmedabad,Vastrapur,23.03612095977803,72.53513082956927,Villa,576.0,1,1,22,10,14,2,Furnished,2.943088456222267,2.3433570841258584,2.2747091446696475,6.095141390097941,73.94769883493063,10.413749521608057,7087519.0,14893.0
TXN03473,2019-12-14,Ahmedabad,Chandkheda,23.10783262433098,72.57667364150097,Row House,776.0,1,1,23,2,12,2,Semi-Furnished,3.4189131717642978,4.941130557398082,3.038292286777338,5.0,77.72213308260646,9.393406649123452,5656902.0,13998.0
TXN03474,2021-04-17,Ahmedabad,Bopal,23.022762234641977,72.47057797551764,Apartment,1095.0,2,2,3,8,11,1,Semi-Furnished,2.4852724192359257,2.9088866078257722,1.9064064333956634,6.4922681265765165,84.95021082979865,5.941183105544672,8058701.0,19024.0
TXN03475,2019-12-24,Ahmedabad,Bodakdev,23.041353401522574,72.50543642032548,Row House,2165.0,4,4,2,3,10,1,Semi-Furnished,2.8067911366949856,2.5802122096923528,1.8652715339255561,8.956425342603682,87.2448116921643,9.359987211903405,27961793.0,73169.0
TXN03476,2020-04-15,Ahmedabad,Bodakdev,23.043531352738768,72.50326151214128,Apartment,747.0,1,1,0,6,13,2,Unfurnished,1.8944181222454757,3.3073139218238734,2.242599775821208,21.339142892191134,84.43861515694567,11.122252074006093,10389287.0,20948.0
TXN03477,2022-04-19,Ahmedabad,Shela,23.006472902630122,72.4610168536681,Apartment,2312.0,4,4,21,5,12,0,Unfurnished,2.585596184042652,4.115926469079356,3.0422205063158616,13.564737594731604,87.81565039000078,8.4611983072177,13668235.0,36751.0
TXN03478,2024-02-24,Ahmedabad,Shela,22.99829420295697,72.46816799600627,Villa,2642.0,5,4,11,4,5,1,Semi-Furnished,2.919419862945249,2.8040672102399364,3.977425740674752,15.70732757141373,92.28620420579236,10.050177698616858,17963032.0,39297.0
TXN03479,2022-06-06,Ahmedabad,Prahlad Nagar,23.01457204981764,72.50575515320101,Apartment,2498.0,4,4,14,6,16,0,Furnished,2.070449268187975,4.329536440548091,2.09954503428205,5.2708921720261595,71.71490354393879,9.81926809683619,32813347.0,73157.0
TXN03480,2019-11-26,Ahmedabad,Thaltej,23.054664176897848,72.51201384517827,Apartment,1956.0,3,2,1,10,17,0,Semi-Furnished,2.843927250838787,2.8202228228599204,2.639206038800899,5.0,77.15866669841441,9.42038355953561,19364277.0,41167.0
TXN03481,2024-06-25,Ahmedabad,Maninagar,22.993010908534,72.5986327138176,Villa,2188.0,4,3,17,10,14,2,Semi-Furnished,2.579785237097862,3.1813860785809474,2.6880045112403903,20.43722661965334,63.685846833999996,7.468575688675206,16321281.0,36437.0
TXN03482,2021-09-21,Ahmedabad,Vastrapur,23.040667683430065,72.52692919034307,Apartment,751.0,2,3,0,6,10,1,Semi-Furnished,2.053926568374077,3.4272454281505085,1.865572422767324,14.539418716795748,73.49552330676498,11.688312554454637,8908839.0,16659.0
TXN03483,2025-01-12,Ahmedabad,Shela,23.011188302340393,72.47217221394945,Villa,1183.0,2,2,25,9,14,2,Semi-Furnished,3.374742542189987,2.906857671735742,3.9205359548604815,8.545521629012041,83.93702713147273,10.40938614735725,8375189.0,17535.0
TXN03484,2025-07-08,Ahmedabad,Maninagar,22.98825345708962,72.59890685233283,Apartment,1626.0,3,4,3,8,8,2,Furnished,3.2937959414088755,2.376270901417173,2.827918377166636,22.885145719285518,75.23562599581541,7.740650282173832,11934496.0,29532.0
TXN03485,2019-04-20,Ahmedabad,Chandkheda,23.1082702668102,72.58396819229661,Apartment,1852.0,4,4,9,7,18,1,Semi-Furnished,3.0835807529103043,4.125297278319664,1.8661686078732704,21.131832628178593,78.32917151094273,8.236041349501594,12733506.0,27415.0
TXN03486,2021-02-24,Ahmedabad,Bopal,23.034255202527277,72.4713193654997,Apartment,1240.0,2,3,24,5,18,0,Unfurnished,2.2772978906739563,3.0867987808906245,1.5706341747577615,13.509649170209553,81.66693701286606,9.588089297515557,9261416.0,21391.0
TXN03487,2025-04-06,Ahmedabad,Gota,23.088380110632162,72.53857205034755,Apartment,716.0,2,2,7,12,12,0,Furnished,3.1153630909417487,3.7762551183363096,2.9185884165588285,13.866431967256682,76.87019787970053,10.141146499706501,5939139.0,13404.0
TXN03488,2021-04-20,Ahmedabad,Bodakdev,23.038489244245277,72.50569882493998,Apartment,2546.0,5,4,8,11,19,0,Unfurnished,1.322164231228842,3.8923917280517863,1.9187506903827904,5.846258058213908,75.39273530108954,11.06343008068346,33510465.0,70155.0
TXN03489,2019-02-05,Ahmedabad,Maninagar,22.992916225775087,72.59855738464648,Villa,1978.0,4,4,16,7,16,0,Semi-Furnished,2.3968837446650726,2.175604230458064,3.2415085239016657,27.782787609027906,61.959218431839766,9.615832161001109,13778303.0,34888.0
TXN03490,2022-02-25,Ahmedabad,Prahlad Nagar,23.005181550567677,72.50969724333433,Apartment,1671.0,3,3,20,2,10,1,Semi-Furnished,1.7233968915928257,3.312207807320108,1.7668246915717825,14.29163867543965,72.45060705826006,8.537543396558542,21470056.0,45585.0
TXN03491,2019-06-28,Ahmedabad,Gota,23.086393383223328,72.54036812753377,Apartment,1713.0,4,3,22,1,4,1,Semi-Furnished,2.6439260916393166,2.6200102720632783,1.629852561140071,8.599674586663241,76.37577283145525,8.33793370416109,12894442.0,32670.0
TXN03492,2020-12-15,Ahmedabad,Gota,23.088094135482905,72.54064424009968,Apartment,2486.0,4,3,12,8,9,1,Semi-Furnished,2.8080346149571827,3.014321356115734,3.8221617306146594,11.960877195798833,81.7008478200485,9.54129729618213,20120214.0,43457.0
TXN03493,2020-08-19,Ahmedabad,Thaltej,23.044519150545366,72.52354976083329,Apartment,2475.0,5,4,3,11,18,1,Furnished,2.301109620267593,3.0845772406311256,2.677851056296112,20.670020356454053,71.6844036505774,7.260137805543572,24191220.0,56520.0
TXN03494,2020-04-19,Ahmedabad,Vastrapur,23.03145021739956,72.52838183891467,Apartment,1073.0,2,3,3,9,14,2,Semi-Furnished,2.181514449513415,3.440660239013218,1.6671475165131464,21.982750843361273,69.60218567827141,9.54793332454437,12693052.0,26564.0
TXN03495,2019-11-27,Ahmedabad,Thaltej,23.05427021513127,72.51240715607729,Villa,2423.0,4,4,14,5,15,1,Semi-Furnished,3.0528214521082564,2.8452872709246826,1.9043568037989878,20.55305670308399,77.53209592120187,7.362152717789375,21094427.0,54093.0
TXN03496,2019-10-20,Ahmedabad,Gota,23.08605792984136,72.53837897714632,Row House,647.0,1,1,18,9,15,1,Semi-Furnished,3.2713904369330016,3.8268674638892186,3.009644159142535,6.660678662216764,76.93283708839722,10.623847924200605,5214760.0,11109.0
TXN03497,2020-01-28,Ahmedabad,Gota,23.090277630689343,72.5410861609577,Apartment,1379.0,3,3,18,4,16,0,Semi-Furnished,3.3576547396677237,2.7385028695232636,1.4629652303364982,12.297672192265285,80.34162107922812,7.60401238301821,9223781.0,23441.0
TXN03498,2021-07-20,Ahmedabad,Gota,23.095446498278854,72.54102759808609,Apartment,1958.0,4,4,23,7,19,2,Furnished,2.7772016497646153,2.8802498241240437,3.5550302974994765,12.361051028969673,83.45003827698004,7.766638380524359,16646856.0,35368.0
TXN03499,2024-03-12,Ahmedabad,Shela,23.006846840563043,72.47442408571663,Apartment,1045.0,2,1,20,5,12,2,Unfurnished,3.054648471602208,3.4766501184156353,1.802151306284453,11.432453152869618,79.23946427284925,8.541540435516566,6285914.0,13805.0
TXN03500,2021-08-15,Ahmedabad,Prahlad Nagar,23.011089059520952,72.50178677108866,Apartment,2130.0,4,3,3,10,13,1,Semi-Furnished,2.5259536587428664,1.9841553636357911,2.272001385523815,18.908897244092532,79.9580676125918,10.091512931708168,27818825.0,58574.0
